Network: MK_UNet | Channels: [16, 32, 64, 96, 160]
[INFO] Register count_convNd() for <class 'torch.nn.modules.conv.Conv2d'>.
[INFO] Register count_normalization() for <class 'torch.nn.modules.batchnorm.BatchNorm2d'>.
[INFO] Register zero_ops() for <class 'torch.nn.modules.activation.ReLU6'>.
[INFO] Register zero_ops() for <class 'torch.nn.modules.container.Sequential'>.
[INFO] Register zero_ops() for <class 'torch.nn.modules.activation.ReLU'>.
[INFO] Register count_adap_avgpool() for <class 'torch.nn.modules.pooling.AdaptiveAvgPool2d'>.
[INFO] Register zero_ops() for <class 'torch.nn.modules.pooling.AdaptiveMaxPool2d'>.
flops 0.619251354
params 0.315566
Total params: 0.32M
2026-09-18 17:08:26.352815 Epoch [001/200], Step [0031/0031], LR: 0.000100, Loss: 1.3207
Epoch: 1, Dataset: test, Dice: 0.3512, IoU: 0.2304
Epoch: 1, Dataset: val, Dice: 0.3419, IoU: 0.2258
### Best Model Saved (Dice improved from 0.0000 to 0.3419) ###
2026-09-18 17:08:43.903237 Epoch [002/200], Step [0031/0031], LR: 0.000100, Loss: 1.1782
Epoch: 2, Dataset: test, Dice: 0.4777, IoU: 0.3383
Epoch: 2, Dataset: val, Dice: 0.4990, IoU: 0.3655
### Best Model Saved (Dice improved from 0.3419 to 0.4990) ###
2026-09-18 17:09:01.279704 Epoch [003/200], Step [0031/0031], LR: 0.000100, Loss: 1.0679
Epoch: 3, Dataset: test, Dice: 0.4277, IoU: 0.2936
Epoch: 3, Dataset: val, Dice: 0.4777, IoU: 0.3446
2026-09-18 17:09:18.420876 Epoch [004/200], Step [0031/0031], LR: 0.000100, Loss: 0.9431
Epoch: 4, Dataset: test, Dice: 0.4997, IoU: 0.3600
Epoch: 4, Dataset: val, Dice: 0.5397, IoU: 0.4021
### Best Model Saved (Dice improved from 0.4990 to 0.5397) ###
2026-09-18 17:09:35.848422 Epoch [005/200], Step [0031/0031], LR: 0.000100, Loss: 0.8033
Epoch: 5, Dataset: test, Dice: 0.5223, IoU: 0.3848
Epoch: 5, Dataset: val, Dice: 0.5393, IoU: 0.3987
2026-09-18 17:09:53.205078 Epoch [006/200], Step [0031/0031], LR: 0.000100, Loss: 0.6820
Epoch: 6, Dataset: test, Dice: 0.7189, IoU: 0.5988
Epoch: 6, Dataset: val, Dice: 0.6578, IoU: 0.5362
### Best Model Saved (Dice improved from 0.5397 to 0.6578) ###
2026-09-18 17:10:10.683562 Epoch [007/200], Step [0031/0031], LR: 0.000100, Loss: 0.5844
Epoch: 7, Dataset: test, Dice: 0.6795, IoU: 0.5454
Epoch: 7, Dataset: val, Dice: 0.6342, IoU: 0.5045
2026-09-18 17:10:28.017588 Epoch [008/200], Step [0031/0031], LR: 0.000100, Loss: 0.5312
Epoch: 8, Dataset: test, Dice: 0.7324, IoU: 0.6093
Epoch: 8, Dataset: val, Dice: 0.6813, IoU: 0.5567
### Best Model Saved (Dice improved from 0.6578 to 0.6813) ###
2026-09-18 17:10:45.336258 Epoch [009/200], Step [0031/0031], LR: 0.000100, Loss: 0.4671
Epoch: 9, Dataset: test, Dice: 0.7042, IoU: 0.5856
Epoch: 9, Dataset: val, Dice: 0.6754, IoU: 0.5535
2026-09-18 17:11:02.503428 Epoch [010/200], Step [0031/0031], LR: 0.000100, Loss: 0.4544
Epoch: 10, Dataset: test, Dice: 0.6904, IoU: 0.5821
Epoch: 10, Dataset: val, Dice: 0.6590, IoU: 0.5533
2026-09-18 17:11:19.742275 Epoch [011/200], Step [0031/0031], LR: 0.000100, Loss: 0.4072
Epoch: 11, Dataset: test, Dice: 0.7214, IoU: 0.6033
Epoch: 11, Dataset: val, Dice: 0.7054, IoU: 0.5822
### Best Model Saved (Dice improved from 0.6813 to 0.7054) ###
2026-09-18 17:11:37.149839 Epoch [012/200], Step [0031/0031], LR: 0.000100, Loss: 0.3785
Epoch: 12, Dataset: test, Dice: 0.7359, IoU: 0.6215
Epoch: 12, Dataset: val, Dice: 0.7093, IoU: 0.5888
### Best Model Saved (Dice improved from 0.7054 to 0.7093) ###
2026-09-18 17:11:54.846562 Epoch [013/200], Step [0031/0031], LR: 0.000100, Loss: 0.3579
Epoch: 13, Dataset: test, Dice: 0.8174, IoU: 0.7294
Epoch: 13, Dataset: val, Dice: 0.7465, IoU: 0.6484
### Best Model Saved (Dice improved from 0.7093 to 0.7465) ###
2026-09-18 17:12:12.488209 Epoch [014/200], Step [0031/0031], LR: 0.000100, Loss: 0.3378
Epoch: 14, Dataset: test, Dice: 0.8223, IoU: 0.7344
Epoch: 14, Dataset: val, Dice: 0.7631, IoU: 0.6598
### Best Model Saved (Dice improved from 0.7465 to 0.7631) ###
2026-09-18 17:12:30.180968 Epoch [015/200], Step [0031/0031], LR: 0.000100, Loss: 0.3204
Epoch: 15, Dataset: test, Dice: 0.8375, IoU: 0.7567
Epoch: 15, Dataset: val, Dice: 0.7883, IoU: 0.6881
### Best Model Saved (Dice improved from 0.7631 to 0.7883) ###
2026-09-18 17:12:47.570779 Epoch [016/200], Step [0031/0031], LR: 0.000100, Loss: 0.2936
Epoch: 16, Dataset: test, Dice: 0.8071, IoU: 0.7198
Epoch: 16, Dataset: val, Dice: 0.7699, IoU: 0.6711
2026-09-18 17:13:05.261092 Epoch [017/200], Step [0031/0031], LR: 0.000100, Loss: 0.2919
Epoch: 17, Dataset: test, Dice: 0.8350, IoU: 0.7511
Epoch: 17, Dataset: val, Dice: 0.7864, IoU: 0.6886
2026-09-18 17:13:22.577573 Epoch [018/200], Step [0031/0031], LR: 0.000100, Loss: 0.2674
Epoch: 18, Dataset: test, Dice: 0.8461, IoU: 0.7695
Epoch: 18, Dataset: val, Dice: 0.7842, IoU: 0.6958
2026-09-18 17:13:39.957571 Epoch [019/200], Step [0031/0031], LR: 0.000100, Loss: 0.2748
Epoch: 19, Dataset: test, Dice: 0.7356, IoU: 0.6269
Epoch: 19, Dataset: val, Dice: 0.7277, IoU: 0.6174
2026-09-18 17:13:57.586752 Epoch [020/200], Step [0031/0031], LR: 0.000100, Loss: 0.2511
Epoch: 20, Dataset: test, Dice: 0.8223, IoU: 0.7393
Epoch: 20, Dataset: val, Dice: 0.7862, IoU: 0.6868
2026-09-18 17:14:15.030078 Epoch [021/200], Step [0031/0031], LR: 0.000100, Loss: 0.2555
Epoch: 21, Dataset: test, Dice: 0.7853, IoU: 0.6927
Epoch: 21, Dataset: val, Dice: 0.7756, IoU: 0.6792
2026-09-18 17:14:32.714451 Epoch [022/200], Step [0031/0031], LR: 0.000100, Loss: 0.2482
Epoch: 22, Dataset: test, Dice: 0.8580, IoU: 0.7778
Epoch: 22, Dataset: val, Dice: 0.7974, IoU: 0.6998
### Best Model Saved (Dice improved from 0.7883 to 0.7974) ###
2026-09-18 17:14:50.318307 Epoch [023/200], Step [0031/0031], LR: 0.000100, Loss: 0.2451
Epoch: 23, Dataset: test, Dice: 0.8578, IoU: 0.7857
Epoch: 23, Dataset: val, Dice: 0.8241, IoU: 0.7319
### Best Model Saved (Dice improved from 0.7974 to 0.8241) ###
2026-09-18 17:15:07.833292 Epoch [024/200], Step [0031/0031], LR: 0.000100, Loss: 0.2288
Epoch: 24, Dataset: test, Dice: 0.8665, IoU: 0.7979
Epoch: 24, Dataset: val, Dice: 0.8165, IoU: 0.7301
2026-09-18 17:15:25.488801 Epoch [025/200], Step [0031/0031], LR: 0.000100, Loss: 0.2237
Epoch: 25, Dataset: test, Dice: 0.8275, IoU: 0.7388
Epoch: 25, Dataset: val, Dice: 0.7746, IoU: 0.6703
2026-09-18 17:15:43.076708 Epoch [026/200], Step [0031/0031], LR: 0.000100, Loss: 0.2167
Epoch: 26, Dataset: test, Dice: 0.8115, IoU: 0.7214
Epoch: 26, Dataset: val, Dice: 0.7858, IoU: 0.6864
2026-09-18 17:16:00.569767 Epoch [027/200], Step [0031/0031], LR: 0.000100, Loss: 0.2159
Epoch: 27, Dataset: test, Dice: 0.8782, IoU: 0.8114
Epoch: 27, Dataset: val, Dice: 0.8121, IoU: 0.7223
2026-09-18 17:16:18.054342 Epoch [028/200], Step [0031/0031], LR: 0.000100, Loss: 0.2020
Epoch: 28, Dataset: test, Dice: 0.8783, IoU: 0.8069
Epoch: 28, Dataset: val, Dice: 0.8226, IoU: 0.7324
2026-09-18 17:16:35.465142 Epoch [029/200], Step [0031/0031], LR: 0.000100, Loss: 0.1973
Epoch: 29, Dataset: test, Dice: 0.8695, IoU: 0.8022
Epoch: 29, Dataset: val, Dice: 0.7936, IoU: 0.7040
2026-09-18 17:16:52.803117 Epoch [030/200], Step [0031/0031], LR: 0.000100, Loss: 0.1882
Epoch: 30, Dataset: test, Dice: 0.8415, IoU: 0.7667
Epoch: 30, Dataset: val, Dice: 0.8140, IoU: 0.7302
2026-09-18 17:17:10.046726 Epoch [031/200], Step [0031/0031], LR: 0.000100, Loss: 0.1866
Epoch: 31, Dataset: test, Dice: 0.8686, IoU: 0.8057
Epoch: 31, Dataset: val, Dice: 0.8402, IoU: 0.7599
### Best Model Saved (Dice improved from 0.8241 to 0.8402) ###
2026-09-18 17:17:27.253577 Epoch [032/200], Step [0031/0031], LR: 0.000100, Loss: 0.1827
Epoch: 32, Dataset: test, Dice: 0.8325, IoU: 0.7512
Epoch: 32, Dataset: val, Dice: 0.7989, IoU: 0.7059
2026-09-18 17:17:44.390036 Epoch [033/200], Step [0031/0031], LR: 0.000100, Loss: 0.1940
Epoch: 33, Dataset: test, Dice: 0.8411, IoU: 0.7642
Epoch: 33, Dataset: val, Dice: 0.8078, IoU: 0.7205
2026-09-18 17:18:01.786600 Epoch [034/200], Step [0031/0031], LR: 0.000100, Loss: 0.1850
Epoch: 34, Dataset: test, Dice: 0.8610, IoU: 0.7851
Epoch: 34, Dataset: val, Dice: 0.8169, IoU: 0.7322
2026-09-18 17:18:18.986897 Epoch [035/200], Step [0031/0031], LR: 0.000100, Loss: 0.1783
Epoch: 35, Dataset: test, Dice: 0.8638, IoU: 0.7937
Epoch: 35, Dataset: val, Dice: 0.8042, IoU: 0.7160
2026-09-18 17:18:36.122080 Epoch [036/200], Step [0031/0031], LR: 0.000100, Loss: 0.1803
Epoch: 36, Dataset: test, Dice: 0.8357, IoU: 0.7518
Epoch: 36, Dataset: val, Dice: 0.8027, IoU: 0.7088
2026-09-18 17:18:53.197011 Epoch [037/200], Step [0031/0031], LR: 0.000100, Loss: 0.1785
Epoch: 37, Dataset: test, Dice: 0.8797, IoU: 0.8169
Epoch: 37, Dataset: val, Dice: 0.8316, IoU: 0.7447
2026-09-18 17:19:10.209344 Epoch [038/200], Step [0031/0031], LR: 0.000100, Loss: 0.1667
Epoch: 38, Dataset: test, Dice: 0.8745, IoU: 0.8092
Epoch: 38, Dataset: val, Dice: 0.8496, IoU: 0.7708
### Best Model Saved (Dice improved from 0.8402 to 0.8496) ###
2026-09-18 17:19:27.492123 Epoch [039/200], Step [0031/0031], LR: 0.000100, Loss: 0.1641
Epoch: 39, Dataset: test, Dice: 0.8729, IoU: 0.8062
Epoch: 39, Dataset: val, Dice: 0.8165, IoU: 0.7296
2026-09-18 17:19:44.583603 Epoch [040/200], Step [0031/0031], LR: 0.000100, Loss: 0.1719
Epoch: 40, Dataset: test, Dice: 0.7292, IoU: 0.6212
Epoch: 40, Dataset: val, Dice: 0.7126, IoU: 0.5926
2026-09-18 17:20:01.713824 Epoch [041/200], Step [0031/0031], LR: 0.000100, Loss: 0.1806
Epoch: 41, Dataset: test, Dice: 0.8700, IoU: 0.7987
Epoch: 41, Dataset: val, Dice: 0.8211, IoU: 0.7378
2026-09-18 17:20:19.292269 Epoch [042/200], Step [0031/0031], LR: 0.000100, Loss: 0.1638
Epoch: 42, Dataset: test, Dice: 0.8864, IoU: 0.8225
Epoch: 42, Dataset: val, Dice: 0.8302, IoU: 0.7446
2026-09-18 17:20:36.498618 Epoch [043/200], Step [0031/0031], LR: 0.000100, Loss: 0.1566
Epoch: 43, Dataset: test, Dice: 0.8796, IoU: 0.8129
Epoch: 43, Dataset: val, Dice: 0.8243, IoU: 0.7325
2026-09-18 17:20:53.945492 Epoch [044/200], Step [0031/0031], LR: 0.000100, Loss: 0.1535
Epoch: 44, Dataset: test, Dice: 0.8664, IoU: 0.7969
Epoch: 44, Dataset: val, Dice: 0.8299, IoU: 0.7422
2026-09-18 17:21:10.968904 Epoch [045/200], Step [0031/0031], LR: 0.000100, Loss: 0.1499
Epoch: 45, Dataset: test, Dice: 0.8343, IoU: 0.7517
Epoch: 45, Dataset: val, Dice: 0.7983, IoU: 0.7096
2026-09-18 17:21:28.311861 Epoch [046/200], Step [0031/0031], LR: 0.000100, Loss: 0.1601
Epoch: 46, Dataset: test, Dice: 0.8568, IoU: 0.7822
Epoch: 46, Dataset: val, Dice: 0.8152, IoU: 0.7253
2026-09-18 17:21:46.148606 Epoch [047/200], Step [0031/0031], LR: 0.000100, Loss: 0.1562
Epoch: 47, Dataset: test, Dice: 0.8607, IoU: 0.7947
Epoch: 47, Dataset: val, Dice: 0.8342, IoU: 0.7518
2026-09-18 17:22:03.229448 Epoch [048/200], Step [0031/0031], LR: 0.000100, Loss: 0.1488
Epoch: 48, Dataset: test, Dice: 0.8676, IoU: 0.7998
Epoch: 48, Dataset: val, Dice: 0.8343, IoU: 0.7529
2026-09-18 17:22:21.345136 Epoch [049/200], Step [0031/0031], LR: 0.000100, Loss: 0.1469
Epoch: 49, Dataset: test, Dice: 0.8682, IoU: 0.8008
Epoch: 49, Dataset: val, Dice: 0.8220, IoU: 0.7358
2026-09-18 17:22:38.499136 Epoch [050/200], Step [0031/0031], LR: 0.000100, Loss: 0.1464
Epoch: 50, Dataset: test, Dice: 0.8723, IoU: 0.8073
Epoch: 50, Dataset: val, Dice: 0.8406, IoU: 0.7620
2026-09-18 17:22:55.899249 Epoch [051/200], Step [0031/0031], LR: 0.000100, Loss: 0.1444
Epoch: 51, Dataset: test, Dice: 0.8473, IoU: 0.7709
Epoch: 51, Dataset: val, Dice: 0.8156, IoU: 0.7222
2026-09-18 17:23:12.868309 Epoch [052/200], Step [0031/0031], LR: 0.000100, Loss: 0.1423
Epoch: 52, Dataset: test, Dice: 0.8857, IoU: 0.8199
Epoch: 52, Dataset: val, Dice: 0.8387, IoU: 0.7591
2026-09-18 17:23:30.408399 Epoch [053/200], Step [0031/0031], LR: 0.000100, Loss: 0.1400
Epoch: 53, Dataset: test, Dice: 0.8625, IoU: 0.7969
Epoch: 53, Dataset: val, Dice: 0.8399, IoU: 0.7594
2026-09-18 17:23:47.780254 Epoch [054/200], Step [0031/0031], LR: 0.000100, Loss: 0.1348
Epoch: 54, Dataset: test, Dice: 0.8692, IoU: 0.8063
Epoch: 54, Dataset: val, Dice: 0.8466, IoU: 0.7664
2026-09-18 17:24:05.352566 Epoch [055/200], Step [0031/0031], LR: 0.000100, Loss: 0.1371
Epoch: 55, Dataset: test, Dice: 0.8672, IoU: 0.8059
Epoch: 55, Dataset: val, Dice: 0.8231, IoU: 0.7369
2026-09-18 17:24:22.464487 Epoch [056/200], Step [0031/0031], LR: 0.000100, Loss: 0.1356
Epoch: 56, Dataset: test, Dice: 0.8534, IoU: 0.7824
Epoch: 56, Dataset: val, Dice: 0.8366, IoU: 0.7522
2026-09-18 17:24:40.862770 Epoch [057/200], Step [0031/0031], LR: 0.000100, Loss: 0.1319
Epoch: 57, Dataset: test, Dice: 0.8603, IoU: 0.7932
Epoch: 57, Dataset: val, Dice: 0.8321, IoU: 0.7450
2026-09-18 17:24:58.863232 Epoch [058/200], Step [0031/0031], LR: 0.000100, Loss: 0.1281
Epoch: 58, Dataset: test, Dice: 0.8862, IoU: 0.8232
Epoch: 58, Dataset: val, Dice: 0.8317, IoU: 0.7477
2026-09-18 17:25:16.248589 Epoch [059/200], Step [0031/0031], LR: 0.000100, Loss: 0.1288
Epoch: 59, Dataset: test, Dice: 0.8759, IoU: 0.8077
Epoch: 59, Dataset: val, Dice: 0.8417, IoU: 0.7614
2026-09-18 17:25:34.064516 Epoch [060/200], Step [0031/0031], LR: 0.000100, Loss: 0.1273
Epoch: 60, Dataset: test, Dice: 0.8804, IoU: 0.8159
Epoch: 60, Dataset: val, Dice: 0.8298, IoU: 0.7438
2026-09-18 17:25:51.085367 Epoch [061/200], Step [0031/0031], LR: 0.000100, Loss: 0.1257
Epoch: 61, Dataset: test, Dice: 0.8742, IoU: 0.8105
Epoch: 61, Dataset: val, Dice: 0.8424, IoU: 0.7636
2026-09-18 17:26:08.774466 Epoch [062/200], Step [0031/0031], LR: 0.000100, Loss: 0.1294
Epoch: 62, Dataset: test, Dice: 0.8716, IoU: 0.8066
Epoch: 62, Dataset: val, Dice: 0.8338, IoU: 0.7532
2026-09-18 17:26:25.700380 Epoch [063/200], Step [0031/0031], LR: 0.000100, Loss: 0.1257
Epoch: 63, Dataset: test, Dice: 0.8270, IoU: 0.7530
Epoch: 63, Dataset: val, Dice: 0.8077, IoU: 0.7152
2026-09-18 17:26:42.682438 Epoch [064/200], Step [0031/0031], LR: 0.000100, Loss: 0.1224
Epoch: 64, Dataset: test, Dice: 0.8580, IoU: 0.7924
Epoch: 64, Dataset: val, Dice: 0.8504, IoU: 0.7735
### Best Model Saved (Dice improved from 0.8496 to 0.8504) ###
2026-09-18 17:27:00.619039 Epoch [065/200], Step [0031/0031], LR: 0.000100, Loss: 0.1267
Epoch: 65, Dataset: test, Dice: 0.8695, IoU: 0.7990
Epoch: 65, Dataset: val, Dice: 0.8397, IoU: 0.7548
2026-09-18 17:27:17.551678 Epoch [066/200], Step [0031/0031], LR: 0.000100, Loss: 0.1309
Epoch: 66, Dataset: test, Dice: 0.8381, IoU: 0.7700
Epoch: 66, Dataset: val, Dice: 0.8341, IoU: 0.7467
2026-09-18 17:27:34.527804 Epoch [067/200], Step [0031/0031], LR: 0.000100, Loss: 0.1271
Epoch: 67, Dataset: test, Dice: 0.8588, IoU: 0.7891
Epoch: 67, Dataset: val, Dice: 0.8136, IoU: 0.7278
2026-09-18 17:27:52.617599 Epoch [068/200], Step [0031/0031], LR: 0.000100, Loss: 0.1229
Epoch: 68, Dataset: test, Dice: 0.8727, IoU: 0.8103
Epoch: 68, Dataset: val, Dice: 0.8472, IoU: 0.7696
2026-09-18 17:28:10.057831 Epoch [069/200], Step [0031/0031], LR: 0.000100, Loss: 0.1190
Epoch: 69, Dataset: test, Dice: 0.8628, IoU: 0.7978
Epoch: 69, Dataset: val, Dice: 0.8511, IoU: 0.7746
### Best Model Saved (Dice improved from 0.8504 to 0.8511) ###
2026-09-18 17:28:27.671948 Epoch [070/200], Step [0031/0031], LR: 0.000100, Loss: 0.1239
Epoch: 70, Dataset: test, Dice: 0.8583, IoU: 0.7910
Epoch: 70, Dataset: val, Dice: 0.8197, IoU: 0.7330
2026-09-18 17:28:44.933141 Epoch [071/200], Step [0031/0031], LR: 0.000100, Loss: 0.1255
Epoch: 71, Dataset: test, Dice: 0.8355, IoU: 0.7663
Epoch: 71, Dataset: val, Dice: 0.7961, IoU: 0.7033
2026-09-18 17:29:01.987465 Epoch [072/200], Step [0031/0031], LR: 0.000100, Loss: 0.1240
Epoch: 72, Dataset: test, Dice: 0.8755, IoU: 0.8141
Epoch: 72, Dataset: val, Dice: 0.8428, IoU: 0.7656
2026-09-18 17:29:18.960613 Epoch [073/200], Step [0031/0031], LR: 0.000100, Loss: 0.1184
Epoch: 73, Dataset: test, Dice: 0.8787, IoU: 0.8173
Epoch: 73, Dataset: val, Dice: 0.8427, IoU: 0.7644
2026-09-18 17:29:35.904634 Epoch [074/200], Step [0031/0031], LR: 0.000100, Loss: 0.1131
Epoch: 74, Dataset: test, Dice: 0.8792, IoU: 0.8161
Epoch: 74, Dataset: val, Dice: 0.8525, IoU: 0.7774
### Best Model Saved (Dice improved from 0.8511 to 0.8525) ###
2026-09-18 17:29:54.144492 Epoch [075/200], Step [0031/0031], LR: 0.000100, Loss: 0.1107
Epoch: 75, Dataset: test, Dice: 0.8870, IoU: 0.8226
Epoch: 75, Dataset: val, Dice: 0.8544, IoU: 0.7742
### Best Model Saved (Dice improved from 0.8525 to 0.8544) ###
2026-09-18 17:30:11.318656 Epoch [076/200], Step [0031/0031], LR: 0.000100, Loss: 0.1134
Epoch: 76, Dataset: test, Dice: 0.8772, IoU: 0.8097
Epoch: 76, Dataset: val, Dice: 0.8503, IoU: 0.7697
2026-09-18 17:30:30.377147 Epoch [077/200], Step [0031/0031], LR: 0.000100, Loss: 0.1168
Epoch: 77, Dataset: test, Dice: 0.8791, IoU: 0.8104
Epoch: 77, Dataset: val, Dice: 0.8492, IoU: 0.7676
2026-09-18 17:30:48.335987 Epoch [078/200], Step [0031/0031], LR: 0.000100, Loss: 0.1183
Epoch: 78, Dataset: test, Dice: 0.8586, IoU: 0.7946
Epoch: 78, Dataset: val, Dice: 0.8215, IoU: 0.7333
2026-09-18 17:31:05.212769 Epoch [079/200], Step [0031/0031], LR: 0.000100, Loss: 0.1162
Epoch: 79, Dataset: test, Dice: 0.8596, IoU: 0.8000
Epoch: 79, Dataset: val, Dice: 0.8232, IoU: 0.7426
2026-09-18 17:31:22.340675 Epoch [080/200], Step [0031/0031], LR: 0.000100, Loss: 0.1094
Epoch: 80, Dataset: test, Dice: 0.8794, IoU: 0.8135
Epoch: 80, Dataset: val, Dice: 0.8420, IoU: 0.7649
2026-09-18 17:31:40.092740 Epoch [081/200], Step [0031/0031], LR: 0.000100, Loss: 0.1102
Epoch: 81, Dataset: test, Dice: 0.8750, IoU: 0.8130
Epoch: 81, Dataset: val, Dice: 0.8431, IoU: 0.7652
2026-09-18 17:31:58.895826 Epoch [082/200], Step [0031/0031], LR: 0.000100, Loss: 0.1098
Epoch: 82, Dataset: test, Dice: 0.8851, IoU: 0.8216
Epoch: 82, Dataset: val, Dice: 0.8470, IoU: 0.7636
2026-09-18 17:32:16.125507 Epoch [083/200], Step [0031/0031], LR: 0.000100, Loss: 0.1111
Epoch: 83, Dataset: test, Dice: 0.8790, IoU: 0.8123
Epoch: 83, Dataset: val, Dice: 0.8402, IoU: 0.7629
2026-09-18 17:32:33.443462 Epoch [084/200], Step [0031/0031], LR: 0.000100, Loss: 0.1156
Epoch: 84, Dataset: test, Dice: 0.8731, IoU: 0.8092
Epoch: 84, Dataset: val, Dice: 0.8465, IoU: 0.7665
2026-09-18 17:32:50.600360 Epoch [085/200], Step [0031/0031], LR: 0.000100, Loss: 0.1110
Epoch: 85, Dataset: test, Dice: 0.8709, IoU: 0.8104
Epoch: 85, Dataset: val, Dice: 0.8424, IoU: 0.7622
2026-09-18 17:33:07.744322 Epoch [086/200], Step [0031/0031], LR: 0.000100, Loss: 0.1070
Epoch: 86, Dataset: test, Dice: 0.8661, IoU: 0.7962
Epoch: 86, Dataset: val, Dice: 0.8326, IoU: 0.7444
2026-09-18 17:33:25.508834 Epoch [087/200], Step [0031/0031], LR: 0.000100, Loss: 0.1099
Epoch: 87, Dataset: test, Dice: 0.8491, IoU: 0.7868
Epoch: 87, Dataset: val, Dice: 0.8213, IoU: 0.7402
2026-09-18 17:33:42.552583 Epoch [088/200], Step [0031/0031], LR: 0.000100, Loss: 0.1069
Epoch: 88, Dataset: test, Dice: 0.8867, IoU: 0.8260
Epoch: 88, Dataset: val, Dice: 0.8353, IoU: 0.7517
2026-09-18 17:33:59.817408 Epoch [089/200], Step [0031/0031], LR: 0.000100, Loss: 0.1044
Epoch: 89, Dataset: test, Dice: 0.8887, IoU: 0.8277
Epoch: 89, Dataset: val, Dice: 0.8315, IoU: 0.7488
2026-09-18 17:34:17.305933 Epoch [090/200], Step [0031/0031], LR: 0.000100, Loss: 0.1076
Epoch: 90, Dataset: test, Dice: 0.8657, IoU: 0.7964
Epoch: 90, Dataset: val, Dice: 0.8316, IoU: 0.7444
2026-09-18 17:34:34.609476 Epoch [091/200], Step [0031/0031], LR: 0.000100, Loss: 0.1034
Epoch: 91, Dataset: test, Dice: 0.8817, IoU: 0.8170
Epoch: 91, Dataset: val, Dice: 0.8447, IoU: 0.7607
2026-09-18 17:34:52.248805 Epoch [092/200], Step [0031/0031], LR: 0.000100, Loss: 0.1062
Epoch: 92, Dataset: test, Dice: 0.8918, IoU: 0.8298
Epoch: 92, Dataset: val, Dice: 0.8529, IoU: 0.7744
2026-09-18 17:35:12.275423 Epoch [093/200], Step [0031/0031], LR: 0.000100, Loss: 0.1045
Epoch: 93, Dataset: test, Dice: 0.8890, IoU: 0.8258
Epoch: 93, Dataset: val, Dice: 0.8417, IoU: 0.7620
2026-09-18 17:35:30.686719 Epoch [094/200], Step [0031/0031], LR: 0.000100, Loss: 0.1059
Epoch: 94, Dataset: test, Dice: 0.8688, IoU: 0.8021
Epoch: 94, Dataset: val, Dice: 0.8453, IoU: 0.7622
2026-09-18 17:35:48.278656 Epoch [095/200], Step [0031/0031], LR: 0.000100, Loss: 0.1068
Epoch: 95, Dataset: test, Dice: 0.8740, IoU: 0.8140
Epoch: 95, Dataset: val, Dice: 0.8355, IoU: 0.7538
2026-09-18 17:36:05.480731 Epoch [096/200], Step [0031/0031], LR: 0.000100, Loss: 0.1041
Epoch: 96, Dataset: test, Dice: 0.8805, IoU: 0.8120
Epoch: 96, Dataset: val, Dice: 0.8525, IoU: 0.7690
2026-09-18 17:36:22.825375 Epoch [097/200], Step [0031/0031], LR: 0.000100, Loss: 0.0997
Epoch: 97, Dataset: test, Dice: 0.8554, IoU: 0.7905
Epoch: 97, Dataset: val, Dice: 0.8413, IoU: 0.7594
2026-09-18 17:36:40.219054 Epoch [098/200], Step [0031/0031], LR: 0.000100, Loss: 0.1004
Epoch: 98, Dataset: test, Dice: 0.8732, IoU: 0.8108
Epoch: 98, Dataset: val, Dice: 0.8309, IoU: 0.7477
2026-09-18 17:36:58.612533 Epoch [099/200], Step [0031/0031], LR: 0.000100, Loss: 0.1012
Epoch: 99, Dataset: test, Dice: 0.8771, IoU: 0.8154
Epoch: 99, Dataset: val, Dice: 0.8410, IoU: 0.7653
2026-09-18 17:37:15.679956 Epoch [100/200], Step [0031/0031], LR: 0.000100, Loss: 0.1010
Epoch: 100, Dataset: test, Dice: 0.8548, IoU: 0.7897
Epoch: 100, Dataset: val, Dice: 0.8274, IoU: 0.7453
2026-09-18 17:37:32.832612 Epoch [101/200], Step [0031/0031], LR: 0.000100, Loss: 0.1038
Epoch: 101, Dataset: test, Dice: 0.8833, IoU: 0.8146
Epoch: 101, Dataset: val, Dice: 0.8376, IoU: 0.7551
2026-09-18 17:37:50.978636 Epoch [102/200], Step [0031/0031], LR: 0.000100, Loss: 0.1033
Epoch: 102, Dataset: test, Dice: 0.8709, IoU: 0.8064
Epoch: 102, Dataset: val, Dice: 0.8349, IoU: 0.7548
2026-09-18 17:38:08.203070 Epoch [103/200], Step [0031/0031], LR: 0.000100, Loss: 0.1042
Epoch: 103, Dataset: test, Dice: 0.8896, IoU: 0.8264
Epoch: 103, Dataset: val, Dice: 0.8390, IoU: 0.7626
2026-09-18 17:38:25.513546 Epoch [104/200], Step [0031/0031], LR: 0.000100, Loss: 0.1029
Epoch: 104, Dataset: test, Dice: 0.8607, IoU: 0.7942
Epoch: 104, Dataset: val, Dice: 0.8392, IoU: 0.7561
2026-09-18 17:38:42.811542 Epoch [105/200], Step [0031/0031], LR: 0.000100, Loss: 0.0957
Epoch: 105, Dataset: test, Dice: 0.8848, IoU: 0.8216
Epoch: 105, Dataset: val, Dice: 0.8285, IoU: 0.7458
2026-09-18 17:39:01.153368 Epoch [106/200], Step [0031/0031], LR: 0.000100, Loss: 0.0977
Epoch: 106, Dataset: test, Dice: 0.8776, IoU: 0.8143
Epoch: 106, Dataset: val, Dice: 0.8506, IoU: 0.7751
2026-09-18 17:39:19.911116 Epoch [107/200], Step [0031/0031], LR: 0.000100, Loss: 0.0974
Epoch: 107, Dataset: test, Dice: 0.8850, IoU: 0.8206
Epoch: 107, Dataset: val, Dice: 0.8383, IoU: 0.7584
2026-09-18 17:39:37.661006 Epoch [108/200], Step [0031/0031], LR: 0.000100, Loss: 0.0949
Epoch: 108, Dataset: test, Dice: 0.8704, IoU: 0.8025
Epoch: 108, Dataset: val, Dice: 0.8285, IoU: 0.7525
2026-09-18 17:39:55.216854 Epoch [109/200], Step [0031/0031], LR: 0.000100, Loss: 0.0955
Epoch: 109, Dataset: test, Dice: 0.8661, IoU: 0.7999
Epoch: 109, Dataset: val, Dice: 0.8162, IoU: 0.7350
2026-09-18 17:40:13.120267 Epoch [110/200], Step [0031/0031], LR: 0.000100, Loss: 0.0940
Epoch: 110, Dataset: test, Dice: 0.8684, IoU: 0.8028
Epoch: 110, Dataset: val, Dice: 0.8414, IoU: 0.7634
2026-09-18 17:40:30.533207 Epoch [111/200], Step [0031/0031], LR: 0.000100, Loss: 0.0940
Epoch: 111, Dataset: test, Dice: 0.8904, IoU: 0.8194
Epoch: 111, Dataset: val, Dice: 0.8372, IoU: 0.7506
2026-09-18 17:40:47.785724 Epoch [112/200], Step [0031/0031], LR: 0.000100, Loss: 0.0995
Epoch: 112, Dataset: test, Dice: 0.8618, IoU: 0.8020
Epoch: 112, Dataset: val, Dice: 0.8379, IoU: 0.7602
2026-09-18 17:41:05.065932 Epoch [113/200], Step [0031/0031], LR: 0.000100, Loss: 0.0935
Epoch: 113, Dataset: test, Dice: 0.8820, IoU: 0.8201
Epoch: 113, Dataset: val, Dice: 0.8277, IoU: 0.7470
2026-09-18 17:41:21.984572 Epoch [114/200], Step [0031/0031], LR: 0.000100, Loss: 0.0954
Epoch: 114, Dataset: test, Dice: 0.8816, IoU: 0.8202
Epoch: 114, Dataset: val, Dice: 0.8403, IoU: 0.7639
2026-09-18 17:41:39.158350 Epoch [115/200], Step [0031/0031], LR: 0.000100, Loss: 0.0951
Epoch: 115, Dataset: test, Dice: 0.8808, IoU: 0.8207
Epoch: 115, Dataset: val, Dice: 0.8412, IoU: 0.7636
2026-09-18 17:41:56.308486 Epoch [116/200], Step [0031/0031], LR: 0.000100, Loss: 0.0967
Epoch: 116, Dataset: test, Dice: 0.8800, IoU: 0.8181
Epoch: 116, Dataset: val, Dice: 0.8444, IoU: 0.7646
2026-09-18 17:42:13.952427 Epoch [117/200], Step [0031/0031], LR: 0.000100, Loss: 0.0939
Epoch: 117, Dataset: test, Dice: 0.8867, IoU: 0.8241
Epoch: 117, Dataset: val, Dice: 0.8400, IoU: 0.7583
2026-09-18 17:42:31.276251 Epoch [118/200], Step [0031/0031], LR: 0.000100, Loss: 0.0946
Epoch: 118, Dataset: test, Dice: 0.8848, IoU: 0.8212
Epoch: 118, Dataset: val, Dice: 0.8505, IoU: 0.7681
2026-09-18 17:42:49.151748 Epoch [119/200], Step [0031/0031], LR: 0.000100, Loss: 0.0948
Epoch: 119, Dataset: test, Dice: 0.8820, IoU: 0.8147
Epoch: 119, Dataset: val, Dice: 0.8501, IoU: 0.7707
2026-09-18 17:43:06.422290 Epoch [120/200], Step [0031/0031], LR: 0.000100, Loss: 0.0936
Epoch: 120, Dataset: test, Dice: 0.8829, IoU: 0.8199
Epoch: 120, Dataset: val, Dice: 0.8485, IoU: 0.7671
2026-09-18 17:43:23.767062 Epoch [121/200], Step [0031/0031], LR: 0.000100, Loss: 0.0908
Epoch: 121, Dataset: test, Dice: 0.8691, IoU: 0.7991
Epoch: 121, Dataset: val, Dice: 0.8301, IoU: 0.7424
2026-09-18 17:43:40.925558 Epoch [122/200], Step [0031/0031], LR: 0.000100, Loss: 0.0904
Epoch: 122, Dataset: test, Dice: 0.8901, IoU: 0.8300
Epoch: 122, Dataset: val, Dice: 0.8456, IoU: 0.7657
2026-09-18 17:43:58.093078 Epoch [123/200], Step [0031/0031], LR: 0.000100, Loss: 0.0907
Epoch: 123, Dataset: test, Dice: 0.8857, IoU: 0.8279
Epoch: 123, Dataset: val, Dice: 0.8402, IoU: 0.7612
2026-09-18 17:44:15.194237 Epoch [124/200], Step [0031/0031], LR: 0.000100, Loss: 0.0897
Epoch: 124, Dataset: test, Dice: 0.8886, IoU: 0.8246
Epoch: 124, Dataset: val, Dice: 0.8491, IoU: 0.7692
2026-09-18 17:44:32.218528 Epoch [125/200], Step [0031/0031], LR: 0.000100, Loss: 0.0891
Epoch: 125, Dataset: test, Dice: 0.8781, IoU: 0.8144
Epoch: 125, Dataset: val, Dice: 0.8349, IoU: 0.7599
2026-09-18 17:44:49.584575 Epoch [126/200], Step [0031/0031], LR: 0.000100, Loss: 0.0893
Epoch: 126, Dataset: test, Dice: 0.8143, IoU: 0.7271
Epoch: 126, Dataset: val, Dice: 0.7980, IoU: 0.6937
2026-09-18 17:45:06.666427 Epoch [127/200], Step [0031/0031], LR: 0.000100, Loss: 0.0946
Epoch: 127, Dataset: test, Dice: 0.8750, IoU: 0.8036
Epoch: 127, Dataset: val, Dice: 0.8407, IoU: 0.7571
2026-09-18 17:45:24.075744 Epoch [128/200], Step [0031/0031], LR: 0.000100, Loss: 0.0905
Epoch: 128, Dataset: test, Dice: 0.8776, IoU: 0.8187
Epoch: 128, Dataset: val, Dice: 0.8414, IoU: 0.7592
2026-09-18 17:45:41.489202 Epoch [129/200], Step [0031/0031], LR: 0.000100, Loss: 0.0879
Epoch: 129, Dataset: test, Dice: 0.8871, IoU: 0.8226
Epoch: 129, Dataset: val, Dice: 0.8305, IoU: 0.7480
2026-09-18 17:45:58.646364 Epoch [130/200], Step [0031/0031], LR: 0.000100, Loss: 0.0918
Epoch: 130, Dataset: test, Dice: 0.8952, IoU: 0.8348
Epoch: 130, Dataset: val, Dice: 0.8485, IoU: 0.7682
2026-09-18 17:46:16.029034 Epoch [131/200], Step [0031/0031], LR: 0.000100, Loss: 0.0902
Epoch: 131, Dataset: test, Dice: 0.8827, IoU: 0.8203
Epoch: 131, Dataset: val, Dice: 0.8446, IoU: 0.7646
2026-09-18 17:46:33.205212 Epoch [132/200], Step [0031/0031], LR: 0.000100, Loss: 0.0861
Epoch: 132, Dataset: test, Dice: 0.8855, IoU: 0.8245
Epoch: 132, Dataset: val, Dice: 0.8452, IoU: 0.7651
2026-09-18 17:46:50.737578 Epoch [133/200], Step [0031/0031], LR: 0.000100, Loss: 0.0864
Epoch: 133, Dataset: test, Dice: 0.8737, IoU: 0.8115
Epoch: 133, Dataset: val, Dice: 0.8314, IoU: 0.7493
2026-09-18 17:47:07.803018 Epoch [134/200], Step [0031/0031], LR: 0.000100, Loss: 0.0886
Epoch: 134, Dataset: test, Dice: 0.8863, IoU: 0.8230
Epoch: 134, Dataset: val, Dice: 0.8476, IoU: 0.7673
2026-09-18 17:47:25.082147 Epoch [135/200], Step [0031/0031], LR: 0.000100, Loss: 0.0850
Epoch: 135, Dataset: test, Dice: 0.8934, IoU: 0.8309
Epoch: 135, Dataset: val, Dice: 0.8451, IoU: 0.7631
2026-09-18 17:47:42.133746 Epoch [136/200], Step [0031/0031], LR: 0.000100, Loss: 0.0835
Epoch: 136, Dataset: test, Dice: 0.8851, IoU: 0.8188
Epoch: 136, Dataset: val, Dice: 0.8394, IoU: 0.7580
2026-09-18 17:47:59.308478 Epoch [137/200], Step [0031/0031], LR: 0.000100, Loss: 0.0831
Epoch: 137, Dataset: test, Dice: 0.8961, IoU: 0.8339
Epoch: 137, Dataset: val, Dice: 0.8497, IoU: 0.7728
2026-09-18 17:48:16.741907 Epoch [138/200], Step [0031/0031], LR: 0.000100, Loss: 0.0846
Epoch: 138, Dataset: test, Dice: 0.8876, IoU: 0.8206
Epoch: 138, Dataset: val, Dice: 0.8271, IoU: 0.7463
2026-09-18 17:48:34.083944 Epoch [139/200], Step [0031/0031], LR: 0.000100, Loss: 0.0898
Epoch: 139, Dataset: test, Dice: 0.8820, IoU: 0.8166
Epoch: 139, Dataset: val, Dice: 0.8328, IoU: 0.7527
2026-09-18 17:48:51.502171 Epoch [140/200], Step [0031/0031], LR: 0.000100, Loss: 0.0927
Epoch: 140, Dataset: test, Dice: 0.8860, IoU: 0.8205
Epoch: 140, Dataset: val, Dice: 0.8365, IoU: 0.7544
2026-09-18 17:49:08.791224 Epoch [141/200], Step [0031/0031], LR: 0.000100, Loss: 0.0964
Epoch: 141, Dataset: test, Dice: 0.8884, IoU: 0.8252
Epoch: 141, Dataset: val, Dice: 0.8337, IoU: 0.7539
2026-09-18 17:49:26.197521 Epoch [142/200], Step [0031/0031], LR: 0.000100, Loss: 0.0884
Epoch: 142, Dataset: test, Dice: 0.8954, IoU: 0.8326
Epoch: 142, Dataset: val, Dice: 0.8331, IoU: 0.7509
2026-09-18 17:49:43.432957 Epoch [143/200], Step [0031/0031], LR: 0.000100, Loss: 0.0839
Epoch: 143, Dataset: test, Dice: 0.8906, IoU: 0.8260
Epoch: 143, Dataset: val, Dice: 0.8475, IoU: 0.7675
2026-09-18 17:50:00.645892 Epoch [144/200], Step [0031/0031], LR: 0.000100, Loss: 0.0845
Epoch: 144, Dataset: test, Dice: 0.8899, IoU: 0.8288
Epoch: 144, Dataset: val, Dice: 0.8469, IoU: 0.7669
2026-09-18 17:50:17.749361 Epoch [145/200], Step [0031/0031], LR: 0.000100, Loss: 0.0829
Epoch: 145, Dataset: test, Dice: 0.8880, IoU: 0.8251
Epoch: 145, Dataset: val, Dice: 0.8470, IoU: 0.7674
2026-09-18 17:50:34.795997 Epoch [146/200], Step [0031/0031], LR: 0.000100, Loss: 0.0838
Epoch: 146, Dataset: test, Dice: 0.8870, IoU: 0.8256
Epoch: 146, Dataset: val, Dice: 0.8313, IoU: 0.7462
2026-09-18 17:50:52.148269 Epoch [147/200], Step [0031/0031], LR: 0.000100, Loss: 0.0825
Epoch: 147, Dataset: test, Dice: 0.8926, IoU: 0.8312
Epoch: 147, Dataset: val, Dice: 0.8412, IoU: 0.7591
2026-09-18 17:51:09.485645 Epoch [148/200], Step [0031/0031], LR: 0.000100, Loss: 0.0809
Epoch: 148, Dataset: test, Dice: 0.8948, IoU: 0.8308
Epoch: 148, Dataset: val, Dice: 0.8461, IoU: 0.7674
2026-09-18 17:51:26.786526 Epoch [149/200], Step [0031/0031], LR: 0.000100, Loss: 0.0794
Epoch: 149, Dataset: test, Dice: 0.8906, IoU: 0.8259
Epoch: 149, Dataset: val, Dice: 0.8418, IoU: 0.7606
2026-09-18 17:51:44.074454 Epoch [150/200], Step [0031/0031], LR: 0.000100, Loss: 0.0808
Epoch: 150, Dataset: test, Dice: 0.8823, IoU: 0.8219
Epoch: 150, Dataset: val, Dice: 0.8478, IoU: 0.7688
2026-09-18 17:52:02.186674 Epoch [151/200], Step [0031/0031], LR: 0.000100, Loss: 0.0803
Epoch: 151, Dataset: test, Dice: 0.8755, IoU: 0.8057
Epoch: 151, Dataset: val, Dice: 0.8353, IoU: 0.7510
2026-09-18 17:52:19.504227 Epoch [152/200], Step [0031/0031], LR: 0.000100, Loss: 0.0817
Epoch: 152, Dataset: test, Dice: 0.8990, IoU: 0.8390
Epoch: 152, Dataset: val, Dice: 0.8406, IoU: 0.7580
2026-09-18 17:52:36.745497 Epoch [153/200], Step [0031/0031], LR: 0.000100, Loss: 0.0817
Epoch: 153, Dataset: test, Dice: 0.8951, IoU: 0.8327
Epoch: 153, Dataset: val, Dice: 0.8459, IoU: 0.7701
2026-09-18 17:52:53.969472 Epoch [154/200], Step [0031/0031], LR: 0.000100, Loss: 0.0848
Epoch: 154, Dataset: test, Dice: 0.8955, IoU: 0.8324
Epoch: 154, Dataset: val, Dice: 0.8486, IoU: 0.7697
2026-09-18 17:53:11.438393 Epoch [155/200], Step [0031/0031], LR: 0.000100, Loss: 0.0842
Epoch: 155, Dataset: test, Dice: 0.8624, IoU: 0.7857
Epoch: 155, Dataset: val, Dice: 0.8296, IoU: 0.7433
2026-09-18 17:53:29.117825 Epoch [156/200], Step [0031/0031], LR: 0.000100, Loss: 0.0914
Epoch: 156, Dataset: test, Dice: 0.8908, IoU: 0.8286
Epoch: 156, Dataset: val, Dice: 0.8342, IoU: 0.7540
2026-09-18 17:53:46.512149 Epoch [157/200], Step [0031/0031], LR: 0.000100, Loss: 0.0925
Epoch: 157, Dataset: test, Dice: 0.8740, IoU: 0.8073
Epoch: 157, Dataset: val, Dice: 0.8254, IoU: 0.7455
2026-09-18 17:54:04.186010 Epoch [158/200], Step [0031/0031], LR: 0.000100, Loss: 0.0884
Epoch: 158, Dataset: test, Dice: 0.8945, IoU: 0.8351
Epoch: 158, Dataset: val, Dice: 0.8443, IoU: 0.7661
2026-09-18 17:54:21.721231 Epoch [159/200], Step [0031/0031], LR: 0.000100, Loss: 0.0809
Epoch: 159, Dataset: test, Dice: 0.8960, IoU: 0.8335
Epoch: 159, Dataset: val, Dice: 0.8443, IoU: 0.7652
2026-09-18 17:54:39.345498 Epoch [160/200], Step [0031/0031], LR: 0.000100, Loss: 0.0794
Epoch: 160, Dataset: test, Dice: 0.8966, IoU: 0.8336
Epoch: 160, Dataset: val, Dice: 0.8512, IoU: 0.7747
2026-09-18 17:54:56.719401 Epoch [161/200], Step [0031/0031], LR: 0.000100, Loss: 0.0814
Epoch: 161, Dataset: test, Dice: 0.9052, IoU: 0.8462
Epoch: 161, Dataset: val, Dice: 0.8576, IoU: 0.7817
### Best Model Saved (Dice improved from 0.8544 to 0.8576) ###
2026-09-18 17:55:14.342879 Epoch [162/200], Step [0031/0031], LR: 0.000100, Loss: 0.0803
Epoch: 162, Dataset: test, Dice: 0.8971, IoU: 0.8336
Epoch: 162, Dataset: val, Dice: 0.8449, IoU: 0.7680
2026-09-18 17:55:31.945513 Epoch [163/200], Step [0031/0031], LR: 0.000100, Loss: 0.0784
Epoch: 163, Dataset: test, Dice: 0.8990, IoU: 0.8386
Epoch: 163, Dataset: val, Dice: 0.8455, IoU: 0.7686
2026-09-18 17:55:49.663787 Epoch [164/200], Step [0031/0031], LR: 0.000100, Loss: 0.0781
Epoch: 164, Dataset: test, Dice: 0.8940, IoU: 0.8313
Epoch: 164, Dataset: val, Dice: 0.8530, IoU: 0.7746
2026-09-18 17:56:07.219981 Epoch [165/200], Step [0031/0031], LR: 0.000100, Loss: 0.0759
Epoch: 165, Dataset: test, Dice: 0.8881, IoU: 0.8259
Epoch: 165, Dataset: val, Dice: 0.8523, IoU: 0.7718
2026-09-18 17:56:24.774872 Epoch [166/200], Step [0031/0031], LR: 0.000100, Loss: 0.0798
Epoch: 166, Dataset: test, Dice: 0.8967, IoU: 0.8351
Epoch: 166, Dataset: val, Dice: 0.8503, IoU: 0.7725
2026-09-18 17:56:42.575556 Epoch [167/200], Step [0031/0031], LR: 0.000100, Loss: 0.0781
Epoch: 167, Dataset: test, Dice: 0.8962, IoU: 0.8326
Epoch: 167, Dataset: val, Dice: 0.8468, IoU: 0.7644
2026-09-18 17:57:00.273775 Epoch [168/200], Step [0031/0031], LR: 0.000100, Loss: 0.0787
Epoch: 168, Dataset: test, Dice: 0.8954, IoU: 0.8324
Epoch: 168, Dataset: val, Dice: 0.8435, IoU: 0.7614
2026-09-18 17:57:17.711335 Epoch [169/200], Step [0031/0031], LR: 0.000100, Loss: 0.0784
Epoch: 169, Dataset: test, Dice: 0.8985, IoU: 0.8372
Epoch: 169, Dataset: val, Dice: 0.8494, IoU: 0.7679
2026-09-18 17:57:35.449893 Epoch [170/200], Step [0031/0031], LR: 0.000100, Loss: 0.0738
Epoch: 170, Dataset: test, Dice: 0.8920, IoU: 0.8308
Epoch: 170, Dataset: val, Dice: 0.8536, IoU: 0.7769
2026-09-18 17:57:53.010648 Epoch [171/200], Step [0031/0031], LR: 0.000100, Loss: 0.0742
Epoch: 171, Dataset: test, Dice: 0.9033, IoU: 0.8421
Epoch: 171, Dataset: val, Dice: 0.8575, IoU: 0.7794
2026-09-18 17:58:10.810319 Epoch [172/200], Step [0031/0031], LR: 0.000100, Loss: 0.0756
Epoch: 172, Dataset: test, Dice: 0.8936, IoU: 0.8284
Epoch: 172, Dataset: val, Dice: 0.8377, IoU: 0.7529
2026-09-18 17:58:28.597293 Epoch [173/200], Step [0031/0031], LR: 0.000100, Loss: 0.0770
Epoch: 173, Dataset: test, Dice: 0.8810, IoU: 0.8108
Epoch: 173, Dataset: val, Dice: 0.8447, IoU: 0.7582
2026-09-18 17:58:46.309477 Epoch [174/200], Step [0031/0031], LR: 0.000100, Loss: 0.0744
Epoch: 174, Dataset: test, Dice: 0.8906, IoU: 0.8268
Epoch: 174, Dataset: val, Dice: 0.8512, IoU: 0.7711
2026-09-18 17:59:03.915189 Epoch [175/200], Step [0031/0031], LR: 0.000100, Loss: 0.0733
Epoch: 175, Dataset: test, Dice: 0.8991, IoU: 0.8386
Epoch: 175, Dataset: val, Dice: 0.8416, IoU: 0.7600
2026-09-18 17:59:21.538616 Epoch [176/200], Step [0031/0031], LR: 0.000100, Loss: 0.0733
Epoch: 176, Dataset: test, Dice: 0.8903, IoU: 0.8255
Epoch: 176, Dataset: val, Dice: 0.8504, IoU: 0.7683
2026-09-18 17:59:39.163009 Epoch [177/200], Step [0031/0031], LR: 0.000100, Loss: 0.0760
Epoch: 177, Dataset: test, Dice: 0.9026, IoU: 0.8422
Epoch: 177, Dataset: val, Dice: 0.8529, IoU: 0.7738
2026-09-18 17:59:56.884272 Epoch [178/200], Step [0031/0031], LR: 0.000100, Loss: 0.0749
Epoch: 178, Dataset: test, Dice: 0.9005, IoU: 0.8386
Epoch: 178, Dataset: val, Dice: 0.8514, IoU: 0.7722
2026-09-18 18:00:14.515063 Epoch [179/200], Step [0031/0031], LR: 0.000100, Loss: 0.0776
Epoch: 179, Dataset: test, Dice: 0.9009, IoU: 0.8410
Epoch: 179, Dataset: val, Dice: 0.8546, IoU: 0.7760
2026-09-18 18:00:32.173550 Epoch [180/200], Step [0031/0031], LR: 0.000100, Loss: 0.0762
Epoch: 180, Dataset: test, Dice: 0.8936, IoU: 0.8301
Epoch: 180, Dataset: val, Dice: 0.8561, IoU: 0.7776
2026-09-18 18:00:50.110183 Epoch [181/200], Step [0031/0031], LR: 0.000100, Loss: 0.0742
Epoch: 181, Dataset: test, Dice: 0.8878, IoU: 0.8271
Epoch: 181, Dataset: val, Dice: 0.8522, IoU: 0.7745
2026-09-18 18:01:07.791790 Epoch [182/200], Step [0031/0031], LR: 0.000100, Loss: 0.0744
Epoch: 182, Dataset: test, Dice: 0.9039, IoU: 0.8431
Epoch: 182, Dataset: val, Dice: 0.8494, IoU: 0.7698
2026-09-18 18:01:25.943055 Epoch [183/200], Step [0031/0031], LR: 0.000100, Loss: 0.0758
Epoch: 183, Dataset: test, Dice: 0.8725, IoU: 0.7998
Epoch: 183, Dataset: val, Dice: 0.8160, IoU: 0.7313
2026-09-18 18:01:43.902428 Epoch [184/200], Step [0031/0031], LR: 0.000100, Loss: 0.0800
Epoch: 184, Dataset: test, Dice: 0.8945, IoU: 0.8303
Epoch: 184, Dataset: val, Dice: 0.8564, IoU: 0.7784
2026-09-18 18:02:01.492730 Epoch [185/200], Step [0031/0031], LR: 0.000100, Loss: 0.0800
Epoch: 185, Dataset: test, Dice: 0.8827, IoU: 0.8252
Epoch: 185, Dataset: val, Dice: 0.8319, IoU: 0.7542
2026-09-18 18:02:20.560789 Epoch [186/200], Step [0031/0031], LR: 0.000100, Loss: 0.0775
Epoch: 186, Dataset: test, Dice: 0.8915, IoU: 0.8304
Epoch: 186, Dataset: val, Dice: 0.8484, IoU: 0.7689
2026-09-18 18:02:39.329295 Epoch [187/200], Step [0031/0031], LR: 0.000100, Loss: 0.0759
Epoch: 187, Dataset: test, Dice: 0.8917, IoU: 0.8298
Epoch: 187, Dataset: val, Dice: 0.8581, IoU: 0.7808
### Best Model Saved (Dice improved from 0.8576 to 0.8581) ###
2026-09-18 18:02:57.164865 Epoch [188/200], Step [0031/0031], LR: 0.000100, Loss: 0.0734
Epoch: 188, Dataset: test, Dice: 0.8692, IoU: 0.7991
Epoch: 188, Dataset: val, Dice: 0.8375, IoU: 0.7543
2026-09-18 18:03:14.901473 Epoch [189/200], Step [0031/0031], LR: 0.000100, Loss: 0.0732
Epoch: 189, Dataset: test, Dice: 0.8916, IoU: 0.8282
Epoch: 189, Dataset: val, Dice: 0.8498, IoU: 0.7705
2026-09-18 18:03:32.531905 Epoch [190/200], Step [0031/0031], LR: 0.000100, Loss: 0.0735
Epoch: 190, Dataset: test, Dice: 0.9014, IoU: 0.8396
Epoch: 190, Dataset: val, Dice: 0.8572, IoU: 0.7804
2026-09-18 18:03:50.172501 Epoch [191/200], Step [0031/0031], LR: 0.000100, Loss: 0.0739
Epoch: 191, Dataset: test, Dice: 0.8922, IoU: 0.8291
Epoch: 191, Dataset: val, Dice: 0.8560, IoU: 0.7774
2026-09-18 18:04:08.011960 Epoch [192/200], Step [0031/0031], LR: 0.000100, Loss: 0.0716
Epoch: 192, Dataset: test, Dice: 0.8939, IoU: 0.8322
Epoch: 192, Dataset: val, Dice: 0.8493, IoU: 0.7693
2026-09-18 18:04:25.909729 Epoch [193/200], Step [0031/0031], LR: 0.000100, Loss: 0.0723
Epoch: 193, Dataset: test, Dice: 0.8979, IoU: 0.8368
Epoch: 193, Dataset: val, Dice: 0.8485, IoU: 0.7671
2026-09-18 18:04:43.658748 Epoch [194/200], Step [0031/0031], LR: 0.000100, Loss: 0.0731
Epoch: 194, Dataset: test, Dice: 0.8789, IoU: 0.8087
Epoch: 194, Dataset: val, Dice: 0.8315, IoU: 0.7454
2026-09-18 18:05:01.580282 Epoch [195/200], Step [0031/0031], LR: 0.000100, Loss: 0.0736
Epoch: 195, Dataset: test, Dice: 0.8430, IoU: 0.7631
Epoch: 195, Dataset: val, Dice: 0.8048, IoU: 0.7102
2026-09-18 18:05:19.302207 Epoch [196/200], Step [0031/0031], LR: 0.000100, Loss: 0.0752
Epoch: 196, Dataset: test, Dice: 0.8993, IoU: 0.8403
Epoch: 196, Dataset: val, Dice: 0.8570, IoU: 0.7798
2026-09-18 18:05:36.936541 Epoch [197/200], Step [0031/0031], LR: 0.000100, Loss: 0.0720
Epoch: 197, Dataset: test, Dice: 0.9011, IoU: 0.8413
Epoch: 197, Dataset: val, Dice: 0.8487, IoU: 0.7693
2026-09-18 18:05:54.755984 Epoch [198/200], Step [0031/0031], LR: 0.000100, Loss: 0.0721
Epoch: 198, Dataset: test, Dice: 0.8860, IoU: 0.8225
Epoch: 198, Dataset: val, Dice: 0.8480, IoU: 0.7683
2026-09-18 18:06:12.506536 Epoch [199/200], Step [0031/0031], LR: 0.000100, Loss: 0.0707
Epoch: 199, Dataset: test, Dice: 0.8860, IoU: 0.8205
Epoch: 199, Dataset: val, Dice: 0.8387, IoU: 0.7557
2026-09-18 18:06:30.140339 Epoch [200/200], Step [0031/0031], LR: 0.000100, Loss: 0.0720
Epoch: 200, Dataset: test, Dice: 0.8879, IoU: 0.8286
Epoch: 200, Dataset: val, Dice: 0.8492, IoU: 0.7699

========================================
FINAL RESULTS: ClinicDB_MK_UNet_bs16_lr0.0001_e200_augFalse_run1_t170805
Best Val Dice: 0.8581
Test Dice at Best Val: 0.8917
Total Train Time: 3147.93s
========================================
Network: MK_UNet | Channels: [16, 32, 64, 96, 160]
[INFO] Register count_convNd() for <class 'torch.nn.modules.conv.Conv2d'>.
[INFO] Register count_normalization() for <class 'torch.nn.modules.batchnorm.BatchNorm2d'>.
[INFO] Register zero_ops() for <class 'torch.nn.modules.activation.ReLU6'>.
[INFO] Register zero_ops() for <class 'torch.nn.modules.container.Sequential'>.
[INFO] Register zero_ops() for <class 'torch.nn.modules.activation.ReLU'>.
[INFO] Register count_adap_avgpool() for <class 'torch.nn.modules.pooling.AdaptiveAvgPool2d'>.
[INFO] Register zero_ops() for <class 'torch.nn.modules.pooling.AdaptiveMaxPool2d'>.
flops 0.619251354
params 0.315566
Total params: 0.32M
2026-09-18 18:06:48.212218 Epoch [001/200], Step [0031/0031], LR: 0.000100, Loss: 1.3978
Epoch: 1, Dataset: test, Dice: 0.2831, IoU: 0.1819
Epoch: 1, Dataset: val, Dice: 0.3454, IoU: 0.2322
### Best Model Saved (Dice improved from 0.0000 to 0.3454) ###
2026-09-18 18:07:06.044984 Epoch [002/200], Step [0031/0031], LR: 0.000100, Loss: 1.2076
Epoch: 2, Dataset: test, Dice: 0.4809, IoU: 0.3426
Epoch: 2, Dataset: val, Dice: 0.5276, IoU: 0.3940
### Best Model Saved (Dice improved from 0.3454 to 0.5276) ###
2026-09-18 18:07:24.146438 Epoch [003/200], Step [0031/0031], LR: 0.000100, Loss: 1.0801
Epoch: 3, Dataset: test, Dice: 0.4672, IoU: 0.3340
Epoch: 3, Dataset: val, Dice: 0.5377, IoU: 0.4010
### Best Model Saved (Dice improved from 0.5276 to 0.5377) ###
2026-09-18 18:07:41.879742 Epoch [004/200], Step [0031/0031], LR: 0.000100, Loss: 0.9542
Epoch: 4, Dataset: test, Dice: 0.5146, IoU: 0.3734
Epoch: 4, Dataset: val, Dice: 0.5567, IoU: 0.4275
### Best Model Saved (Dice improved from 0.5377 to 0.5567) ###
2026-09-18 18:07:59.656072 Epoch [005/200], Step [0031/0031], LR: 0.000100, Loss: 0.8206
Epoch: 5, Dataset: test, Dice: 0.5385, IoU: 0.3950
Epoch: 5, Dataset: val, Dice: 0.5906, IoU: 0.4576
### Best Model Saved (Dice improved from 0.5567 to 0.5906) ###
2026-09-18 18:08:17.442617 Epoch [006/200], Step [0031/0031], LR: 0.000100, Loss: 0.6879
Epoch: 6, Dataset: test, Dice: 0.5968, IoU: 0.4626
Epoch: 6, Dataset: val, Dice: 0.5980, IoU: 0.4684
### Best Model Saved (Dice improved from 0.5906 to 0.5980) ###
2026-09-18 18:08:35.282911 Epoch [007/200], Step [0031/0031], LR: 0.000100, Loss: 0.6004
Epoch: 7, Dataset: test, Dice: 0.5851, IoU: 0.4528
Epoch: 7, Dataset: val, Dice: 0.6184, IoU: 0.4983
### Best Model Saved (Dice improved from 0.5980 to 0.6184) ###
2026-09-18 18:08:52.887855 Epoch [008/200], Step [0031/0031], LR: 0.000100, Loss: 0.5220
Epoch: 8, Dataset: test, Dice: 0.7432, IoU: 0.6279
Epoch: 8, Dataset: val, Dice: 0.6934, IoU: 0.5789
### Best Model Saved (Dice improved from 0.6184 to 0.6934) ###
2026-09-18 18:09:10.591959 Epoch [009/200], Step [0031/0031], LR: 0.000100, Loss: 0.4760
Epoch: 9, Dataset: test, Dice: 0.6808, IoU: 0.5522
Epoch: 9, Dataset: val, Dice: 0.6650, IoU: 0.5478
2026-09-18 18:09:28.183079 Epoch [010/200], Step [0031/0031], LR: 0.000100, Loss: 0.4458
Epoch: 10, Dataset: test, Dice: 0.6252, IoU: 0.4989
Epoch: 10, Dataset: val, Dice: 0.6371, IoU: 0.5087
2026-09-18 18:09:45.659962 Epoch [011/200], Step [0031/0031], LR: 0.000100, Loss: 0.4226
Epoch: 11, Dataset: test, Dice: 0.7228, IoU: 0.6181
Epoch: 11, Dataset: val, Dice: 0.7250, IoU: 0.6176
### Best Model Saved (Dice improved from 0.6934 to 0.7250) ###
2026-09-18 18:10:03.194297 Epoch [012/200], Step [0031/0031], LR: 0.000100, Loss: 0.3823
Epoch: 12, Dataset: test, Dice: 0.7807, IoU: 0.6785
Epoch: 12, Dataset: val, Dice: 0.7620, IoU: 0.6502
### Best Model Saved (Dice improved from 0.7250 to 0.7620) ###
2026-09-18 18:10:20.766273 Epoch [013/200], Step [0031/0031], LR: 0.000100, Loss: 0.3569
Epoch: 13, Dataset: test, Dice: 0.7593, IoU: 0.6507
Epoch: 13, Dataset: val, Dice: 0.7271, IoU: 0.6192
2026-09-18 18:10:38.321889 Epoch [014/200], Step [0031/0031], LR: 0.000100, Loss: 0.3483
Epoch: 14, Dataset: test, Dice: 0.7626, IoU: 0.6527
Epoch: 14, Dataset: val, Dice: 0.7490, IoU: 0.6342
2026-09-18 18:10:55.690100 Epoch [015/200], Step [0031/0031], LR: 0.000100, Loss: 0.3461
Epoch: 15, Dataset: test, Dice: 0.7591, IoU: 0.6629
Epoch: 15, Dataset: val, Dice: 0.7642, IoU: 0.6659
### Best Model Saved (Dice improved from 0.7620 to 0.7642) ###
2026-09-18 18:11:13.296476 Epoch [016/200], Step [0031/0031], LR: 0.000100, Loss: 0.3170
Epoch: 16, Dataset: test, Dice: 0.8007, IoU: 0.7032
Epoch: 16, Dataset: val, Dice: 0.7555, IoU: 0.6554
2026-09-18 18:11:30.759998 Epoch [017/200], Step [0031/0031], LR: 0.000100, Loss: 0.2976
Epoch: 17, Dataset: test, Dice: 0.7812, IoU: 0.6765
Epoch: 17, Dataset: val, Dice: 0.7559, IoU: 0.6472
2026-09-18 18:11:48.176516 Epoch [018/200], Step [0031/0031], LR: 0.000100, Loss: 0.2887
Epoch: 18, Dataset: test, Dice: 0.7820, IoU: 0.6857
Epoch: 18, Dataset: val, Dice: 0.7523, IoU: 0.6519
2026-09-18 18:12:05.898999 Epoch [019/200], Step [0031/0031], LR: 0.000100, Loss: 0.2778
Epoch: 19, Dataset: test, Dice: 0.8184, IoU: 0.7307
Epoch: 19, Dataset: val, Dice: 0.7904, IoU: 0.6974
### Best Model Saved (Dice improved from 0.7642 to 0.7904) ###
2026-09-18 18:12:23.567891 Epoch [020/200], Step [0031/0031], LR: 0.000100, Loss: 0.2582
Epoch: 20, Dataset: test, Dice: 0.8364, IoU: 0.7555
Epoch: 20, Dataset: val, Dice: 0.8092, IoU: 0.7228
### Best Model Saved (Dice improved from 0.7904 to 0.8092) ###
2026-09-18 18:12:40.730348 Epoch [021/200], Step [0031/0031], LR: 0.000100, Loss: 0.2568
Epoch: 21, Dataset: test, Dice: 0.7581, IoU: 0.6475
Epoch: 21, Dataset: val, Dice: 0.7176, IoU: 0.6078
2026-09-18 18:12:58.045135 Epoch [022/200], Step [0031/0031], LR: 0.000100, Loss: 0.2546
Epoch: 22, Dataset: test, Dice: 0.7861, IoU: 0.6872
Epoch: 22, Dataset: val, Dice: 0.7667, IoU: 0.6681
2026-09-18 18:13:15.306249 Epoch [023/200], Step [0031/0031], LR: 0.000100, Loss: 0.2360
Epoch: 23, Dataset: test, Dice: 0.8196, IoU: 0.7293
Epoch: 23, Dataset: val, Dice: 0.7618, IoU: 0.6621
2026-09-18 18:13:32.428324 Epoch [024/200], Step [0031/0031], LR: 0.000100, Loss: 0.2397
Epoch: 24, Dataset: test, Dice: 0.8390, IoU: 0.7541
Epoch: 24, Dataset: val, Dice: 0.8029, IoU: 0.7099
2026-09-18 18:13:49.739045 Epoch [025/200], Step [0031/0031], LR: 0.000100, Loss: 0.2324
Epoch: 25, Dataset: test, Dice: 0.8240, IoU: 0.7444
Epoch: 25, Dataset: val, Dice: 0.7788, IoU: 0.6877
2026-09-18 18:14:07.166562 Epoch [026/200], Step [0031/0031], LR: 0.000100, Loss: 0.2236
Epoch: 26, Dataset: test, Dice: 0.8356, IoU: 0.7496
Epoch: 26, Dataset: val, Dice: 0.7912, IoU: 0.6947
2026-09-18 18:14:24.419794 Epoch [027/200], Step [0031/0031], LR: 0.000100, Loss: 0.2182
Epoch: 27, Dataset: test, Dice: 0.8358, IoU: 0.7526
Epoch: 27, Dataset: val, Dice: 0.8278, IoU: 0.7431
### Best Model Saved (Dice improved from 0.8092 to 0.8278) ###
2026-09-18 18:14:41.713205 Epoch [028/200], Step [0031/0031], LR: 0.000100, Loss: 0.2081
Epoch: 28, Dataset: test, Dice: 0.8275, IoU: 0.7360
Epoch: 28, Dataset: val, Dice: 0.7909, IoU: 0.7011
2026-09-18 18:14:59.027327 Epoch [029/200], Step [0031/0031], LR: 0.000100, Loss: 0.2068
Epoch: 29, Dataset: test, Dice: 0.8445, IoU: 0.7614
Epoch: 29, Dataset: val, Dice: 0.8184, IoU: 0.7273
2026-09-18 18:15:16.244819 Epoch [030/200], Step [0031/0031], LR: 0.000100, Loss: 0.2144
Epoch: 30, Dataset: test, Dice: 0.8377, IoU: 0.7510
Epoch: 30, Dataset: val, Dice: 0.8057, IoU: 0.7126
2026-09-18 18:15:33.579670 Epoch [031/200], Step [0031/0031], LR: 0.000100, Loss: 0.2091
Epoch: 31, Dataset: test, Dice: 0.8033, IoU: 0.7104
Epoch: 31, Dataset: val, Dice: 0.7872, IoU: 0.6878
2026-09-18 18:15:52.186079 Epoch [032/200], Step [0031/0031], LR: 0.000100, Loss: 0.2113
Epoch: 32, Dataset: test, Dice: 0.8437, IoU: 0.7629
Epoch: 32, Dataset: val, Dice: 0.8090, IoU: 0.7257
2026-09-18 18:16:09.613940 Epoch [033/200], Step [0031/0031], LR: 0.000100, Loss: 0.1959
Epoch: 33, Dataset: test, Dice: 0.8585, IoU: 0.7762
Epoch: 33, Dataset: val, Dice: 0.8083, IoU: 0.7246
2026-09-18 18:16:28.407779 Epoch [034/200], Step [0031/0031], LR: 0.000100, Loss: 0.1927
Epoch: 34, Dataset: test, Dice: 0.8366, IoU: 0.7558
Epoch: 34, Dataset: val, Dice: 0.8087, IoU: 0.7236
2026-09-18 18:16:46.167544 Epoch [035/200], Step [0031/0031], LR: 0.000100, Loss: 0.1881
Epoch: 35, Dataset: test, Dice: 0.8424, IoU: 0.7649
Epoch: 35, Dataset: val, Dice: 0.8096, IoU: 0.7234
2026-09-18 18:17:04.305356 Epoch [036/200], Step [0031/0031], LR: 0.000100, Loss: 0.1860
Epoch: 36, Dataset: test, Dice: 0.8437, IoU: 0.7639
Epoch: 36, Dataset: val, Dice: 0.7989, IoU: 0.7128
2026-09-18 18:17:21.930334 Epoch [037/200], Step [0031/0031], LR: 0.000100, Loss: 0.1800
Epoch: 37, Dataset: test, Dice: 0.8478, IoU: 0.7657
Epoch: 37, Dataset: val, Dice: 0.7922, IoU: 0.7061
2026-09-18 18:17:39.860999 Epoch [038/200], Step [0031/0031], LR: 0.000100, Loss: 0.1826
Epoch: 38, Dataset: test, Dice: 0.8161, IoU: 0.7324
Epoch: 38, Dataset: val, Dice: 0.8098, IoU: 0.7297
2026-09-18 18:17:57.372682 Epoch [039/200], Step [0031/0031], LR: 0.000100, Loss: 0.1746
Epoch: 39, Dataset: test, Dice: 0.8251, IoU: 0.7467
Epoch: 39, Dataset: val, Dice: 0.8092, IoU: 0.7201
2026-09-18 18:18:15.653536 Epoch [040/200], Step [0031/0031], LR: 0.000100, Loss: 0.1706
Epoch: 40, Dataset: test, Dice: 0.7994, IoU: 0.7149
Epoch: 40, Dataset: val, Dice: 0.7994, IoU: 0.7106
2026-09-18 18:18:33.096491 Epoch [041/200], Step [0031/0031], LR: 0.000100, Loss: 0.1681
Epoch: 41, Dataset: test, Dice: 0.8441, IoU: 0.7658
Epoch: 41, Dataset: val, Dice: 0.8223, IoU: 0.7351
2026-09-18 18:18:51.089413 Epoch [042/200], Step [0031/0031], LR: 0.000100, Loss: 0.1627
Epoch: 42, Dataset: test, Dice: 0.8336, IoU: 0.7496
Epoch: 42, Dataset: val, Dice: 0.8308, IoU: 0.7436
### Best Model Saved (Dice improved from 0.8278 to 0.8308) ###
2026-09-18 18:19:08.234033 Epoch [043/200], Step [0031/0031], LR: 0.000100, Loss: 0.1658
Epoch: 43, Dataset: test, Dice: 0.8381, IoU: 0.7625
Epoch: 43, Dataset: val, Dice: 0.8116, IoU: 0.7216
2026-09-18 18:19:25.712284 Epoch [044/200], Step [0031/0031], LR: 0.000100, Loss: 0.1641
Epoch: 44, Dataset: test, Dice: 0.8713, IoU: 0.7944
Epoch: 44, Dataset: val, Dice: 0.8193, IoU: 0.7341
2026-09-18 18:19:43.479838 Epoch [045/200], Step [0031/0031], LR: 0.000100, Loss: 0.1583
Epoch: 45, Dataset: test, Dice: 0.8274, IoU: 0.7434
Epoch: 45, Dataset: val, Dice: 0.8268, IoU: 0.7372
2026-09-18 18:20:02.005046 Epoch [046/200], Step [0031/0031], LR: 0.000100, Loss: 0.1546
Epoch: 46, Dataset: test, Dice: 0.8406, IoU: 0.7577
Epoch: 46, Dataset: val, Dice: 0.8027, IoU: 0.7186
2026-09-18 18:20:19.859486 Epoch [047/200], Step [0031/0031], LR: 0.000100, Loss: 0.1583
Epoch: 47, Dataset: test, Dice: 0.8541, IoU: 0.7775
Epoch: 47, Dataset: val, Dice: 0.8480, IoU: 0.7643
### Best Model Saved (Dice improved from 0.8308 to 0.8480) ###
2026-09-18 18:20:37.149552 Epoch [048/200], Step [0031/0031], LR: 0.000100, Loss: 0.1560
Epoch: 48, Dataset: test, Dice: 0.8603, IoU: 0.7770
Epoch: 48, Dataset: val, Dice: 0.8262, IoU: 0.7459
2026-09-18 18:20:55.180579 Epoch [049/200], Step [0031/0031], LR: 0.000100, Loss: 0.1541
Epoch: 49, Dataset: test, Dice: 0.8434, IoU: 0.7653
Epoch: 49, Dataset: val, Dice: 0.7831, IoU: 0.6915
2026-09-18 18:21:12.435886 Epoch [050/200], Step [0031/0031], LR: 0.000100, Loss: 0.1495
Epoch: 50, Dataset: test, Dice: 0.8626, IoU: 0.7849
Epoch: 50, Dataset: val, Dice: 0.8275, IoU: 0.7447
2026-09-18 18:21:29.767091 Epoch [051/200], Step [0031/0031], LR: 0.000100, Loss: 0.1510
Epoch: 51, Dataset: test, Dice: 0.8739, IoU: 0.7988
Epoch: 51, Dataset: val, Dice: 0.8157, IoU: 0.7348
2026-09-18 18:21:47.426233 Epoch [052/200], Step [0031/0031], LR: 0.000100, Loss: 0.1499
Epoch: 52, Dataset: test, Dice: 0.8581, IoU: 0.7759
Epoch: 52, Dataset: val, Dice: 0.8112, IoU: 0.7282
2026-09-18 18:22:05.719555 Epoch [053/200], Step [0031/0031], LR: 0.000100, Loss: 0.1511
Epoch: 53, Dataset: test, Dice: 0.8575, IoU: 0.7786
Epoch: 53, Dataset: val, Dice: 0.8085, IoU: 0.7271
2026-09-18 18:22:23.091521 Epoch [054/200], Step [0031/0031], LR: 0.000100, Loss: 0.1473
Epoch: 54, Dataset: test, Dice: 0.8530, IoU: 0.7807
Epoch: 54, Dataset: val, Dice: 0.8105, IoU: 0.7283
2026-09-18 18:22:41.405099 Epoch [055/200], Step [0031/0031], LR: 0.000100, Loss: 0.1396
Epoch: 55, Dataset: test, Dice: 0.8628, IoU: 0.7860
Epoch: 55, Dataset: val, Dice: 0.8247, IoU: 0.7440
2026-09-18 18:22:58.575957 Epoch [056/200], Step [0031/0031], LR: 0.000100, Loss: 0.1424
Epoch: 56, Dataset: test, Dice: 0.7923, IoU: 0.6934
Epoch: 56, Dataset: val, Dice: 0.7623, IoU: 0.6647
2026-09-18 18:23:16.702587 Epoch [057/200], Step [0031/0031], LR: 0.000100, Loss: 0.1390
Epoch: 57, Dataset: test, Dice: 0.8458, IoU: 0.7717
Epoch: 57, Dataset: val, Dice: 0.8111, IoU: 0.7262
2026-09-18 18:23:33.973638 Epoch [058/200], Step [0031/0031], LR: 0.000100, Loss: 0.1407
Epoch: 58, Dataset: test, Dice: 0.8539, IoU: 0.7768
Epoch: 58, Dataset: val, Dice: 0.8286, IoU: 0.7468
2026-09-18 18:23:51.146436 Epoch [059/200], Step [0031/0031], LR: 0.000100, Loss: 0.1363
Epoch: 59, Dataset: test, Dice: 0.8339, IoU: 0.7436
Epoch: 59, Dataset: val, Dice: 0.8079, IoU: 0.7236
2026-09-18 18:24:09.482174 Epoch [060/200], Step [0031/0031], LR: 0.000100, Loss: 0.1409
Epoch: 60, Dataset: test, Dice: 0.8447, IoU: 0.7590
Epoch: 60, Dataset: val, Dice: 0.8192, IoU: 0.7340
2026-09-18 18:24:26.687169 Epoch [061/200], Step [0031/0031], LR: 0.000100, Loss: 0.1387
Epoch: 61, Dataset: test, Dice: 0.8464, IoU: 0.7648
Epoch: 61, Dataset: val, Dice: 0.7813, IoU: 0.6975
2026-09-18 18:24:45.381815 Epoch [062/200], Step [0031/0031], LR: 0.000100, Loss: 0.1360
Epoch: 62, Dataset: test, Dice: 0.8651, IoU: 0.7910
Epoch: 62, Dataset: val, Dice: 0.8319, IoU: 0.7552
2026-09-18 18:25:03.175332 Epoch [063/200], Step [0031/0031], LR: 0.000100, Loss: 0.1319
Epoch: 63, Dataset: test, Dice: 0.8810, IoU: 0.8097
Epoch: 63, Dataset: val, Dice: 0.8103, IoU: 0.7258
2026-09-18 18:25:21.524195 Epoch [064/200], Step [0031/0031], LR: 0.000100, Loss: 0.1318
Epoch: 64, Dataset: test, Dice: 0.8482, IoU: 0.7690
Epoch: 64, Dataset: val, Dice: 0.8210, IoU: 0.7449
2026-09-18 18:25:38.728587 Epoch [065/200], Step [0031/0031], LR: 0.000100, Loss: 0.1311
Epoch: 65, Dataset: test, Dice: 0.8451, IoU: 0.7558
Epoch: 65, Dataset: val, Dice: 0.8021, IoU: 0.7141
2026-09-18 18:25:56.925867 Epoch [066/200], Step [0031/0031], LR: 0.000100, Loss: 0.1298
Epoch: 66, Dataset: test, Dice: 0.8633, IoU: 0.7893
Epoch: 66, Dataset: val, Dice: 0.8049, IoU: 0.7252
2026-09-18 18:26:14.340815 Epoch [067/200], Step [0031/0031], LR: 0.000100, Loss: 0.1270
Epoch: 67, Dataset: test, Dice: 0.8580, IoU: 0.7810
Epoch: 67, Dataset: val, Dice: 0.8120, IoU: 0.7292
2026-09-18 18:26:32.710392 Epoch [068/200], Step [0031/0031], LR: 0.000100, Loss: 0.1268
Epoch: 68, Dataset: test, Dice: 0.8707, IoU: 0.8006
Epoch: 68, Dataset: val, Dice: 0.8186, IoU: 0.7387
2026-09-18 18:26:50.910994 Epoch [069/200], Step [0031/0031], LR: 0.000100, Loss: 0.1276
Epoch: 69, Dataset: test, Dice: 0.8506, IoU: 0.7822
Epoch: 69, Dataset: val, Dice: 0.8165, IoU: 0.7375
2026-09-18 18:27:08.523632 Epoch [070/200], Step [0031/0031], LR: 0.000100, Loss: 0.1257
Epoch: 70, Dataset: test, Dice: 0.8722, IoU: 0.8027
Epoch: 70, Dataset: val, Dice: 0.8330, IoU: 0.7591
2026-09-18 18:27:26.659523 Epoch [071/200], Step [0031/0031], LR: 0.000100, Loss: 0.1209
Epoch: 71, Dataset: test, Dice: 0.8058, IoU: 0.7144
Epoch: 71, Dataset: val, Dice: 0.7902, IoU: 0.6929
2026-09-18 18:27:44.326685 Epoch [072/200], Step [0031/0031], LR: 0.000100, Loss: 0.1254
Epoch: 72, Dataset: test, Dice: 0.8515, IoU: 0.7760
Epoch: 72, Dataset: val, Dice: 0.8225, IoU: 0.7417
2026-09-18 18:28:01.785456 Epoch [073/200], Step [0031/0031], LR: 0.000100, Loss: 0.1239
Epoch: 73, Dataset: test, Dice: 0.8724, IoU: 0.8003
Epoch: 73, Dataset: val, Dice: 0.8138, IoU: 0.7389
2026-09-18 18:28:21.097154 Epoch [074/200], Step [0031/0031], LR: 0.000100, Loss: 0.1213
Epoch: 74, Dataset: test, Dice: 0.8636, IoU: 0.7908
Epoch: 74, Dataset: val, Dice: 0.8257, IoU: 0.7472
2026-09-18 18:28:38.262975 Epoch [075/200], Step [0031/0031], LR: 0.000100, Loss: 0.1171
Epoch: 75, Dataset: test, Dice: 0.8650, IoU: 0.7871
Epoch: 75, Dataset: val, Dice: 0.8104, IoU: 0.7275
2026-09-18 18:28:55.554030 Epoch [076/200], Step [0031/0031], LR: 0.000100, Loss: 0.1213
Epoch: 76, Dataset: test, Dice: 0.8750, IoU: 0.7990
Epoch: 76, Dataset: val, Dice: 0.8346, IoU: 0.7566
2026-09-18 18:29:12.640543 Epoch [077/200], Step [0031/0031], LR: 0.000100, Loss: 0.1183
Epoch: 77, Dataset: test, Dice: 0.8722, IoU: 0.7974
Epoch: 77, Dataset: val, Dice: 0.8207, IoU: 0.7406
2026-09-18 18:29:30.476646 Epoch [078/200], Step [0031/0031], LR: 0.000100, Loss: 0.1195
Epoch: 78, Dataset: test, Dice: 0.8916, IoU: 0.8197
Epoch: 78, Dataset: val, Dice: 0.8298, IoU: 0.7535
2026-09-18 18:29:47.841537 Epoch [079/200], Step [0031/0031], LR: 0.000100, Loss: 0.1161
Epoch: 79, Dataset: test, Dice: 0.8740, IoU: 0.7952
Epoch: 79, Dataset: val, Dice: 0.8018, IoU: 0.7185
2026-09-18 18:30:06.319215 Epoch [080/200], Step [0031/0031], LR: 0.000100, Loss: 0.1197
Epoch: 80, Dataset: test, Dice: 0.8682, IoU: 0.7921
Epoch: 80, Dataset: val, Dice: 0.8306, IoU: 0.7593
2026-09-18 18:30:23.763674 Epoch [081/200], Step [0031/0031], LR: 0.000100, Loss: 0.1158
Epoch: 81, Dataset: test, Dice: 0.8501, IoU: 0.7772
Epoch: 81, Dataset: val, Dice: 0.8027, IoU: 0.7255
2026-09-18 18:30:42.465362 Epoch [082/200], Step [0031/0031], LR: 0.000100, Loss: 0.1183
Epoch: 82, Dataset: test, Dice: 0.8667, IoU: 0.7844
Epoch: 82, Dataset: val, Dice: 0.8226, IoU: 0.7428
2026-09-18 18:30:59.914757 Epoch [083/200], Step [0031/0031], LR: 0.000100, Loss: 0.1164
Epoch: 83, Dataset: test, Dice: 0.8568, IoU: 0.7791
Epoch: 83, Dataset: val, Dice: 0.8172, IoU: 0.7382
2026-09-18 18:31:17.945067 Epoch [084/200], Step [0031/0031], LR: 0.000100, Loss: 0.1176
Epoch: 84, Dataset: test, Dice: 0.8674, IoU: 0.7842
Epoch: 84, Dataset: val, Dice: 0.8044, IoU: 0.7181
2026-09-18 18:31:35.326664 Epoch [085/200], Step [0031/0031], LR: 0.000100, Loss: 0.1126
Epoch: 85, Dataset: test, Dice: 0.8652, IoU: 0.7863
Epoch: 85, Dataset: val, Dice: 0.8162, IoU: 0.7354
2026-09-18 18:31:53.734524 Epoch [086/200], Step [0031/0031], LR: 0.000100, Loss: 0.1115
Epoch: 86, Dataset: test, Dice: 0.8412, IoU: 0.7623
Epoch: 86, Dataset: val, Dice: 0.8048, IoU: 0.7219
2026-09-18 18:32:10.998673 Epoch [087/200], Step [0031/0031], LR: 0.000100, Loss: 0.1150
Epoch: 87, Dataset: test, Dice: 0.8650, IoU: 0.7889
Epoch: 87, Dataset: val, Dice: 0.8193, IoU: 0.7354
2026-09-18 18:32:28.457154 Epoch [088/200], Step [0031/0031], LR: 0.000100, Loss: 0.1127
Epoch: 88, Dataset: test, Dice: 0.8782, IoU: 0.8017
Epoch: 88, Dataset: val, Dice: 0.8281, IoU: 0.7484
2026-09-18 18:32:46.492328 Epoch [089/200], Step [0031/0031], LR: 0.000100, Loss: 0.1119
Epoch: 89, Dataset: test, Dice: 0.8174, IoU: 0.7187
Epoch: 89, Dataset: val, Dice: 0.7845, IoU: 0.6964
2026-09-18 18:33:03.741407 Epoch [090/200], Step [0031/0031], LR: 0.000100, Loss: 0.1133
Epoch: 90, Dataset: test, Dice: 0.8030, IoU: 0.7012
Epoch: 90, Dataset: val, Dice: 0.7601, IoU: 0.6631
2026-09-18 18:33:20.963478 Epoch [091/200], Step [0031/0031], LR: 0.000100, Loss: 0.1084
Epoch: 91, Dataset: test, Dice: 0.8498, IoU: 0.7685
Epoch: 91, Dataset: val, Dice: 0.8189, IoU: 0.7387
2026-09-18 18:33:38.635914 Epoch [092/200], Step [0031/0031], LR: 0.000100, Loss: 0.1112
Epoch: 92, Dataset: test, Dice: 0.8611, IoU: 0.7874
Epoch: 92, Dataset: val, Dice: 0.8147, IoU: 0.7397
2026-09-18 18:33:55.917059 Epoch [093/200], Step [0031/0031], LR: 0.000100, Loss: 0.1118
Epoch: 93, Dataset: test, Dice: 0.8341, IoU: 0.7506
Epoch: 93, Dataset: val, Dice: 0.8125, IoU: 0.7333
2026-09-18 18:34:13.145324 Epoch [094/200], Step [0031/0031], LR: 0.000100, Loss: 0.1080
Epoch: 94, Dataset: test, Dice: 0.8554, IoU: 0.7796
Epoch: 94, Dataset: val, Dice: 0.8310, IoU: 0.7549
2026-09-18 18:34:30.493669 Epoch [095/200], Step [0031/0031], LR: 0.000100, Loss: 0.1064
Epoch: 95, Dataset: test, Dice: 0.8745, IoU: 0.8059
Epoch: 95, Dataset: val, Dice: 0.8322, IoU: 0.7560
2026-09-18 18:34:47.624248 Epoch [096/200], Step [0031/0031], LR: 0.000100, Loss: 0.1051
Epoch: 96, Dataset: test, Dice: 0.8641, IoU: 0.7892
Epoch: 96, Dataset: val, Dice: 0.8236, IoU: 0.7479
2026-09-18 18:35:04.950884 Epoch [097/200], Step [0031/0031], LR: 0.000100, Loss: 0.1063
Epoch: 97, Dataset: test, Dice: 0.8692, IoU: 0.8007
Epoch: 97, Dataset: val, Dice: 0.8275, IoU: 0.7503
2026-09-18 18:35:22.114483 Epoch [098/200], Step [0031/0031], LR: 0.000100, Loss: 0.1037
Epoch: 98, Dataset: test, Dice: 0.8735, IoU: 0.7992
Epoch: 98, Dataset: val, Dice: 0.8215, IoU: 0.7459
2026-09-18 18:35:39.489330 Epoch [099/200], Step [0031/0031], LR: 0.000100, Loss: 0.1032
Epoch: 99, Dataset: test, Dice: 0.8638, IoU: 0.7880
Epoch: 99, Dataset: val, Dice: 0.8369, IoU: 0.7612
2026-09-18 18:35:57.802880 Epoch [100/200], Step [0031/0031], LR: 0.000100, Loss: 0.1098
Epoch: 100, Dataset: test, Dice: 0.8673, IoU: 0.7877
Epoch: 100, Dataset: val, Dice: 0.8310, IoU: 0.7496
2026-09-18 18:36:15.509152 Epoch [101/200], Step [0031/0031], LR: 0.000100, Loss: 0.1077
Epoch: 101, Dataset: test, Dice: 0.8781, IoU: 0.8027
Epoch: 101, Dataset: val, Dice: 0.8228, IoU: 0.7477
2026-09-18 18:36:32.662201 Epoch [102/200], Step [0031/0031], LR: 0.000100, Loss: 0.1066
Epoch: 102, Dataset: test, Dice: 0.8795, IoU: 0.8027
Epoch: 102, Dataset: val, Dice: 0.8390, IoU: 0.7606
2026-09-18 18:36:50.674209 Epoch [103/200], Step [0031/0031], LR: 0.000100, Loss: 0.1035
Epoch: 103, Dataset: test, Dice: 0.8727, IoU: 0.7977
Epoch: 103, Dataset: val, Dice: 0.8308, IoU: 0.7569
2026-09-18 18:37:07.820960 Epoch [104/200], Step [0031/0031], LR: 0.000100, Loss: 0.1026
Epoch: 104, Dataset: test, Dice: 0.8832, IoU: 0.8124
Epoch: 104, Dataset: val, Dice: 0.8409, IoU: 0.7649
2026-09-18 18:37:26.102924 Epoch [105/200], Step [0031/0031], LR: 0.000100, Loss: 0.0998
Epoch: 105, Dataset: test, Dice: 0.8635, IoU: 0.7878
Epoch: 105, Dataset: val, Dice: 0.8256, IoU: 0.7466
2026-09-18 18:37:43.287732 Epoch [106/200], Step [0031/0031], LR: 0.000100, Loss: 0.0995
Epoch: 106, Dataset: test, Dice: 0.8815, IoU: 0.8078
Epoch: 106, Dataset: val, Dice: 0.8535, IoU: 0.7793
### Best Model Saved (Dice improved from 0.8480 to 0.8535) ###
2026-09-18 18:38:00.579560 Epoch [107/200], Step [0031/0031], LR: 0.000100, Loss: 0.1045
Epoch: 107, Dataset: test, Dice: 0.8552, IoU: 0.7741
Epoch: 107, Dataset: val, Dice: 0.8268, IoU: 0.7454
2026-09-18 18:38:17.797142 Epoch [108/200], Step [0031/0031], LR: 0.000100, Loss: 0.1003
Epoch: 108, Dataset: test, Dice: 0.8846, IoU: 0.8116
Epoch: 108, Dataset: val, Dice: 0.8192, IoU: 0.7398
2026-09-18 18:38:35.096713 Epoch [109/200], Step [0031/0031], LR: 0.000100, Loss: 0.0992
Epoch: 109, Dataset: test, Dice: 0.8626, IoU: 0.7835
Epoch: 109, Dataset: val, Dice: 0.8201, IoU: 0.7466
2026-09-18 18:38:52.578072 Epoch [110/200], Step [0031/0031], LR: 0.000100, Loss: 0.0947
Epoch: 110, Dataset: test, Dice: 0.8750, IoU: 0.8015
Epoch: 110, Dataset: val, Dice: 0.8372, IoU: 0.7575
2026-09-18 18:39:09.803728 Epoch [111/200], Step [0031/0031], LR: 0.000100, Loss: 0.0950
Epoch: 111, Dataset: test, Dice: 0.8731, IoU: 0.8030
Epoch: 111, Dataset: val, Dice: 0.8182, IoU: 0.7365
2026-09-18 18:39:27.260545 Epoch [112/200], Step [0031/0031], LR: 0.000100, Loss: 0.0978
Epoch: 112, Dataset: test, Dice: 0.8806, IoU: 0.8081
Epoch: 112, Dataset: val, Dice: 0.8171, IoU: 0.7415
2026-09-18 18:39:44.524349 Epoch [113/200], Step [0031/0031], LR: 0.000100, Loss: 0.1005
Epoch: 113, Dataset: test, Dice: 0.8798, IoU: 0.8059
Epoch: 113, Dataset: val, Dice: 0.8436, IoU: 0.7694
2026-09-18 18:40:02.180710 Epoch [114/200], Step [0031/0031], LR: 0.000100, Loss: 0.1001
Epoch: 114, Dataset: test, Dice: 0.8839, IoU: 0.8089
Epoch: 114, Dataset: val, Dice: 0.8344, IoU: 0.7572
2026-09-18 18:40:21.010112 Epoch [115/200], Step [0031/0031], LR: 0.000100, Loss: 0.0962
Epoch: 115, Dataset: test, Dice: 0.8899, IoU: 0.8242
Epoch: 115, Dataset: val, Dice: 0.8441, IoU: 0.7695
2026-09-18 18:40:38.308674 Epoch [116/200], Step [0031/0031], LR: 0.000100, Loss: 0.0957
Epoch: 116, Dataset: test, Dice: 0.8856, IoU: 0.8145
Epoch: 116, Dataset: val, Dice: 0.8309, IoU: 0.7614
2026-09-18 18:40:55.787986 Epoch [117/200], Step [0031/0031], LR: 0.000100, Loss: 0.0969
Epoch: 117, Dataset: test, Dice: 0.8807, IoU: 0.8111
Epoch: 117, Dataset: val, Dice: 0.8290, IoU: 0.7576
2026-09-18 18:41:13.200898 Epoch [118/200], Step [0031/0031], LR: 0.000100, Loss: 0.0950
Epoch: 118, Dataset: test, Dice: 0.8741, IoU: 0.8081
Epoch: 118, Dataset: val, Dice: 0.8307, IoU: 0.7582
2026-09-18 18:41:30.630173 Epoch [119/200], Step [0031/0031], LR: 0.000100, Loss: 0.0959
Epoch: 119, Dataset: test, Dice: 0.8752, IoU: 0.8042
Epoch: 119, Dataset: val, Dice: 0.8381, IoU: 0.7691
2026-09-18 18:41:47.997184 Epoch [120/200], Step [0031/0031], LR: 0.000100, Loss: 0.0950
Epoch: 120, Dataset: test, Dice: 0.8719, IoU: 0.7985
Epoch: 120, Dataset: val, Dice: 0.8411, IoU: 0.7640
2026-09-18 18:42:05.295704 Epoch [121/200], Step [0031/0031], LR: 0.000100, Loss: 0.0970
Epoch: 121, Dataset: test, Dice: 0.8652, IoU: 0.7902
Epoch: 121, Dataset: val, Dice: 0.8051, IoU: 0.7278
2026-09-18 18:42:22.751928 Epoch [122/200], Step [0031/0031], LR: 0.000100, Loss: 0.0924
Epoch: 122, Dataset: test, Dice: 0.8778, IoU: 0.8059
Epoch: 122, Dataset: val, Dice: 0.8234, IoU: 0.7480
2026-09-18 18:42:40.268334 Epoch [123/200], Step [0031/0031], LR: 0.000100, Loss: 0.0953
Epoch: 123, Dataset: test, Dice: 0.8781, IoU: 0.8074
Epoch: 123, Dataset: val, Dice: 0.8473, IoU: 0.7719
2026-09-18 18:42:57.811027 Epoch [124/200], Step [0031/0031], LR: 0.000100, Loss: 0.0925
Epoch: 124, Dataset: test, Dice: 0.8789, IoU: 0.8076
Epoch: 124, Dataset: val, Dice: 0.8162, IoU: 0.7364
2026-09-18 18:43:16.613413 Epoch [125/200], Step [0031/0031], LR: 0.000100, Loss: 0.0920
Epoch: 125, Dataset: test, Dice: 0.8652, IoU: 0.7937
Epoch: 125, Dataset: val, Dice: 0.8327, IoU: 0.7590
2026-09-18 18:43:34.173711 Epoch [126/200], Step [0031/0031], LR: 0.000100, Loss: 0.0936
Epoch: 126, Dataset: test, Dice: 0.8794, IoU: 0.8064
Epoch: 126, Dataset: val, Dice: 0.8438, IoU: 0.7664
2026-09-18 18:43:51.783290 Epoch [127/200], Step [0031/0031], LR: 0.000100, Loss: 0.0895
Epoch: 127, Dataset: test, Dice: 0.8830, IoU: 0.8112
Epoch: 127, Dataset: val, Dice: 0.8453, IoU: 0.7697
2026-09-18 18:44:09.154866 Epoch [128/200], Step [0031/0031], LR: 0.000100, Loss: 0.0924
Epoch: 128, Dataset: test, Dice: 0.8686, IoU: 0.7957
Epoch: 128, Dataset: val, Dice: 0.8085, IoU: 0.7293
2026-09-18 18:44:26.535841 Epoch [129/200], Step [0031/0031], LR: 0.000100, Loss: 0.0897
Epoch: 129, Dataset: test, Dice: 0.8743, IoU: 0.8000
Epoch: 129, Dataset: val, Dice: 0.8278, IoU: 0.7471
2026-09-18 18:44:43.949557 Epoch [130/200], Step [0031/0031], LR: 0.000100, Loss: 0.0878
Epoch: 130, Dataset: test, Dice: 0.8702, IoU: 0.7974
Epoch: 130, Dataset: val, Dice: 0.8457, IoU: 0.7758
2026-09-18 18:45:01.303441 Epoch [131/200], Step [0031/0031], LR: 0.000100, Loss: 0.0875
Epoch: 131, Dataset: test, Dice: 0.8785, IoU: 0.8050
Epoch: 131, Dataset: val, Dice: 0.8233, IoU: 0.7477
2026-09-18 18:45:19.217489 Epoch [132/200], Step [0031/0031], LR: 0.000100, Loss: 0.0916
Epoch: 132, Dataset: test, Dice: 0.8893, IoU: 0.8170
Epoch: 132, Dataset: val, Dice: 0.8229, IoU: 0.7454
2026-09-18 18:45:36.701366 Epoch [133/200], Step [0031/0031], LR: 0.000100, Loss: 0.0876
Epoch: 133, Dataset: test, Dice: 0.8691, IoU: 0.7897
Epoch: 133, Dataset: val, Dice: 0.8255, IoU: 0.7481
2026-09-18 18:45:54.330124 Epoch [134/200], Step [0031/0031], LR: 0.000100, Loss: 0.0890
Epoch: 134, Dataset: test, Dice: 0.8860, IoU: 0.8139
Epoch: 134, Dataset: val, Dice: 0.8343, IoU: 0.7568
2026-09-18 18:46:13.262319 Epoch [135/200], Step [0031/0031], LR: 0.000100, Loss: 0.0860
Epoch: 135, Dataset: test, Dice: 0.8732, IoU: 0.8053
Epoch: 135, Dataset: val, Dice: 0.8361, IoU: 0.7657
2026-09-18 18:46:30.420060 Epoch [136/200], Step [0031/0031], LR: 0.000100, Loss: 0.0874
Epoch: 136, Dataset: test, Dice: 0.8696, IoU: 0.8008
Epoch: 136, Dataset: val, Dice: 0.8202, IoU: 0.7421
2026-09-18 18:46:47.910612 Epoch [137/200], Step [0031/0031], LR: 0.000100, Loss: 0.0875
Epoch: 137, Dataset: test, Dice: 0.8602, IoU: 0.7807
Epoch: 137, Dataset: val, Dice: 0.8237, IoU: 0.7400
2026-09-18 18:47:05.052238 Epoch [138/200], Step [0031/0031], LR: 0.000100, Loss: 0.0906
Epoch: 138, Dataset: test, Dice: 0.8776, IoU: 0.7972
Epoch: 138, Dataset: val, Dice: 0.8172, IoU: 0.7376
2026-09-18 18:47:22.240939 Epoch [139/200], Step [0031/0031], LR: 0.000100, Loss: 0.0869
Epoch: 139, Dataset: test, Dice: 0.8751, IoU: 0.8053
Epoch: 139, Dataset: val, Dice: 0.8465, IoU: 0.7721
2026-09-18 18:47:39.896399 Epoch [140/200], Step [0031/0031], LR: 0.000100, Loss: 0.0917
Epoch: 140, Dataset: test, Dice: 0.8885, IoU: 0.8174
Epoch: 140, Dataset: val, Dice: 0.8307, IoU: 0.7560
2026-09-18 18:47:57.418919 Epoch [141/200], Step [0031/0031], LR: 0.000100, Loss: 0.0894
Epoch: 141, Dataset: test, Dice: 0.8758, IoU: 0.8049
Epoch: 141, Dataset: val, Dice: 0.8323, IoU: 0.7568
2026-09-18 18:48:15.465048 Epoch [142/200], Step [0031/0031], LR: 0.000100, Loss: 0.0858
Epoch: 142, Dataset: test, Dice: 0.8771, IoU: 0.8032
Epoch: 142, Dataset: val, Dice: 0.8255, IoU: 0.7479
2026-09-18 18:48:32.892282 Epoch [143/200], Step [0031/0031], LR: 0.000100, Loss: 0.0864
Epoch: 143, Dataset: test, Dice: 0.8647, IoU: 0.7922
Epoch: 143, Dataset: val, Dice: 0.8275, IoU: 0.7549
2026-09-18 18:48:50.110989 Epoch [144/200], Step [0031/0031], LR: 0.000100, Loss: 0.0891
Epoch: 144, Dataset: test, Dice: 0.8766, IoU: 0.8051
Epoch: 144, Dataset: val, Dice: 0.8370, IoU: 0.7591
2026-09-18 18:49:07.527436 Epoch [145/200], Step [0031/0031], LR: 0.000100, Loss: 0.0857
Epoch: 145, Dataset: test, Dice: 0.8719, IoU: 0.8015
Epoch: 145, Dataset: val, Dice: 0.8164, IoU: 0.7421
2026-09-18 18:49:24.871467 Epoch [146/200], Step [0031/0031], LR: 0.000100, Loss: 0.0844
Epoch: 146, Dataset: test, Dice: 0.8861, IoU: 0.8167
Epoch: 146, Dataset: val, Dice: 0.8547, IoU: 0.7829
### Best Model Saved (Dice improved from 0.8535 to 0.8547) ###
2026-09-18 18:49:42.400383 Epoch [147/200], Step [0031/0031], LR: 0.000100, Loss: 0.0837
Epoch: 147, Dataset: test, Dice: 0.8833, IoU: 0.8106
Epoch: 147, Dataset: val, Dice: 0.8365, IoU: 0.7615
2026-09-18 18:49:59.970017 Epoch [148/200], Step [0031/0031], LR: 0.000100, Loss: 0.0845
Epoch: 148, Dataset: test, Dice: 0.8755, IoU: 0.8026
Epoch: 148, Dataset: val, Dice: 0.8515, IoU: 0.7752
2026-09-18 18:50:18.248063 Epoch [149/200], Step [0031/0031], LR: 0.000100, Loss: 0.0838
Epoch: 149, Dataset: test, Dice: 0.8722, IoU: 0.8015
Epoch: 149, Dataset: val, Dice: 0.8385, IoU: 0.7621
2026-09-18 18:50:35.773815 Epoch [150/200], Step [0031/0031], LR: 0.000100, Loss: 0.0827
Epoch: 150, Dataset: test, Dice: 0.8494, IoU: 0.7750
Epoch: 150, Dataset: val, Dice: 0.8526, IoU: 0.7807
2026-09-18 18:50:53.395677 Epoch [151/200], Step [0031/0031], LR: 0.000100, Loss: 0.0817
Epoch: 151, Dataset: test, Dice: 0.8737, IoU: 0.8006
Epoch: 151, Dataset: val, Dice: 0.8368, IoU: 0.7603
2026-09-18 18:51:10.608699 Epoch [152/200], Step [0031/0031], LR: 0.000100, Loss: 0.0822
Epoch: 152, Dataset: test, Dice: 0.8625, IoU: 0.7781
Epoch: 152, Dataset: val, Dice: 0.8327, IoU: 0.7500
2026-09-18 18:51:28.317786 Epoch [153/200], Step [0031/0031], LR: 0.000100, Loss: 0.0886
Epoch: 153, Dataset: test, Dice: 0.8785, IoU: 0.8063
Epoch: 153, Dataset: val, Dice: 0.8282, IoU: 0.7499
2026-09-18 18:51:45.771682 Epoch [154/200], Step [0031/0031], LR: 0.000100, Loss: 0.0847
Epoch: 154, Dataset: test, Dice: 0.8761, IoU: 0.8063
Epoch: 154, Dataset: val, Dice: 0.8531, IoU: 0.7784
2026-09-18 18:52:03.506400 Epoch [155/200], Step [0031/0031], LR: 0.000100, Loss: 0.0831
Epoch: 155, Dataset: test, Dice: 0.8771, IoU: 0.8043
Epoch: 155, Dataset: val, Dice: 0.8350, IoU: 0.7574
2026-09-18 18:52:21.148491 Epoch [156/200], Step [0031/0031], LR: 0.000100, Loss: 0.0801
Epoch: 156, Dataset: test, Dice: 0.8755, IoU: 0.8026
Epoch: 156, Dataset: val, Dice: 0.8433, IoU: 0.7690
2026-09-18 18:52:38.808558 Epoch [157/200], Step [0031/0031], LR: 0.000100, Loss: 0.0803
Epoch: 157, Dataset: test, Dice: 0.8793, IoU: 0.8101
Epoch: 157, Dataset: val, Dice: 0.8496, IoU: 0.7772
2026-09-18 18:52:56.421027 Epoch [158/200], Step [0031/0031], LR: 0.000100, Loss: 0.0855
Epoch: 158, Dataset: test, Dice: 0.8800, IoU: 0.8026
Epoch: 158, Dataset: val, Dice: 0.8369, IoU: 0.7601
2026-09-18 18:53:14.485712 Epoch [159/200], Step [0031/0031], LR: 0.000100, Loss: 0.0815
Epoch: 159, Dataset: test, Dice: 0.8818, IoU: 0.8117
Epoch: 159, Dataset: val, Dice: 0.8494, IoU: 0.7747
2026-09-18 18:53:32.364028 Epoch [160/200], Step [0031/0031], LR: 0.000100, Loss: 0.0811
Epoch: 160, Dataset: test, Dice: 0.8800, IoU: 0.8089
Epoch: 160, Dataset: val, Dice: 0.8455, IoU: 0.7741
2026-09-18 18:53:49.966447 Epoch [161/200], Step [0031/0031], LR: 0.000100, Loss: 0.0795
Epoch: 161, Dataset: test, Dice: 0.8660, IoU: 0.7943
Epoch: 161, Dataset: val, Dice: 0.8450, IoU: 0.7723
2026-09-18 18:54:07.480718 Epoch [162/200], Step [0031/0031], LR: 0.000100, Loss: 0.0777
Epoch: 162, Dataset: test, Dice: 0.8724, IoU: 0.8000
Epoch: 162, Dataset: val, Dice: 0.8414, IoU: 0.7727
2026-09-18 18:54:25.278052 Epoch [163/200], Step [0031/0031], LR: 0.000100, Loss: 0.0796
Epoch: 163, Dataset: test, Dice: 0.8647, IoU: 0.7917
Epoch: 163, Dataset: val, Dice: 0.8340, IoU: 0.7638
2026-09-18 18:54:42.894177 Epoch [164/200], Step [0031/0031], LR: 0.000100, Loss: 0.0789
Epoch: 164, Dataset: test, Dice: 0.8763, IoU: 0.8052
Epoch: 164, Dataset: val, Dice: 0.8241, IoU: 0.7525
2026-09-18 18:55:00.426043 Epoch [165/200], Step [0031/0031], LR: 0.000100, Loss: 0.0806
Epoch: 165, Dataset: test, Dice: 0.8628, IoU: 0.7867
Epoch: 165, Dataset: val, Dice: 0.8286, IoU: 0.7546
2026-09-18 18:55:18.004850 Epoch [166/200], Step [0031/0031], LR: 0.000100, Loss: 0.0808
Epoch: 166, Dataset: test, Dice: 0.8779, IoU: 0.8056
Epoch: 166, Dataset: val, Dice: 0.8337, IoU: 0.7613
2026-09-18 18:55:35.906618 Epoch [167/200], Step [0031/0031], LR: 0.000100, Loss: 0.0806
Epoch: 167, Dataset: test, Dice: 0.8881, IoU: 0.8174
Epoch: 167, Dataset: val, Dice: 0.8330, IoU: 0.7586
2026-09-18 18:55:54.206035 Epoch [168/200], Step [0031/0031], LR: 0.000100, Loss: 0.0761
Epoch: 168, Dataset: test, Dice: 0.8778, IoU: 0.8036
Epoch: 168, Dataset: val, Dice: 0.8357, IoU: 0.7614
2026-09-18 18:56:12.188262 Epoch [169/200], Step [0031/0031], LR: 0.000100, Loss: 0.0773
Epoch: 169, Dataset: test, Dice: 0.8981, IoU: 0.8289
Epoch: 169, Dataset: val, Dice: 0.8283, IoU: 0.7508
2026-09-18 18:56:30.397941 Epoch [170/200], Step [0031/0031], LR: 0.000100, Loss: 0.0755
Epoch: 170, Dataset: test, Dice: 0.8865, IoU: 0.8173
Epoch: 170, Dataset: val, Dice: 0.8242, IoU: 0.7494
2026-09-18 18:56:47.996862 Epoch [171/200], Step [0031/0031], LR: 0.000100, Loss: 0.0750
Epoch: 171, Dataset: test, Dice: 0.8897, IoU: 0.8182
Epoch: 171, Dataset: val, Dice: 0.8488, IoU: 0.7772
2026-09-18 18:57:05.783243 Epoch [172/200], Step [0031/0031], LR: 0.000100, Loss: 0.0776
Epoch: 172, Dataset: test, Dice: 0.8801, IoU: 0.8065
Epoch: 172, Dataset: val, Dice: 0.8539, IoU: 0.7826
2026-09-18 18:57:23.736375 Epoch [173/200], Step [0031/0031], LR: 0.000100, Loss: 0.0789
Epoch: 173, Dataset: test, Dice: 0.8800, IoU: 0.8020
Epoch: 173, Dataset: val, Dice: 0.8404, IoU: 0.7622
2026-09-18 18:57:41.701550 Epoch [174/200], Step [0031/0031], LR: 0.000100, Loss: 0.0797
Epoch: 174, Dataset: test, Dice: 0.8851, IoU: 0.8172
Epoch: 174, Dataset: val, Dice: 0.8151, IoU: 0.7426
2026-09-18 18:57:59.456895 Epoch [175/200], Step [0031/0031], LR: 0.000100, Loss: 0.0782
Epoch: 175, Dataset: test, Dice: 0.8786, IoU: 0.8081
Epoch: 175, Dataset: val, Dice: 0.8282, IoU: 0.7558
2026-09-18 18:58:17.114895 Epoch [176/200], Step [0031/0031], LR: 0.000100, Loss: 0.0792
Epoch: 176, Dataset: test, Dice: 0.8799, IoU: 0.8101
Epoch: 176, Dataset: val, Dice: 0.8396, IoU: 0.7666
2026-09-18 18:58:34.620028 Epoch [177/200], Step [0031/0031], LR: 0.000100, Loss: 0.0755
Epoch: 177, Dataset: test, Dice: 0.8740, IoU: 0.8027
Epoch: 177, Dataset: val, Dice: 0.8351, IoU: 0.7580
2026-09-18 18:58:52.318506 Epoch [178/200], Step [0031/0031], LR: 0.000100, Loss: 0.0759
Epoch: 178, Dataset: test, Dice: 0.8751, IoU: 0.7999
Epoch: 178, Dataset: val, Dice: 0.8321, IoU: 0.7531
2026-09-18 18:59:10.113727 Epoch [179/200], Step [0031/0031], LR: 0.000100, Loss: 0.0774
Epoch: 179, Dataset: test, Dice: 0.8900, IoU: 0.8201
Epoch: 179, Dataset: val, Dice: 0.8455, IoU: 0.7710
2026-09-18 18:59:28.193264 Epoch [180/200], Step [0031/0031], LR: 0.000100, Loss: 0.0758
Epoch: 180, Dataset: test, Dice: 0.8847, IoU: 0.8133
Epoch: 180, Dataset: val, Dice: 0.8551, IoU: 0.7798
### Best Model Saved (Dice improved from 0.8547 to 0.8551) ###
2026-09-18 18:59:45.862128 Epoch [181/200], Step [0031/0031], LR: 0.000100, Loss: 0.0737
Epoch: 181, Dataset: test, Dice: 0.8832, IoU: 0.8108
Epoch: 181, Dataset: val, Dice: 0.8274, IoU: 0.7491
2026-09-18 19:00:03.493837 Epoch [182/200], Step [0031/0031], LR: 0.000100, Loss: 0.0733
Epoch: 182, Dataset: test, Dice: 0.8822, IoU: 0.8115
Epoch: 182, Dataset: val, Dice: 0.8336, IoU: 0.7601
2026-09-18 19:00:21.192660 Epoch [183/200], Step [0031/0031], LR: 0.000100, Loss: 0.0761
Epoch: 183, Dataset: test, Dice: 0.8651, IoU: 0.7910
Epoch: 183, Dataset: val, Dice: 0.8197, IoU: 0.7373
2026-09-18 19:00:39.378425 Epoch [184/200], Step [0031/0031], LR: 0.000100, Loss: 0.0756
Epoch: 184, Dataset: test, Dice: 0.8951, IoU: 0.8240
Epoch: 184, Dataset: val, Dice: 0.8499, IoU: 0.7771
2026-09-18 19:00:57.474917 Epoch [185/200], Step [0031/0031], LR: 0.000100, Loss: 0.0726
Epoch: 185, Dataset: test, Dice: 0.8830, IoU: 0.8125
Epoch: 185, Dataset: val, Dice: 0.8288, IoU: 0.7552
2026-09-18 19:01:15.382426 Epoch [186/200], Step [0031/0031], LR: 0.000100, Loss: 0.0738
Epoch: 186, Dataset: test, Dice: 0.8896, IoU: 0.8228
Epoch: 186, Dataset: val, Dice: 0.8400, IoU: 0.7655
2026-09-18 19:01:33.056067 Epoch [187/200], Step [0031/0031], LR: 0.000100, Loss: 0.0746
Epoch: 187, Dataset: test, Dice: 0.8857, IoU: 0.8154
Epoch: 187, Dataset: val, Dice: 0.8396, IoU: 0.7658
2026-09-18 19:01:50.551967 Epoch [188/200], Step [0031/0031], LR: 0.000100, Loss: 0.0743
Epoch: 188, Dataset: test, Dice: 0.8887, IoU: 0.8199
Epoch: 188, Dataset: val, Dice: 0.8134, IoU: 0.7370
2026-09-18 19:02:07.941676 Epoch [189/200], Step [0031/0031], LR: 0.000100, Loss: 0.0741
Epoch: 189, Dataset: test, Dice: 0.8875, IoU: 0.8137
Epoch: 189, Dataset: val, Dice: 0.8311, IoU: 0.7582
2026-09-18 19:02:27.490858 Epoch [190/200], Step [0031/0031], LR: 0.000100, Loss: 0.0769
Epoch: 190, Dataset: test, Dice: 0.8929, IoU: 0.8250
Epoch: 190, Dataset: val, Dice: 0.8525, IoU: 0.7819
2026-09-18 19:02:46.150356 Epoch [191/200], Step [0031/0031], LR: 0.000100, Loss: 0.0736
Epoch: 191, Dataset: test, Dice: 0.8886, IoU: 0.8164
Epoch: 191, Dataset: val, Dice: 0.8431, IoU: 0.7688
2026-09-18 19:03:03.896382 Epoch [192/200], Step [0031/0031], LR: 0.000100, Loss: 0.0764
Epoch: 192, Dataset: test, Dice: 0.8791, IoU: 0.8106
Epoch: 192, Dataset: val, Dice: 0.8347, IoU: 0.7650
2026-09-18 19:03:21.441498 Epoch [193/200], Step [0031/0031], LR: 0.000100, Loss: 0.0718
Epoch: 193, Dataset: test, Dice: 0.8838, IoU: 0.8139
Epoch: 193, Dataset: val, Dice: 0.8461, IoU: 0.7703
2026-09-18 19:03:39.074208 Epoch [194/200], Step [0031/0031], LR: 0.000100, Loss: 0.0731
Epoch: 194, Dataset: test, Dice: 0.8795, IoU: 0.8088
Epoch: 194, Dataset: val, Dice: 0.8327, IoU: 0.7561
2026-09-18 19:03:57.456945 Epoch [195/200], Step [0031/0031], LR: 0.000100, Loss: 0.0722
Epoch: 195, Dataset: test, Dice: 0.8803, IoU: 0.8114
Epoch: 195, Dataset: val, Dice: 0.8308, IoU: 0.7599
2026-09-18 19:04:15.377560 Epoch [196/200], Step [0031/0031], LR: 0.000100, Loss: 0.0721
Epoch: 196, Dataset: test, Dice: 0.8777, IoU: 0.8060
Epoch: 196, Dataset: val, Dice: 0.8407, IoU: 0.7671
2026-09-18 19:04:33.450458 Epoch [197/200], Step [0031/0031], LR: 0.000100, Loss: 0.0724
Epoch: 197, Dataset: test, Dice: 0.8906, IoU: 0.8224
Epoch: 197, Dataset: val, Dice: 0.8203, IoU: 0.7451
2026-09-18 19:04:50.788468 Epoch [198/200], Step [0031/0031], LR: 0.000100, Loss: 0.0714
Epoch: 198, Dataset: test, Dice: 0.8922, IoU: 0.8235
Epoch: 198, Dataset: val, Dice: 0.8308, IoU: 0.7532
2026-09-18 19:05:09.874600 Epoch [199/200], Step [0031/0031], LR: 0.000100, Loss: 0.0718
Epoch: 199, Dataset: test, Dice: 0.8849, IoU: 0.8174
Epoch: 199, Dataset: val, Dice: 0.8394, IoU: 0.7656
2026-09-18 19:05:27.302233 Epoch [200/200], Step [0031/0031], LR: 0.000100, Loss: 0.0710
Epoch: 200, Dataset: test, Dice: 0.8762, IoU: 0.8022
Epoch: 200, Dataset: val, Dice: 0.8259, IoU: 0.7459

========================================
FINAL RESULTS: ClinicDB_MK_UNet_bs16_lr0.0001_e200_augFalse_run2_t180632
Best Val Dice: 0.8551
Test Dice at Best Val: 0.8847
Total Train Time: 3175.46s
========================================
Network: MK_UNet | Channels: [16, 32, 64, 96, 160]
[INFO] Register count_convNd() for <class 'torch.nn.modules.conv.Conv2d'>.
[INFO] Register count_normalization() for <class 'torch.nn.modules.batchnorm.BatchNorm2d'>.
[INFO] Register zero_ops() for <class 'torch.nn.modules.activation.ReLU6'>.
[INFO] Register zero_ops() for <class 'torch.nn.modules.container.Sequential'>.
[INFO] Register zero_ops() for <class 'torch.nn.modules.activation.ReLU'>.
[INFO] Register count_adap_avgpool() for <class 'torch.nn.modules.pooling.AdaptiveAvgPool2d'>.
[INFO] Register zero_ops() for <class 'torch.nn.modules.pooling.AdaptiveMaxPool2d'>.
flops 0.619251354
params 0.315566
Total params: 0.32M
2026-09-18 19:05:45.105112 Epoch [001/200], Step [0031/0031], LR: 0.000100, Loss: 1.4932
Epoch: 1, Dataset: test, Dice: 0.2600, IoU: 0.1592
Epoch: 1, Dataset: val, Dice: 0.2801, IoU: 0.1800
### Best Model Saved (Dice improved from 0.0000 to 0.2801) ###
2026-09-18 19:06:03.452664 Epoch [002/200], Step [0031/0031], LR: 0.000100, Loss: 1.3233
Epoch: 2, Dataset: test, Dice: 0.4773, IoU: 0.3379
Epoch: 2, Dataset: val, Dice: 0.5345, IoU: 0.3984
### Best Model Saved (Dice improved from 0.2801 to 0.5345) ###
2026-09-18 19:06:20.844838 Epoch [003/200], Step [0031/0031], LR: 0.000100, Loss: 1.2228
Epoch: 3, Dataset: test, Dice: 0.5914, IoU: 0.4516
Epoch: 3, Dataset: val, Dice: 0.5908, IoU: 0.4580
### Best Model Saved (Dice improved from 0.5345 to 0.5908) ###
2026-09-18 19:06:38.257409 Epoch [004/200], Step [0031/0031], LR: 0.000100, Loss: 1.0760
Epoch: 4, Dataset: test, Dice: 0.6302, IoU: 0.4952
Epoch: 4, Dataset: val, Dice: 0.6330, IoU: 0.5046
### Best Model Saved (Dice improved from 0.5908 to 0.6330) ###
2026-09-18 19:06:55.676687 Epoch [005/200], Step [0031/0031], LR: 0.000100, Loss: 0.8994
Epoch: 5, Dataset: test, Dice: 0.6281, IoU: 0.4935
Epoch: 5, Dataset: val, Dice: 0.6129, IoU: 0.4882
2026-09-18 19:07:12.944223 Epoch [006/200], Step [0031/0031], LR: 0.000100, Loss: 0.7460
Epoch: 6, Dataset: test, Dice: 0.6265, IoU: 0.5026
Epoch: 6, Dataset: val, Dice: 0.6453, IoU: 0.5228
### Best Model Saved (Dice improved from 0.6330 to 0.6453) ###
2026-09-18 19:07:30.242793 Epoch [007/200], Step [0031/0031], LR: 0.000100, Loss: 0.6016
Epoch: 7, Dataset: test, Dice: 0.6561, IoU: 0.5290
Epoch: 7, Dataset: val, Dice: 0.6511, IoU: 0.5268
### Best Model Saved (Dice improved from 0.6453 to 0.6511) ###
2026-09-18 19:07:47.725062 Epoch [008/200], Step [0031/0031], LR: 0.000100, Loss: 0.5230
Epoch: 8, Dataset: test, Dice: 0.7394, IoU: 0.6236
Epoch: 8, Dataset: val, Dice: 0.7168, IoU: 0.5929
### Best Model Saved (Dice improved from 0.6511 to 0.7168) ###
2026-09-18 19:08:05.191555 Epoch [009/200], Step [0031/0031], LR: 0.000100, Loss: 0.4661
Epoch: 9, Dataset: test, Dice: 0.7946, IoU: 0.6841
Epoch: 9, Dataset: val, Dice: 0.7886, IoU: 0.6854
### Best Model Saved (Dice improved from 0.7168 to 0.7886) ###
2026-09-18 19:08:22.565380 Epoch [010/200], Step [0031/0031], LR: 0.000100, Loss: 0.4304
Epoch: 10, Dataset: test, Dice: 0.7624, IoU: 0.6498
Epoch: 10, Dataset: val, Dice: 0.7301, IoU: 0.6124
2026-09-18 19:08:39.855502 Epoch [011/200], Step [0031/0031], LR: 0.000100, Loss: 0.4042
Epoch: 11, Dataset: test, Dice: 0.7903, IoU: 0.6875
Epoch: 11, Dataset: val, Dice: 0.7712, IoU: 0.6665
2026-09-18 19:08:57.149823 Epoch [012/200], Step [0031/0031], LR: 0.000100, Loss: 0.3644
Epoch: 12, Dataset: test, Dice: 0.8305, IoU: 0.7398
Epoch: 12, Dataset: val, Dice: 0.7636, IoU: 0.6646
2026-09-18 19:09:14.399701 Epoch [013/200], Step [0031/0031], LR: 0.000100, Loss: 0.3552
Epoch: 13, Dataset: test, Dice: 0.7660, IoU: 0.6737
Epoch: 13, Dataset: val, Dice: 0.7843, IoU: 0.6880
2026-09-18 19:09:31.663281 Epoch [014/200], Step [0031/0031], LR: 0.000100, Loss: 0.3301
Epoch: 14, Dataset: test, Dice: 0.8318, IoU: 0.7406
Epoch: 14, Dataset: val, Dice: 0.8093, IoU: 0.7110
### Best Model Saved (Dice improved from 0.7886 to 0.8093) ###
2026-09-18 19:09:48.872909 Epoch [015/200], Step [0031/0031], LR: 0.000100, Loss: 0.3134
Epoch: 15, Dataset: test, Dice: 0.8429, IoU: 0.7514
Epoch: 15, Dataset: val, Dice: 0.7944, IoU: 0.6941
2026-09-18 19:10:06.152756 Epoch [016/200], Step [0031/0031], LR: 0.000100, Loss: 0.2949
Epoch: 16, Dataset: test, Dice: 0.8336, IoU: 0.7475
Epoch: 16, Dataset: val, Dice: 0.8092, IoU: 0.7143
2026-09-18 19:10:23.325655 Epoch [017/200], Step [0031/0031], LR: 0.000100, Loss: 0.2792
Epoch: 17, Dataset: test, Dice: 0.8503, IoU: 0.7669
Epoch: 17, Dataset: val, Dice: 0.8010, IoU: 0.7047
2026-09-18 19:10:40.626566 Epoch [018/200], Step [0031/0031], LR: 0.000100, Loss: 0.2795
Epoch: 18, Dataset: test, Dice: 0.8543, IoU: 0.7733
Epoch: 18, Dataset: val, Dice: 0.8040, IoU: 0.7139
2026-09-18 19:10:57.857849 Epoch [019/200], Step [0031/0031], LR: 0.000100, Loss: 0.2763
Epoch: 19, Dataset: test, Dice: 0.8196, IoU: 0.7403
Epoch: 19, Dataset: val, Dice: 0.7913, IoU: 0.6952
2026-09-18 19:11:15.152281 Epoch [020/200], Step [0031/0031], LR: 0.000100, Loss: 0.2615
Epoch: 20, Dataset: test, Dice: 0.8723, IoU: 0.7985
Epoch: 20, Dataset: val, Dice: 0.8335, IoU: 0.7498
### Best Model Saved (Dice improved from 0.8093 to 0.8335) ###
2026-09-18 19:11:32.479536 Epoch [021/200], Step [0031/0031], LR: 0.000100, Loss: 0.2444
Epoch: 21, Dataset: test, Dice: 0.8517, IoU: 0.7765
Epoch: 21, Dataset: val, Dice: 0.8197, IoU: 0.7351
2026-09-18 19:11:49.646360 Epoch [022/200], Step [0031/0031], LR: 0.000100, Loss: 0.2473
Epoch: 22, Dataset: test, Dice: 0.8537, IoU: 0.7774
Epoch: 22, Dataset: val, Dice: 0.8154, IoU: 0.7313
2026-09-18 19:12:06.941244 Epoch [023/200], Step [0031/0031], LR: 0.000100, Loss: 0.2388
Epoch: 23, Dataset: test, Dice: 0.8534, IoU: 0.7744
Epoch: 23, Dataset: val, Dice: 0.8138, IoU: 0.7270
2026-09-18 19:12:24.121629 Epoch [024/200], Step [0031/0031], LR: 0.000100, Loss: 0.2223
Epoch: 24, Dataset: test, Dice: 0.8294, IoU: 0.7470
Epoch: 24, Dataset: val, Dice: 0.8082, IoU: 0.7127
2026-09-18 19:12:41.383750 Epoch [025/200], Step [0031/0031], LR: 0.000100, Loss: 0.2256
Epoch: 25, Dataset: test, Dice: 0.8722, IoU: 0.7958
Epoch: 25, Dataset: val, Dice: 0.8071, IoU: 0.7150
2026-09-18 19:12:58.794268 Epoch [026/200], Step [0031/0031], LR: 0.000100, Loss: 0.2157
Epoch: 26, Dataset: test, Dice: 0.8847, IoU: 0.8126
Epoch: 26, Dataset: val, Dice: 0.8270, IoU: 0.7411
2026-09-18 19:13:16.130340 Epoch [027/200], Step [0031/0031], LR: 0.000100, Loss: 0.2101
Epoch: 27, Dataset: test, Dice: 0.8705, IoU: 0.7925
Epoch: 27, Dataset: val, Dice: 0.8228, IoU: 0.7348
2026-09-18 19:13:33.639858 Epoch [028/200], Step [0031/0031], LR: 0.000100, Loss: 0.1996
Epoch: 28, Dataset: test, Dice: 0.8712, IoU: 0.7932
Epoch: 28, Dataset: val, Dice: 0.8355, IoU: 0.7536
### Best Model Saved (Dice improved from 0.8335 to 0.8355) ###
2026-09-18 19:13:51.090806 Epoch [029/200], Step [0031/0031], LR: 0.000100, Loss: 0.1993
Epoch: 29, Dataset: test, Dice: 0.8537, IoU: 0.7738
Epoch: 29, Dataset: val, Dice: 0.8106, IoU: 0.7249
2026-09-18 19:14:08.477719 Epoch [030/200], Step [0031/0031], LR: 0.000100, Loss: 0.2055
Epoch: 30, Dataset: test, Dice: 0.8743, IoU: 0.7951
Epoch: 30, Dataset: val, Dice: 0.8349, IoU: 0.7489
2026-09-18 19:14:25.818771 Epoch [031/200], Step [0031/0031], LR: 0.000100, Loss: 0.1938
Epoch: 31, Dataset: test, Dice: 0.8571, IoU: 0.7818
Epoch: 31, Dataset: val, Dice: 0.8427, IoU: 0.7586
### Best Model Saved (Dice improved from 0.8355 to 0.8427) ###
2026-09-18 19:14:43.386546 Epoch [032/200], Step [0031/0031], LR: 0.000100, Loss: 0.1871
Epoch: 32, Dataset: test, Dice: 0.8876, IoU: 0.8141
Epoch: 32, Dataset: val, Dice: 0.8402, IoU: 0.7570
2026-09-18 19:15:01.131327 Epoch [033/200], Step [0031/0031], LR: 0.000100, Loss: 0.1803
Epoch: 33, Dataset: test, Dice: 0.8705, IoU: 0.7896
Epoch: 33, Dataset: val, Dice: 0.8392, IoU: 0.7496
2026-09-18 19:15:18.614185 Epoch [034/200], Step [0031/0031], LR: 0.000100, Loss: 0.1811
Epoch: 34, Dataset: test, Dice: 0.8704, IoU: 0.7964
Epoch: 34, Dataset: val, Dice: 0.8455, IoU: 0.7627
### Best Model Saved (Dice improved from 0.8427 to 0.8455) ###
2026-09-18 19:15:36.046379 Epoch [035/200], Step [0031/0031], LR: 0.000100, Loss: 0.1829
Epoch: 35, Dataset: test, Dice: 0.8739, IoU: 0.7975
Epoch: 35, Dataset: val, Dice: 0.8323, IoU: 0.7483
2026-09-18 19:15:53.428791 Epoch [036/200], Step [0031/0031], LR: 0.000100, Loss: 0.1762
Epoch: 36, Dataset: test, Dice: 0.8945, IoU: 0.8227
Epoch: 36, Dataset: val, Dice: 0.8368, IoU: 0.7603
2026-09-18 19:16:10.816761 Epoch [037/200], Step [0031/0031], LR: 0.000100, Loss: 0.1759
Epoch: 37, Dataset: test, Dice: 0.8783, IoU: 0.8066
Epoch: 37, Dataset: val, Dice: 0.8540, IoU: 0.7728
### Best Model Saved (Dice improved from 0.8455 to 0.8540) ###
2026-09-18 19:16:28.486202 Epoch [038/200], Step [0031/0031], LR: 0.000100, Loss: 0.1755
Epoch: 38, Dataset: test, Dice: 0.8904, IoU: 0.8207
Epoch: 38, Dataset: val, Dice: 0.8457, IoU: 0.7669
2026-09-18 19:16:45.746137 Epoch [039/200], Step [0031/0031], LR: 0.000100, Loss: 0.1640
Epoch: 39, Dataset: test, Dice: 0.8838, IoU: 0.8122
Epoch: 39, Dataset: val, Dice: 0.8371, IoU: 0.7527
2026-09-18 19:17:03.049993 Epoch [040/200], Step [0031/0031], LR: 0.000100, Loss: 0.1686
Epoch: 40, Dataset: test, Dice: 0.8883, IoU: 0.8192
Epoch: 40, Dataset: val, Dice: 0.8326, IoU: 0.7520
2026-09-18 19:17:20.593908 Epoch [041/200], Step [0031/0031], LR: 0.000100, Loss: 0.1616
Epoch: 41, Dataset: test, Dice: 0.8741, IoU: 0.7985
Epoch: 41, Dataset: val, Dice: 0.8287, IoU: 0.7471
2026-09-18 19:17:38.159348 Epoch [042/200], Step [0031/0031], LR: 0.000100, Loss: 0.1712
Epoch: 42, Dataset: test, Dice: 0.8651, IoU: 0.7910
Epoch: 42, Dataset: val, Dice: 0.8338, IoU: 0.7532
2026-09-18 19:17:55.437962 Epoch [043/200], Step [0031/0031], LR: 0.000100, Loss: 0.1612
Epoch: 43, Dataset: test, Dice: 0.8958, IoU: 0.8282
Epoch: 43, Dataset: val, Dice: 0.8314, IoU: 0.7465
2026-09-18 19:18:12.669909 Epoch [044/200], Step [0031/0031], LR: 0.000100, Loss: 0.1561
Epoch: 44, Dataset: test, Dice: 0.8779, IoU: 0.8095
Epoch: 44, Dataset: val, Dice: 0.8530, IoU: 0.7779
2026-09-18 19:18:30.472770 Epoch [045/200], Step [0031/0031], LR: 0.000100, Loss: 0.1510
Epoch: 45, Dataset: test, Dice: 0.8890, IoU: 0.8212
Epoch: 45, Dataset: val, Dice: 0.8357, IoU: 0.7539
2026-09-18 19:18:48.146552 Epoch [046/200], Step [0031/0031], LR: 0.000100, Loss: 0.1536
Epoch: 46, Dataset: test, Dice: 0.8665, IoU: 0.7894
Epoch: 46, Dataset: val, Dice: 0.8181, IoU: 0.7293
2026-09-18 19:19:05.534668 Epoch [047/200], Step [0031/0031], LR: 0.000100, Loss: 0.1546
Epoch: 47, Dataset: test, Dice: 0.8549, IoU: 0.7807
Epoch: 47, Dataset: val, Dice: 0.8342, IoU: 0.7454
2026-09-18 19:19:22.889729 Epoch [048/200], Step [0031/0031], LR: 0.000100, Loss: 0.1447
Epoch: 48, Dataset: test, Dice: 0.8934, IoU: 0.8199
Epoch: 48, Dataset: val, Dice: 0.8313, IoU: 0.7499
2026-09-18 19:19:40.351020 Epoch [049/200], Step [0031/0031], LR: 0.000100, Loss: 0.1431
Epoch: 49, Dataset: test, Dice: 0.8746, IoU: 0.8013
Epoch: 49, Dataset: val, Dice: 0.8413, IoU: 0.7624
2026-09-18 19:19:57.813934 Epoch [050/200], Step [0031/0031], LR: 0.000100, Loss: 0.1437
Epoch: 50, Dataset: test, Dice: 0.8957, IoU: 0.8232
Epoch: 50, Dataset: val, Dice: 0.8481, IoU: 0.7664
2026-09-18 19:20:15.179110 Epoch [051/200], Step [0031/0031], LR: 0.000100, Loss: 0.1409
Epoch: 51, Dataset: test, Dice: 0.8710, IoU: 0.8029
Epoch: 51, Dataset: val, Dice: 0.8404, IoU: 0.7627
2026-09-18 19:20:32.674070 Epoch [052/200], Step [0031/0031], LR: 0.000100, Loss: 0.1423
Epoch: 52, Dataset: test, Dice: 0.8782, IoU: 0.8086
Epoch: 52, Dataset: val, Dice: 0.8428, IoU: 0.7623
2026-09-18 19:20:50.050676 Epoch [053/200], Step [0031/0031], LR: 0.000100, Loss: 0.1454
Epoch: 53, Dataset: test, Dice: 0.8655, IoU: 0.7945
Epoch: 53, Dataset: val, Dice: 0.8402, IoU: 0.7615
2026-09-18 19:21:07.384178 Epoch [054/200], Step [0031/0031], LR: 0.000100, Loss: 0.1373
Epoch: 54, Dataset: test, Dice: 0.8990, IoU: 0.8303
Epoch: 54, Dataset: val, Dice: 0.8503, IoU: 0.7723
2026-09-18 19:21:24.667002 Epoch [055/200], Step [0031/0031], LR: 0.000100, Loss: 0.1374
Epoch: 55, Dataset: test, Dice: 0.8668, IoU: 0.7970
Epoch: 55, Dataset: val, Dice: 0.8447, IoU: 0.7680
2026-09-18 19:21:42.073154 Epoch [056/200], Step [0031/0031], LR: 0.000100, Loss: 0.1378
Epoch: 56, Dataset: test, Dice: 0.8887, IoU: 0.8159
Epoch: 56, Dataset: val, Dice: 0.8452, IoU: 0.7673
2026-09-18 19:21:59.556322 Epoch [057/200], Step [0031/0031], LR: 0.000100, Loss: 0.1344
Epoch: 57, Dataset: test, Dice: 0.8881, IoU: 0.8186
Epoch: 57, Dataset: val, Dice: 0.8373, IoU: 0.7568
2026-09-18 19:22:16.959374 Epoch [058/200], Step [0031/0031], LR: 0.000100, Loss: 0.1310
Epoch: 58, Dataset: test, Dice: 0.8737, IoU: 0.8010
Epoch: 58, Dataset: val, Dice: 0.8227, IoU: 0.7428
2026-09-18 19:22:34.466474 Epoch [059/200], Step [0031/0031], LR: 0.000100, Loss: 0.1329
Epoch: 59, Dataset: test, Dice: 0.8823, IoU: 0.8123
Epoch: 59, Dataset: val, Dice: 0.8476, IoU: 0.7736
2026-09-18 19:22:51.902880 Epoch [060/200], Step [0031/0031], LR: 0.000100, Loss: 0.1350
Epoch: 60, Dataset: test, Dice: 0.8879, IoU: 0.8175
Epoch: 60, Dataset: val, Dice: 0.8542, IoU: 0.7788
### Best Model Saved (Dice improved from 0.8540 to 0.8542) ###
2026-09-18 19:23:09.480180 Epoch [061/200], Step [0031/0031], LR: 0.000100, Loss: 0.1314
Epoch: 61, Dataset: test, Dice: 0.8788, IoU: 0.8082
Epoch: 61, Dataset: val, Dice: 0.8399, IoU: 0.7590
2026-09-18 19:23:26.921243 Epoch [062/200], Step [0031/0031], LR: 0.000100, Loss: 0.1306
Epoch: 62, Dataset: test, Dice: 0.8948, IoU: 0.8282
Epoch: 62, Dataset: val, Dice: 0.8406, IoU: 0.7643
2026-09-18 19:23:44.561859 Epoch [063/200], Step [0031/0031], LR: 0.000100, Loss: 0.1323
Epoch: 63, Dataset: test, Dice: 0.8880, IoU: 0.8160
Epoch: 63, Dataset: val, Dice: 0.8427, IoU: 0.7613
2026-09-18 19:24:02.124998 Epoch [064/200], Step [0031/0031], LR: 0.000100, Loss: 0.1259
Epoch: 64, Dataset: test, Dice: 0.8990, IoU: 0.8309
Epoch: 64, Dataset: val, Dice: 0.8526, IoU: 0.7747
2026-09-18 19:24:19.785916 Epoch [065/200], Step [0031/0031], LR: 0.000100, Loss: 0.1224
Epoch: 65, Dataset: test, Dice: 0.8904, IoU: 0.8196
Epoch: 65, Dataset: val, Dice: 0.8501, IoU: 0.7737
2026-09-18 19:24:37.480311 Epoch [066/200], Step [0031/0031], LR: 0.000100, Loss: 0.1225
Epoch: 66, Dataset: test, Dice: 0.8932, IoU: 0.8258
Epoch: 66, Dataset: val, Dice: 0.8611, IoU: 0.7864
### Best Model Saved (Dice improved from 0.8542 to 0.8611) ###
2026-09-18 19:24:55.294393 Epoch [067/200], Step [0031/0031], LR: 0.000100, Loss: 0.1227
Epoch: 67, Dataset: test, Dice: 0.9012, IoU: 0.8372
Epoch: 67, Dataset: val, Dice: 0.8402, IoU: 0.7679
2026-09-18 19:25:12.981938 Epoch [068/200], Step [0031/0031], LR: 0.000100, Loss: 0.1246
Epoch: 68, Dataset: test, Dice: 0.8980, IoU: 0.8376
Epoch: 68, Dataset: val, Dice: 0.8599, IoU: 0.7855
2026-09-18 19:25:30.545747 Epoch [069/200], Step [0031/0031], LR: 0.000100, Loss: 0.1227
Epoch: 69, Dataset: test, Dice: 0.9026, IoU: 0.8347
Epoch: 69, Dataset: val, Dice: 0.8457, IoU: 0.7681
2026-09-18 19:25:48.204440 Epoch [070/200], Step [0031/0031], LR: 0.000100, Loss: 0.1234
Epoch: 70, Dataset: test, Dice: 0.8887, IoU: 0.8211
Epoch: 70, Dataset: val, Dice: 0.8491, IoU: 0.7725
2026-09-18 19:26:06.040421 Epoch [071/200], Step [0031/0031], LR: 0.000100, Loss: 0.1217
Epoch: 71, Dataset: test, Dice: 0.9031, IoU: 0.8368
Epoch: 71, Dataset: val, Dice: 0.8509, IoU: 0.7748
2026-09-18 19:26:23.772551 Epoch [072/200], Step [0031/0031], LR: 0.000100, Loss: 0.1175
Epoch: 72, Dataset: test, Dice: 0.8874, IoU: 0.8212
Epoch: 72, Dataset: val, Dice: 0.8476, IoU: 0.7741
2026-09-18 19:26:41.630970 Epoch [073/200], Step [0031/0031], LR: 0.000100, Loss: 0.1222
Epoch: 73, Dataset: test, Dice: 0.8785, IoU: 0.8059
Epoch: 73, Dataset: val, Dice: 0.8446, IoU: 0.7612
2026-09-18 19:26:59.489702 Epoch [074/200], Step [0031/0031], LR: 0.000100, Loss: 0.1208
Epoch: 74, Dataset: test, Dice: 0.8752, IoU: 0.8025
Epoch: 74, Dataset: val, Dice: 0.8453, IoU: 0.7664
2026-09-18 19:27:17.144261 Epoch [075/200], Step [0031/0031], LR: 0.000100, Loss: 0.1194
Epoch: 75, Dataset: test, Dice: 0.8843, IoU: 0.8158
Epoch: 75, Dataset: val, Dice: 0.8445, IoU: 0.7664
2026-09-18 19:27:34.840468 Epoch [076/200], Step [0031/0031], LR: 0.000100, Loss: 0.1209
Epoch: 76, Dataset: test, Dice: 0.8740, IoU: 0.8033
Epoch: 76, Dataset: val, Dice: 0.8478, IoU: 0.7685
2026-09-18 19:27:52.472029 Epoch [077/200], Step [0031/0031], LR: 0.000100, Loss: 0.1229
Epoch: 77, Dataset: test, Dice: 0.8858, IoU: 0.8195
Epoch: 77, Dataset: val, Dice: 0.8489, IoU: 0.7758
2026-09-18 19:28:10.063297 Epoch [078/200], Step [0031/0031], LR: 0.000100, Loss: 0.1192
Epoch: 78, Dataset: test, Dice: 0.8916, IoU: 0.8225
Epoch: 78, Dataset: val, Dice: 0.8409, IoU: 0.7584
2026-09-18 19:28:27.883422 Epoch [079/200], Step [0031/0031], LR: 0.000100, Loss: 0.1161
Epoch: 79, Dataset: test, Dice: 0.8821, IoU: 0.8130
Epoch: 79, Dataset: val, Dice: 0.8466, IoU: 0.7699
2026-09-18 19:28:45.806890 Epoch [080/200], Step [0031/0031], LR: 0.000100, Loss: 0.1194
Epoch: 80, Dataset: test, Dice: 0.8809, IoU: 0.8095
Epoch: 80, Dataset: val, Dice: 0.8479, IoU: 0.7690
2026-09-18 19:29:03.720067 Epoch [081/200], Step [0031/0031], LR: 0.000100, Loss: 0.1142
Epoch: 81, Dataset: test, Dice: 0.8861, IoU: 0.8201
Epoch: 81, Dataset: val, Dice: 0.8517, IoU: 0.7776
2026-09-18 19:29:21.309436 Epoch [082/200], Step [0031/0031], LR: 0.000100, Loss: 0.1137
Epoch: 82, Dataset: test, Dice: 0.8915, IoU: 0.8267
Epoch: 82, Dataset: val, Dice: 0.8588, IoU: 0.7830
2026-09-18 19:29:38.890998 Epoch [083/200], Step [0031/0031], LR: 0.000100, Loss: 0.1074
Epoch: 83, Dataset: test, Dice: 0.8936, IoU: 0.8285
Epoch: 83, Dataset: val, Dice: 0.8511, IoU: 0.7747
2026-09-18 19:29:56.528160 Epoch [084/200], Step [0031/0031], LR: 0.000100, Loss: 0.1105
Epoch: 84, Dataset: test, Dice: 0.9023, IoU: 0.8370
Epoch: 84, Dataset: val, Dice: 0.8447, IoU: 0.7708
2026-09-18 19:30:14.269809 Epoch [085/200], Step [0031/0031], LR: 0.000100, Loss: 0.1113
Epoch: 85, Dataset: test, Dice: 0.8779, IoU: 0.8080
Epoch: 85, Dataset: val, Dice: 0.8477, IoU: 0.7708
2026-09-18 19:30:32.121999 Epoch [086/200], Step [0031/0031], LR: 0.000100, Loss: 0.1093
Epoch: 86, Dataset: test, Dice: 0.8787, IoU: 0.8134
Epoch: 86, Dataset: val, Dice: 0.8585, IoU: 0.7840
2026-09-18 19:30:49.626186 Epoch [087/200], Step [0031/0031], LR: 0.000100, Loss: 0.1116
Epoch: 87, Dataset: test, Dice: 0.8799, IoU: 0.8100
Epoch: 87, Dataset: val, Dice: 0.8475, IoU: 0.7675
2026-09-18 19:31:07.289093 Epoch [088/200], Step [0031/0031], LR: 0.000100, Loss: 0.1104
Epoch: 88, Dataset: test, Dice: 0.8708, IoU: 0.8078
Epoch: 88, Dataset: val, Dice: 0.8560, IoU: 0.7862
2026-09-18 19:31:24.829773 Epoch [089/200], Step [0031/0031], LR: 0.000100, Loss: 0.1073
Epoch: 89, Dataset: test, Dice: 0.8741, IoU: 0.8084
Epoch: 89, Dataset: val, Dice: 0.8461, IoU: 0.7720
2026-09-18 19:31:42.190110 Epoch [090/200], Step [0031/0031], LR: 0.000100, Loss: 0.1093
Epoch: 90, Dataset: test, Dice: 0.8832, IoU: 0.8159
Epoch: 90, Dataset: val, Dice: 0.8570, IoU: 0.7833
2026-09-18 19:31:59.436004 Epoch [091/200], Step [0031/0031], LR: 0.000100, Loss: 0.1093
Epoch: 91, Dataset: test, Dice: 0.8868, IoU: 0.8180
Epoch: 91, Dataset: val, Dice: 0.8450, IoU: 0.7729
2026-09-18 19:32:16.813055 Epoch [092/200], Step [0031/0031], LR: 0.000100, Loss: 0.1058
Epoch: 92, Dataset: test, Dice: 0.8721, IoU: 0.8037
Epoch: 92, Dataset: val, Dice: 0.8557, IoU: 0.7812
2026-09-18 19:32:34.006962 Epoch [093/200], Step [0031/0031], LR: 0.000100, Loss: 0.1065
Epoch: 93, Dataset: test, Dice: 0.8917, IoU: 0.8204
Epoch: 93, Dataset: val, Dice: 0.8621, IoU: 0.7873
### Best Model Saved (Dice improved from 0.8611 to 0.8621) ###
2026-09-18 19:32:51.503589 Epoch [094/200], Step [0031/0031], LR: 0.000100, Loss: 0.1044
Epoch: 94, Dataset: test, Dice: 0.8895, IoU: 0.8197
Epoch: 94, Dataset: val, Dice: 0.8608, IoU: 0.7855
2026-09-18 19:33:09.190935 Epoch [095/200], Step [0031/0031], LR: 0.000100, Loss: 0.1030
Epoch: 95, Dataset: test, Dice: 0.8945, IoU: 0.8244
Epoch: 95, Dataset: val, Dice: 0.8342, IoU: 0.7592
2026-09-18 19:33:26.689578 Epoch [096/200], Step [0031/0031], LR: 0.000100, Loss: 0.1075
Epoch: 96, Dataset: test, Dice: 0.9021, IoU: 0.8316
Epoch: 96, Dataset: val, Dice: 0.8475, IoU: 0.7688
2026-09-18 19:33:44.327458 Epoch [097/200], Step [0031/0031], LR: 0.000100, Loss: 0.1045
Epoch: 97, Dataset: test, Dice: 0.8990, IoU: 0.8381
Epoch: 97, Dataset: val, Dice: 0.8563, IoU: 0.7832
2026-09-18 19:34:02.126756 Epoch [098/200], Step [0031/0031], LR: 0.000100, Loss: 0.1018
Epoch: 98, Dataset: test, Dice: 0.9013, IoU: 0.8333
Epoch: 98, Dataset: val, Dice: 0.8537, IoU: 0.7805
2026-09-18 19:34:19.732922 Epoch [099/200], Step [0031/0031], LR: 0.000100, Loss: 0.1020
Epoch: 99, Dataset: test, Dice: 0.8987, IoU: 0.8319
Epoch: 99, Dataset: val, Dice: 0.8534, IoU: 0.7774
2026-09-18 19:34:37.381447 Epoch [100/200], Step [0031/0031], LR: 0.000100, Loss: 0.1042
Epoch: 100, Dataset: test, Dice: 0.8842, IoU: 0.8131
Epoch: 100, Dataset: val, Dice: 0.8629, IoU: 0.7899
### Best Model Saved (Dice improved from 0.8621 to 0.8629) ###
2026-09-18 19:34:55.048293 Epoch [101/200], Step [0031/0031], LR: 0.000100, Loss: 0.1018
Epoch: 101, Dataset: test, Dice: 0.8920, IoU: 0.8253
Epoch: 101, Dataset: val, Dice: 0.8557, IoU: 0.7832
2026-09-18 19:35:12.692930 Epoch [102/200], Step [0031/0031], LR: 0.000100, Loss: 0.0982
Epoch: 102, Dataset: test, Dice: 0.8971, IoU: 0.8321
Epoch: 102, Dataset: val, Dice: 0.8606, IoU: 0.7868
2026-09-18 19:35:30.470369 Epoch [103/200], Step [0031/0031], LR: 0.000100, Loss: 0.1015
Epoch: 103, Dataset: test, Dice: 0.8884, IoU: 0.8195
Epoch: 103, Dataset: val, Dice: 0.8367, IoU: 0.7543
2026-09-18 19:35:48.214970 Epoch [104/200], Step [0031/0031], LR: 0.000100, Loss: 0.1077
Epoch: 104, Dataset: test, Dice: 0.8995, IoU: 0.8273
Epoch: 104, Dataset: val, Dice: 0.8587, IoU: 0.7866
2026-09-18 19:36:05.831101 Epoch [105/200], Step [0031/0031], LR: 0.000100, Loss: 0.1008
Epoch: 105, Dataset: test, Dice: 0.9009, IoU: 0.8355
Epoch: 105, Dataset: val, Dice: 0.8606, IoU: 0.7880
2026-09-18 19:36:23.481970 Epoch [106/200], Step [0031/0031], LR: 0.000100, Loss: 0.0974
Epoch: 106, Dataset: test, Dice: 0.8883, IoU: 0.8154
Epoch: 106, Dataset: val, Dice: 0.8572, IoU: 0.7865
2026-09-18 19:36:41.157795 Epoch [107/200], Step [0031/0031], LR: 0.000100, Loss: 0.0964
Epoch: 107, Dataset: test, Dice: 0.9086, IoU: 0.8442
Epoch: 107, Dataset: val, Dice: 0.8458, IoU: 0.7767
2026-09-18 19:36:59.045524 Epoch [108/200], Step [0031/0031], LR: 0.000100, Loss: 0.0953
Epoch: 108, Dataset: test, Dice: 0.8840, IoU: 0.8188
Epoch: 108, Dataset: val, Dice: 0.8557, IoU: 0.7836
2026-09-18 19:37:16.606351 Epoch [109/200], Step [0031/0031], LR: 0.000100, Loss: 0.0940
Epoch: 109, Dataset: test, Dice: 0.8972, IoU: 0.8286
Epoch: 109, Dataset: val, Dice: 0.8701, IoU: 0.7952
### Best Model Saved (Dice improved from 0.8629 to 0.8701) ###
2026-09-18 19:37:34.195304 Epoch [110/200], Step [0031/0031], LR: 0.000100, Loss: 0.0930
Epoch: 110, Dataset: test, Dice: 0.8989, IoU: 0.8283
Epoch: 110, Dataset: val, Dice: 0.8557, IoU: 0.7799
2026-09-18 19:37:51.811937 Epoch [111/200], Step [0031/0031], LR: 0.000100, Loss: 0.0921
Epoch: 111, Dataset: test, Dice: 0.8898, IoU: 0.8222
Epoch: 111, Dataset: val, Dice: 0.8487, IoU: 0.7788
2026-09-18 19:38:09.548363 Epoch [112/200], Step [0031/0031], LR: 0.000100, Loss: 0.0944
Epoch: 112, Dataset: test, Dice: 0.9120, IoU: 0.8496
Epoch: 112, Dataset: val, Dice: 0.8722, IoU: 0.7997
### Best Model Saved (Dice improved from 0.8701 to 0.8722) ###
2026-09-18 19:38:27.588504 Epoch [113/200], Step [0031/0031], LR: 0.000100, Loss: 0.0943
Epoch: 113, Dataset: test, Dice: 0.8843, IoU: 0.8168
Epoch: 113, Dataset: val, Dice: 0.8679, IoU: 0.7954
2026-09-18 19:38:45.316049 Epoch [114/200], Step [0031/0031], LR: 0.000100, Loss: 0.0904
Epoch: 114, Dataset: test, Dice: 0.8978, IoU: 0.8312
Epoch: 114, Dataset: val, Dice: 0.8524, IoU: 0.7814
2026-09-18 19:39:02.958566 Epoch [115/200], Step [0031/0031], LR: 0.000100, Loss: 0.0913
Epoch: 115, Dataset: test, Dice: 0.8801, IoU: 0.8167
Epoch: 115, Dataset: val, Dice: 0.8508, IoU: 0.7815
2026-09-18 19:39:20.656411 Epoch [116/200], Step [0031/0031], LR: 0.000100, Loss: 0.0942
Epoch: 116, Dataset: test, Dice: 0.9021, IoU: 0.8349
Epoch: 116, Dataset: val, Dice: 0.8488, IoU: 0.7768
2026-09-18 19:39:38.262685 Epoch [117/200], Step [0031/0031], LR: 0.000100, Loss: 0.0931
Epoch: 117, Dataset: test, Dice: 0.8829, IoU: 0.8173
Epoch: 117, Dataset: val, Dice: 0.8538, IoU: 0.7847
2026-09-18 19:39:56.194611 Epoch [118/200], Step [0031/0031], LR: 0.000100, Loss: 0.0926
Epoch: 118, Dataset: test, Dice: 0.8923, IoU: 0.8262
Epoch: 118, Dataset: val, Dice: 0.8591, IoU: 0.7911
2026-09-18 19:40:13.976399 Epoch [119/200], Step [0031/0031], LR: 0.000100, Loss: 0.0937
Epoch: 119, Dataset: test, Dice: 0.8958, IoU: 0.8262
Epoch: 119, Dataset: val, Dice: 0.8450, IoU: 0.7692
2026-09-18 19:40:31.657657 Epoch [120/200], Step [0031/0031], LR: 0.000100, Loss: 0.0954
Epoch: 120, Dataset: test, Dice: 0.8775, IoU: 0.8038
Epoch: 120, Dataset: val, Dice: 0.8448, IoU: 0.7639
2026-09-18 19:40:49.339243 Epoch [121/200], Step [0031/0031], LR: 0.000100, Loss: 0.0980
Epoch: 121, Dataset: test, Dice: 0.8844, IoU: 0.8158
Epoch: 121, Dataset: val, Dice: 0.8346, IoU: 0.7601
2026-09-18 19:41:06.954745 Epoch [122/200], Step [0031/0031], LR: 0.000100, Loss: 0.0908
Epoch: 122, Dataset: test, Dice: 0.8919, IoU: 0.8265
Epoch: 122, Dataset: val, Dice: 0.8546, IoU: 0.7833
2026-09-18 19:41:24.535241 Epoch [123/200], Step [0031/0031], LR: 0.000100, Loss: 0.0878
Epoch: 123, Dataset: test, Dice: 0.9076, IoU: 0.8426
Epoch: 123, Dataset: val, Dice: 0.8510, IoU: 0.7834
2026-09-18 19:41:42.207410 Epoch [124/200], Step [0031/0031], LR: 0.000100, Loss: 0.0865
Epoch: 124, Dataset: test, Dice: 0.9002, IoU: 0.8319
Epoch: 124, Dataset: val, Dice: 0.8534, IoU: 0.7760
2026-09-18 19:41:59.992852 Epoch [125/200], Step [0031/0031], LR: 0.000100, Loss: 0.0878
Epoch: 125, Dataset: test, Dice: 0.9021, IoU: 0.8322
Epoch: 125, Dataset: val, Dice: 0.8587, IoU: 0.7845
2026-09-18 19:42:17.712288 Epoch [126/200], Step [0031/0031], LR: 0.000100, Loss: 0.0873
Epoch: 126, Dataset: test, Dice: 0.9028, IoU: 0.8362
Epoch: 126, Dataset: val, Dice: 0.8595, IoU: 0.7867
2026-09-18 19:42:35.480165 Epoch [127/200], Step [0031/0031], LR: 0.000100, Loss: 0.0869
Epoch: 127, Dataset: test, Dice: 0.9005, IoU: 0.8295
Epoch: 127, Dataset: val, Dice: 0.8502, IoU: 0.7746
2026-09-18 19:42:53.120174 Epoch [128/200], Step [0031/0031], LR: 0.000100, Loss: 0.0901
Epoch: 128, Dataset: test, Dice: 0.8904, IoU: 0.8175
Epoch: 128, Dataset: val, Dice: 0.8505, IoU: 0.7718
2026-09-18 19:43:10.738909 Epoch [129/200], Step [0031/0031], LR: 0.000100, Loss: 0.0906
Epoch: 129, Dataset: test, Dice: 0.9115, IoU: 0.8453
Epoch: 129, Dataset: val, Dice: 0.8510, IoU: 0.7784
2026-09-18 19:43:28.573262 Epoch [130/200], Step [0031/0031], LR: 0.000100, Loss: 0.0888
Epoch: 130, Dataset: test, Dice: 0.8935, IoU: 0.8196
Epoch: 130, Dataset: val, Dice: 0.8348, IoU: 0.7541
2026-09-18 19:43:46.458580 Epoch [131/200], Step [0031/0031], LR: 0.000100, Loss: 0.0887
Epoch: 131, Dataset: test, Dice: 0.8974, IoU: 0.8265
Epoch: 131, Dataset: val, Dice: 0.8418, IoU: 0.7671
2026-09-18 19:44:04.200200 Epoch [132/200], Step [0031/0031], LR: 0.000100, Loss: 0.0855
Epoch: 132, Dataset: test, Dice: 0.9070, IoU: 0.8410
Epoch: 132, Dataset: val, Dice: 0.8495, IoU: 0.7778
2026-09-18 19:44:21.883902 Epoch [133/200], Step [0031/0031], LR: 0.000100, Loss: 0.0842
Epoch: 133, Dataset: test, Dice: 0.8982, IoU: 0.8294
Epoch: 133, Dataset: val, Dice: 0.8509, IoU: 0.7776
2026-09-18 19:44:39.643108 Epoch [134/200], Step [0031/0031], LR: 0.000100, Loss: 0.0844
Epoch: 134, Dataset: test, Dice: 0.8823, IoU: 0.8136
Epoch: 134, Dataset: val, Dice: 0.8449, IoU: 0.7716
2026-09-18 19:44:57.419057 Epoch [135/200], Step [0031/0031], LR: 0.000100, Loss: 0.0837
Epoch: 135, Dataset: test, Dice: 0.8940, IoU: 0.8280
Epoch: 135, Dataset: val, Dice: 0.8558, IoU: 0.7865
2026-09-18 19:45:15.086418 Epoch [136/200], Step [0031/0031], LR: 0.000100, Loss: 0.0843
Epoch: 136, Dataset: test, Dice: 0.8950, IoU: 0.8260
Epoch: 136, Dataset: val, Dice: 0.8585, IoU: 0.7860
2026-09-18 19:45:32.787694 Epoch [137/200], Step [0031/0031], LR: 0.000100, Loss: 0.0862
Epoch: 137, Dataset: test, Dice: 0.8966, IoU: 0.8269
Epoch: 137, Dataset: val, Dice: 0.8536, IoU: 0.7801
2026-09-18 19:45:50.455651 Epoch [138/200], Step [0031/0031], LR: 0.000100, Loss: 0.0902
Epoch: 138, Dataset: test, Dice: 0.9004, IoU: 0.8296
Epoch: 138, Dataset: val, Dice: 0.8477, IoU: 0.7769
2026-09-18 19:46:08.034430 Epoch [139/200], Step [0031/0031], LR: 0.000100, Loss: 0.0908
Epoch: 139, Dataset: test, Dice: 0.8913, IoU: 0.8204
Epoch: 139, Dataset: val, Dice: 0.8506, IoU: 0.7762
2026-09-18 19:46:25.746886 Epoch [140/200], Step [0031/0031], LR: 0.000100, Loss: 0.0880
Epoch: 140, Dataset: test, Dice: 0.8995, IoU: 0.8306
Epoch: 140, Dataset: val, Dice: 0.8594, IoU: 0.7826
2026-09-18 19:46:43.429490 Epoch [141/200], Step [0031/0031], LR: 0.000100, Loss: 0.0857
Epoch: 141, Dataset: test, Dice: 0.9008, IoU: 0.8309
Epoch: 141, Dataset: val, Dice: 0.8586, IoU: 0.7815
2026-09-18 19:47:01.011872 Epoch [142/200], Step [0031/0031], LR: 0.000100, Loss: 0.0860
Epoch: 142, Dataset: test, Dice: 0.8902, IoU: 0.8230
Epoch: 142, Dataset: val, Dice: 0.8515, IoU: 0.7772
2026-09-18 19:47:18.786336 Epoch [143/200], Step [0031/0031], LR: 0.000100, Loss: 0.0855
Epoch: 143, Dataset: test, Dice: 0.9012, IoU: 0.8317
Epoch: 143, Dataset: val, Dice: 0.8529, IoU: 0.7744
2026-09-18 19:47:36.325770 Epoch [144/200], Step [0031/0031], LR: 0.000100, Loss: 0.0836
Epoch: 144, Dataset: test, Dice: 0.9002, IoU: 0.8304
Epoch: 144, Dataset: val, Dice: 0.8580, IoU: 0.7806
2026-09-18 19:47:53.991745 Epoch [145/200], Step [0031/0031], LR: 0.000100, Loss: 0.0835
Epoch: 145, Dataset: test, Dice: 0.8900, IoU: 0.8181
Epoch: 145, Dataset: val, Dice: 0.8654, IoU: 0.7924
2026-09-18 19:48:11.776190 Epoch [146/200], Step [0031/0031], LR: 0.000100, Loss: 0.0811
Epoch: 146, Dataset: test, Dice: 0.9074, IoU: 0.8390
Epoch: 146, Dataset: val, Dice: 0.8578, IoU: 0.7830
2026-09-18 19:48:29.231212 Epoch [147/200], Step [0031/0031], LR: 0.000100, Loss: 0.0809
Epoch: 147, Dataset: test, Dice: 0.8960, IoU: 0.8316
Epoch: 147, Dataset: val, Dice: 0.8625, IoU: 0.7881
2026-09-18 19:48:46.719333 Epoch [148/200], Step [0031/0031], LR: 0.000100, Loss: 0.0811
Epoch: 148, Dataset: test, Dice: 0.9028, IoU: 0.8420
Epoch: 148, Dataset: val, Dice: 0.8624, IoU: 0.7906
2026-09-18 19:49:04.370768 Epoch [149/200], Step [0031/0031], LR: 0.000100, Loss: 0.0803
Epoch: 149, Dataset: test, Dice: 0.8923, IoU: 0.8276
Epoch: 149, Dataset: val, Dice: 0.8455, IoU: 0.7740
2026-09-18 19:49:21.906072 Epoch [150/200], Step [0031/0031], LR: 0.000100, Loss: 0.0823
Epoch: 150, Dataset: test, Dice: 0.9113, IoU: 0.8471
Epoch: 150, Dataset: val, Dice: 0.8561, IoU: 0.7834
2026-09-18 19:49:39.438387 Epoch [151/200], Step [0031/0031], LR: 0.000100, Loss: 0.0827
Epoch: 151, Dataset: test, Dice: 0.8997, IoU: 0.8291
Epoch: 151, Dataset: val, Dice: 0.8511, IoU: 0.7769
2026-09-18 19:49:57.177261 Epoch [152/200], Step [0031/0031], LR: 0.000100, Loss: 0.0813
Epoch: 152, Dataset: test, Dice: 0.8888, IoU: 0.8168
Epoch: 152, Dataset: val, Dice: 0.8709, IoU: 0.7970
2026-09-18 19:50:14.871005 Epoch [153/200], Step [0031/0031], LR: 0.000100, Loss: 0.0824
Epoch: 153, Dataset: test, Dice: 0.9038, IoU: 0.8354
Epoch: 153, Dataset: val, Dice: 0.8516, IoU: 0.7789
2026-09-18 19:50:32.649094 Epoch [154/200], Step [0031/0031], LR: 0.000100, Loss: 0.0852
Epoch: 154, Dataset: test, Dice: 0.8924, IoU: 0.8210
Epoch: 154, Dataset: val, Dice: 0.8498, IoU: 0.7702
2026-09-18 19:50:50.568905 Epoch [155/200], Step [0031/0031], LR: 0.000100, Loss: 0.0817
Epoch: 155, Dataset: test, Dice: 0.9081, IoU: 0.8410
Epoch: 155, Dataset: val, Dice: 0.8586, IoU: 0.7845
2026-09-18 19:51:08.510521 Epoch [156/200], Step [0031/0031], LR: 0.000100, Loss: 0.0821
Epoch: 156, Dataset: test, Dice: 0.9055, IoU: 0.8389
Epoch: 156, Dataset: val, Dice: 0.8567, IoU: 0.7837
2026-09-18 19:51:26.451270 Epoch [157/200], Step [0031/0031], LR: 0.000100, Loss: 0.0808
Epoch: 157, Dataset: test, Dice: 0.9048, IoU: 0.8379
Epoch: 157, Dataset: val, Dice: 0.8622, IoU: 0.7884
2026-09-18 19:51:44.203500 Epoch [158/200], Step [0031/0031], LR: 0.000100, Loss: 0.0770
Epoch: 158, Dataset: test, Dice: 0.9039, IoU: 0.8378
Epoch: 158, Dataset: val, Dice: 0.8510, IoU: 0.7783
2026-09-18 19:52:02.133411 Epoch [159/200], Step [0031/0031], LR: 0.000100, Loss: 0.0776
Epoch: 159, Dataset: test, Dice: 0.8999, IoU: 0.8335
Epoch: 159, Dataset: val, Dice: 0.8552, IoU: 0.7801
2026-09-18 19:52:19.721404 Epoch [160/200], Step [0031/0031], LR: 0.000100, Loss: 0.0780
Epoch: 160, Dataset: test, Dice: 0.9045, IoU: 0.8383
Epoch: 160, Dataset: val, Dice: 0.8560, IoU: 0.7814
2026-09-18 19:52:37.546294 Epoch [161/200], Step [0031/0031], LR: 0.000100, Loss: 0.0780
Epoch: 161, Dataset: test, Dice: 0.9088, IoU: 0.8426
Epoch: 161, Dataset: val, Dice: 0.8660, IoU: 0.7917
2026-09-18 19:52:55.051274 Epoch [162/200], Step [0031/0031], LR: 0.000100, Loss: 0.0759
Epoch: 162, Dataset: test, Dice: 0.9090, IoU: 0.8441
Epoch: 162, Dataset: val, Dice: 0.8576, IoU: 0.7827
2026-09-18 19:53:12.638523 Epoch [163/200], Step [0031/0031], LR: 0.000100, Loss: 0.0794
Epoch: 163, Dataset: test, Dice: 0.9031, IoU: 0.8363
Epoch: 163, Dataset: val, Dice: 0.8557, IoU: 0.7850
2026-09-18 19:53:30.087429 Epoch [164/200], Step [0031/0031], LR: 0.000100, Loss: 0.0798
Epoch: 164, Dataset: test, Dice: 0.8934, IoU: 0.8247
Epoch: 164, Dataset: val, Dice: 0.8603, IoU: 0.7854
2026-09-18 19:53:47.701821 Epoch [165/200], Step [0031/0031], LR: 0.000100, Loss: 0.0833
Epoch: 165, Dataset: test, Dice: 0.8866, IoU: 0.8194
Epoch: 165, Dataset: val, Dice: 0.8604, IoU: 0.7892
2026-09-18 19:54:05.196864 Epoch [166/200], Step [0031/0031], LR: 0.000100, Loss: 0.0789
Epoch: 166, Dataset: test, Dice: 0.8867, IoU: 0.8178
Epoch: 166, Dataset: val, Dice: 0.8616, IoU: 0.7883
2026-09-18 19:54:22.859634 Epoch [167/200], Step [0031/0031], LR: 0.000100, Loss: 0.0797
Epoch: 167, Dataset: test, Dice: 0.8905, IoU: 0.8245
Epoch: 167, Dataset: val, Dice: 0.8554, IoU: 0.7812
2026-09-18 19:54:40.351648 Epoch [168/200], Step [0031/0031], LR: 0.000100, Loss: 0.0754
Epoch: 168, Dataset: test, Dice: 0.8918, IoU: 0.8241
Epoch: 168, Dataset: val, Dice: 0.8533, IoU: 0.7805
2026-09-18 19:54:57.913355 Epoch [169/200], Step [0031/0031], LR: 0.000100, Loss: 0.0750
Epoch: 169, Dataset: test, Dice: 0.9007, IoU: 0.8336
Epoch: 169, Dataset: val, Dice: 0.8552, IoU: 0.7840
2026-09-18 19:55:15.484119 Epoch [170/200], Step [0031/0031], LR: 0.000100, Loss: 0.0757
Epoch: 170, Dataset: test, Dice: 0.8986, IoU: 0.8314
Epoch: 170, Dataset: val, Dice: 0.8437, IoU: 0.7694
2026-09-18 19:55:33.180515 Epoch [171/200], Step [0031/0031], LR: 0.000100, Loss: 0.0764
Epoch: 171, Dataset: test, Dice: 0.8859, IoU: 0.8189
Epoch: 171, Dataset: val, Dice: 0.8618, IoU: 0.7860
2026-09-18 19:55:50.795163 Epoch [172/200], Step [0031/0031], LR: 0.000100, Loss: 0.0756
Epoch: 172, Dataset: test, Dice: 0.8964, IoU: 0.8285
Epoch: 172, Dataset: val, Dice: 0.8376, IoU: 0.7632
2026-09-18 19:56:08.346773 Epoch [173/200], Step [0031/0031], LR: 0.000100, Loss: 0.0758
Epoch: 173, Dataset: test, Dice: 0.9017, IoU: 0.8347
Epoch: 173, Dataset: val, Dice: 0.8558, IoU: 0.7837
2026-09-18 19:56:25.932495 Epoch [174/200], Step [0031/0031], LR: 0.000100, Loss: 0.0755
Epoch: 174, Dataset: test, Dice: 0.8912, IoU: 0.8196
Epoch: 174, Dataset: val, Dice: 0.8579, IoU: 0.7846
2026-09-18 19:56:43.463775 Epoch [175/200], Step [0031/0031], LR: 0.000100, Loss: 0.0747
Epoch: 175, Dataset: test, Dice: 0.8924, IoU: 0.8235
Epoch: 175, Dataset: val, Dice: 0.8429, IoU: 0.7654
2026-09-18 19:57:01.040161 Epoch [176/200], Step [0031/0031], LR: 0.000100, Loss: 0.0736
Epoch: 176, Dataset: test, Dice: 0.9036, IoU: 0.8355
Epoch: 176, Dataset: val, Dice: 0.8662, IoU: 0.7972
2026-09-18 19:57:18.675580 Epoch [177/200], Step [0031/0031], LR: 0.000100, Loss: 0.0768
Epoch: 177, Dataset: test, Dice: 0.8969, IoU: 0.8289
Epoch: 177, Dataset: val, Dice: 0.8441, IoU: 0.7725
2026-09-18 19:57:36.121845 Epoch [178/200], Step [0031/0031], LR: 0.000100, Loss: 0.0734
Epoch: 178, Dataset: test, Dice: 0.8847, IoU: 0.8195
Epoch: 178, Dataset: val, Dice: 0.8542, IoU: 0.7818
2026-09-18 19:57:53.736200 Epoch [179/200], Step [0031/0031], LR: 0.000100, Loss: 0.0758
Epoch: 179, Dataset: test, Dice: 0.8947, IoU: 0.8277
Epoch: 179, Dataset: val, Dice: 0.8503, IoU: 0.7764
2026-09-18 19:58:11.343013 Epoch [180/200], Step [0031/0031], LR: 0.000100, Loss: 0.0756
Epoch: 180, Dataset: test, Dice: 0.8962, IoU: 0.8271
Epoch: 180, Dataset: val, Dice: 0.8484, IoU: 0.7736
2026-09-18 19:58:28.866122 Epoch [181/200], Step [0031/0031], LR: 0.000100, Loss: 0.0745
Epoch: 181, Dataset: test, Dice: 0.8895, IoU: 0.8224
Epoch: 181, Dataset: val, Dice: 0.8542, IoU: 0.7813
2026-09-18 19:58:46.545869 Epoch [182/200], Step [0031/0031], LR: 0.000100, Loss: 0.0729
Epoch: 182, Dataset: test, Dice: 0.8985, IoU: 0.8313
Epoch: 182, Dataset: val, Dice: 0.8615, IoU: 0.7880
2026-09-18 19:59:04.099686 Epoch [183/200], Step [0031/0031], LR: 0.000100, Loss: 0.0762
Epoch: 183, Dataset: test, Dice: 0.8886, IoU: 0.8238
Epoch: 183, Dataset: val, Dice: 0.8620, IoU: 0.7904
2026-09-18 19:59:21.849374 Epoch [184/200], Step [0031/0031], LR: 0.000100, Loss: 0.0736
Epoch: 184, Dataset: test, Dice: 0.9048, IoU: 0.8394
Epoch: 184, Dataset: val, Dice: 0.8616, IoU: 0.7948
2026-09-18 19:59:39.401743 Epoch [185/200], Step [0031/0031], LR: 0.000100, Loss: 0.0726
Epoch: 185, Dataset: test, Dice: 0.9051, IoU: 0.8376
Epoch: 185, Dataset: val, Dice: 0.8535, IoU: 0.7771
2026-09-18 19:59:56.945405 Epoch [186/200], Step [0031/0031], LR: 0.000100, Loss: 0.0765
Epoch: 186, Dataset: test, Dice: 0.8880, IoU: 0.8165
Epoch: 186, Dataset: val, Dice: 0.8366, IoU: 0.7609
2026-09-18 20:00:14.584247 Epoch [187/200], Step [0031/0031], LR: 0.000100, Loss: 0.0788
Epoch: 187, Dataset: test, Dice: 0.9019, IoU: 0.8313
Epoch: 187, Dataset: val, Dice: 0.8391, IoU: 0.7635
2026-09-18 20:00:32.122061 Epoch [188/200], Step [0031/0031], LR: 0.000100, Loss: 0.0764
Epoch: 188, Dataset: test, Dice: 0.9047, IoU: 0.8372
Epoch: 188, Dataset: val, Dice: 0.8596, IoU: 0.7890
2026-09-18 20:00:49.560202 Epoch [189/200], Step [0031/0031], LR: 0.000100, Loss: 0.0748
Epoch: 189, Dataset: test, Dice: 0.9037, IoU: 0.8347
Epoch: 189, Dataset: val, Dice: 0.8616, IoU: 0.7902
2026-09-18 20:01:07.025521 Epoch [190/200], Step [0031/0031], LR: 0.000100, Loss: 0.0732
Epoch: 190, Dataset: test, Dice: 0.9013, IoU: 0.8388
Epoch: 190, Dataset: val, Dice: 0.8538, IoU: 0.7832
2026-09-18 20:01:24.646951 Epoch [191/200], Step [0031/0031], LR: 0.000100, Loss: 0.0736
Epoch: 191, Dataset: test, Dice: 0.9017, IoU: 0.8342
Epoch: 191, Dataset: val, Dice: 0.8557, IoU: 0.7819
2026-09-18 20:01:42.470546 Epoch [192/200], Step [0031/0031], LR: 0.000100, Loss: 0.0712
Epoch: 192, Dataset: test, Dice: 0.9080, IoU: 0.8419
Epoch: 192, Dataset: val, Dice: 0.8558, IoU: 0.7866
2026-09-18 20:02:00.219551 Epoch [193/200], Step [0031/0031], LR: 0.000100, Loss: 0.0707
Epoch: 193, Dataset: test, Dice: 0.9017, IoU: 0.8359
Epoch: 193, Dataset: val, Dice: 0.8552, IoU: 0.7840
2026-09-18 20:02:17.933162 Epoch [194/200], Step [0031/0031], LR: 0.000100, Loss: 0.0699
Epoch: 194, Dataset: test, Dice: 0.8931, IoU: 0.8268
Epoch: 194, Dataset: val, Dice: 0.8541, IoU: 0.7834
2026-09-18 20:02:35.614064 Epoch [195/200], Step [0031/0031], LR: 0.000100, Loss: 0.0698
Epoch: 195, Dataset: test, Dice: 0.9071, IoU: 0.8427
Epoch: 195, Dataset: val, Dice: 0.8632, IoU: 0.7963
2026-09-18 20:02:53.161284 Epoch [196/200], Step [0031/0031], LR: 0.000100, Loss: 0.0702
Epoch: 196, Dataset: test, Dice: 0.9017, IoU: 0.8347
Epoch: 196, Dataset: val, Dice: 0.8499, IoU: 0.7802
2026-09-18 20:03:10.597937 Epoch [197/200], Step [0031/0031], LR: 0.000100, Loss: 0.0771
Epoch: 197, Dataset: test, Dice: 0.8831, IoU: 0.8121
Epoch: 197, Dataset: val, Dice: 0.8474, IoU: 0.7760
2026-09-18 20:03:28.197416 Epoch [198/200], Step [0031/0031], LR: 0.000100, Loss: 0.0825
Epoch: 198, Dataset: test, Dice: 0.8994, IoU: 0.8297
Epoch: 198, Dataset: val, Dice: 0.8618, IoU: 0.7890
2026-09-18 20:03:45.660373 Epoch [199/200], Step [0031/0031], LR: 0.000100, Loss: 0.0717
Epoch: 199, Dataset: test, Dice: 0.8982, IoU: 0.8293
Epoch: 199, Dataset: val, Dice: 0.8565, IoU: 0.7818
2026-09-18 20:04:03.102820 Epoch [200/200], Step [0031/0031], LR: 0.000100, Loss: 0.0700
Epoch: 200, Dataset: test, Dice: 0.9016, IoU: 0.8345
Epoch: 200, Dataset: val, Dice: 0.8560, IoU: 0.7849

========================================
FINAL RESULTS: ClinicDB_MK_UNet_bs16_lr0.0001_e200_augFalse_run3_t190529
Best Val Dice: 0.8722
Test Dice at Best Val: 0.9120
Total Train Time: 3146.28s
========================================
Network: MK_UNet | Channels: [16, 32, 64, 96, 160]
[INFO] Register count_convNd() for <class 'torch.nn.modules.conv.Conv2d'>.
[INFO] Register count_normalization() for <class 'torch.nn.modules.batchnorm.BatchNorm2d'>.
[INFO] Register zero_ops() for <class 'torch.nn.modules.activation.ReLU6'>.
[INFO] Register zero_ops() for <class 'torch.nn.modules.container.Sequential'>.
[INFO] Register zero_ops() for <class 'torch.nn.modules.activation.ReLU'>.
[INFO] Register count_adap_avgpool() for <class 'torch.nn.modules.pooling.AdaptiveAvgPool2d'>.
[INFO] Register zero_ops() for <class 'torch.nn.modules.pooling.AdaptiveMaxPool2d'>.
flops 0.619251354
params 0.315566
Total params: 0.32M
2026-09-18 20:04:20.799672 Epoch [001/200], Step [0031/0031], LR: 0.000100, Loss: 1.3673
Epoch: 1, Dataset: test, Dice: 0.3069, IoU: 0.2026
Epoch: 1, Dataset: val, Dice: 0.3412, IoU: 0.2256
### Best Model Saved (Dice improved from 0.0000 to 0.3412) ###
2026-09-18 20:04:38.608923 Epoch [002/200], Step [0031/0031], LR: 0.000100, Loss: 1.2052
Epoch: 2, Dataset: test, Dice: 0.4247, IoU: 0.2918
Epoch: 2, Dataset: val, Dice: 0.4548, IoU: 0.3207
### Best Model Saved (Dice improved from 0.3412 to 0.4548) ###
2026-09-18 20:04:56.264096 Epoch [003/200], Step [0031/0031], LR: 0.000100, Loss: 1.0817
Epoch: 3, Dataset: test, Dice: 0.5153, IoU: 0.3792
Epoch: 3, Dataset: val, Dice: 0.5167, IoU: 0.3837
### Best Model Saved (Dice improved from 0.4548 to 0.5167) ###
2026-09-18 20:05:13.789473 Epoch [004/200], Step [0031/0031], LR: 0.000100, Loss: 0.9610
Epoch: 4, Dataset: test, Dice: 0.5916, IoU: 0.4527
Epoch: 4, Dataset: val, Dice: 0.5818, IoU: 0.4515
### Best Model Saved (Dice improved from 0.5167 to 0.5818) ###
2026-09-18 20:05:31.337995 Epoch [005/200], Step [0031/0031], LR: 0.000100, Loss: 0.8265
Epoch: 5, Dataset: test, Dice: 0.5135, IoU: 0.3842
Epoch: 5, Dataset: val, Dice: 0.5702, IoU: 0.4340
2026-09-18 20:05:48.733771 Epoch [006/200], Step [0031/0031], LR: 0.000100, Loss: 0.7312
Epoch: 6, Dataset: test, Dice: 0.5916, IoU: 0.4508
Epoch: 6, Dataset: val, Dice: 0.5863, IoU: 0.4547
### Best Model Saved (Dice improved from 0.5818 to 0.5863) ###
2026-09-18 20:06:06.336819 Epoch [007/200], Step [0031/0031], LR: 0.000100, Loss: 0.6292
Epoch: 7, Dataset: test, Dice: 0.6874, IoU: 0.5578
Epoch: 7, Dataset: val, Dice: 0.6763, IoU: 0.5598
### Best Model Saved (Dice improved from 0.5863 to 0.6763) ###
2026-09-18 20:06:24.075025 Epoch [008/200], Step [0031/0031], LR: 0.000100, Loss: 0.5890
Epoch: 8, Dataset: test, Dice: 0.6868, IoU: 0.5582
Epoch: 8, Dataset: val, Dice: 0.6713, IoU: 0.5408
2026-09-18 20:06:41.593272 Epoch [009/200], Step [0031/0031], LR: 0.000100, Loss: 0.5218
Epoch: 9, Dataset: test, Dice: 0.7028, IoU: 0.5854
Epoch: 9, Dataset: val, Dice: 0.6774, IoU: 0.5553
### Best Model Saved (Dice improved from 0.6763 to 0.6774) ###
2026-09-18 20:06:59.566657 Epoch [010/200], Step [0031/0031], LR: 0.000100, Loss: 0.4932
Epoch: 10, Dataset: test, Dice: 0.7564, IoU: 0.6355
Epoch: 10, Dataset: val, Dice: 0.7178, IoU: 0.6030
### Best Model Saved (Dice improved from 0.6774 to 0.7178) ###
2026-09-18 20:07:17.447665 Epoch [011/200], Step [0031/0031], LR: 0.000100, Loss: 0.4509
Epoch: 11, Dataset: test, Dice: 0.7529, IoU: 0.6435
Epoch: 11, Dataset: val, Dice: 0.7013, IoU: 0.5870
2026-09-18 20:07:34.933011 Epoch [012/200], Step [0031/0031], LR: 0.000100, Loss: 0.4316
Epoch: 12, Dataset: test, Dice: 0.7605, IoU: 0.6495
Epoch: 12, Dataset: val, Dice: 0.7041, IoU: 0.5940
2026-09-18 20:07:52.703971 Epoch [013/200], Step [0031/0031], LR: 0.000100, Loss: 0.3978
Epoch: 13, Dataset: test, Dice: 0.7362, IoU: 0.6268
Epoch: 13, Dataset: val, Dice: 0.7453, IoU: 0.6431
### Best Model Saved (Dice improved from 0.7178 to 0.7453) ###
2026-09-18 20:08:10.110558 Epoch [014/200], Step [0031/0031], LR: 0.000100, Loss: 0.3659
Epoch: 14, Dataset: test, Dice: 0.7893, IoU: 0.6830
Epoch: 14, Dataset: val, Dice: 0.7604, IoU: 0.6465
### Best Model Saved (Dice improved from 0.7453 to 0.7604) ###
2026-09-18 20:08:27.603234 Epoch [015/200], Step [0031/0031], LR: 0.000100, Loss: 0.3519
Epoch: 15, Dataset: test, Dice: 0.8299, IoU: 0.7409
Epoch: 15, Dataset: val, Dice: 0.7676, IoU: 0.6640
### Best Model Saved (Dice improved from 0.7604 to 0.7676) ###
2026-09-18 20:08:45.234713 Epoch [016/200], Step [0031/0031], LR: 0.000100, Loss: 0.3241
Epoch: 16, Dataset: test, Dice: 0.8124, IoU: 0.7148
Epoch: 16, Dataset: val, Dice: 0.7699, IoU: 0.6657
### Best Model Saved (Dice improved from 0.7676 to 0.7699) ###
2026-09-18 20:09:02.850951 Epoch [017/200], Step [0031/0031], LR: 0.000100, Loss: 0.3316
Epoch: 17, Dataset: test, Dice: 0.7752, IoU: 0.6636
Epoch: 17, Dataset: val, Dice: 0.7633, IoU: 0.6467
2026-09-18 20:09:20.509882 Epoch [018/200], Step [0031/0031], LR: 0.000100, Loss: 0.3187
Epoch: 18, Dataset: test, Dice: 0.8288, IoU: 0.7370
Epoch: 18, Dataset: val, Dice: 0.7765, IoU: 0.6779
### Best Model Saved (Dice improved from 0.7699 to 0.7765) ###
2026-09-18 20:09:38.177173 Epoch [019/200], Step [0031/0031], LR: 0.000100, Loss: 0.2899
Epoch: 19, Dataset: test, Dice: 0.8587, IoU: 0.7795
Epoch: 19, Dataset: val, Dice: 0.8258, IoU: 0.7313
### Best Model Saved (Dice improved from 0.7765 to 0.8258) ###
2026-09-18 20:09:55.874691 Epoch [020/200], Step [0031/0031], LR: 0.000100, Loss: 0.2901
Epoch: 20, Dataset: test, Dice: 0.8328, IoU: 0.7433
Epoch: 20, Dataset: val, Dice: 0.8035, IoU: 0.7007
2026-09-18 20:10:13.634374 Epoch [021/200], Step [0031/0031], LR: 0.000100, Loss: 0.2812
Epoch: 21, Dataset: test, Dice: 0.8305, IoU: 0.7363
Epoch: 21, Dataset: val, Dice: 0.7892, IoU: 0.6809
2026-09-18 20:10:31.090316 Epoch [022/200], Step [0031/0031], LR: 0.000100, Loss: 0.2803
Epoch: 22, Dataset: test, Dice: 0.8536, IoU: 0.7739
Epoch: 22, Dataset: val, Dice: 0.8235, IoU: 0.7305
2026-09-18 20:10:48.570779 Epoch [023/200], Step [0031/0031], LR: 0.000100, Loss: 0.2641
Epoch: 23, Dataset: test, Dice: 0.8645, IoU: 0.7850
Epoch: 23, Dataset: val, Dice: 0.8267, IoU: 0.7395
### Best Model Saved (Dice improved from 0.8258 to 0.8267) ###
2026-09-18 20:11:06.255016 Epoch [024/200], Step [0031/0031], LR: 0.000100, Loss: 0.2537
Epoch: 24, Dataset: test, Dice: 0.8520, IoU: 0.7674
Epoch: 24, Dataset: val, Dice: 0.8153, IoU: 0.7140
2026-09-18 20:11:23.854563 Epoch [025/200], Step [0031/0031], LR: 0.000100, Loss: 0.2466
Epoch: 25, Dataset: test, Dice: 0.8447, IoU: 0.7557
Epoch: 25, Dataset: val, Dice: 0.8002, IoU: 0.7086
2026-09-18 20:11:41.358828 Epoch [026/200], Step [0031/0031], LR: 0.000100, Loss: 0.2263
Epoch: 26, Dataset: test, Dice: 0.8748, IoU: 0.7992
Epoch: 26, Dataset: val, Dice: 0.8457, IoU: 0.7648
### Best Model Saved (Dice improved from 0.8267 to 0.8457) ###
2026-09-18 20:11:58.826199 Epoch [027/200], Step [0031/0031], LR: 0.000100, Loss: 0.2324
Epoch: 27, Dataset: test, Dice: 0.8762, IoU: 0.7977
Epoch: 27, Dataset: val, Dice: 0.8405, IoU: 0.7563
2026-09-18 20:12:16.316377 Epoch [028/200], Step [0031/0031], LR: 0.000100, Loss: 0.2346
Epoch: 28, Dataset: test, Dice: 0.8433, IoU: 0.7533
Epoch: 28, Dataset: val, Dice: 0.8035, IoU: 0.7101
2026-09-18 20:12:33.859101 Epoch [029/200], Step [0031/0031], LR: 0.000100, Loss: 0.2336
Epoch: 29, Dataset: test, Dice: 0.8586, IoU: 0.7738
Epoch: 29, Dataset: val, Dice: 0.8341, IoU: 0.7437
2026-09-18 20:12:51.539625 Epoch [030/200], Step [0031/0031], LR: 0.000100, Loss: 0.2290
Epoch: 30, Dataset: test, Dice: 0.8716, IoU: 0.7932
Epoch: 30, Dataset: val, Dice: 0.8295, IoU: 0.7403
2026-09-18 20:13:09.093183 Epoch [031/200], Step [0031/0031], LR: 0.000100, Loss: 0.2120
Epoch: 31, Dataset: test, Dice: 0.8678, IoU: 0.7850
Epoch: 31, Dataset: val, Dice: 0.8229, IoU: 0.7393
2026-09-18 20:13:26.685140 Epoch [032/200], Step [0031/0031], LR: 0.000100, Loss: 0.2077
Epoch: 32, Dataset: test, Dice: 0.8729, IoU: 0.7962
Epoch: 32, Dataset: val, Dice: 0.8503, IoU: 0.7681
### Best Model Saved (Dice improved from 0.8457 to 0.8503) ###
2026-09-18 20:13:44.429255 Epoch [033/200], Step [0031/0031], LR: 0.000100, Loss: 0.1913
Epoch: 33, Dataset: test, Dice: 0.8607, IoU: 0.7823
Epoch: 33, Dataset: val, Dice: 0.8287, IoU: 0.7399
2026-09-18 20:14:02.172983 Epoch [034/200], Step [0031/0031], LR: 0.000100, Loss: 0.1989
Epoch: 34, Dataset: test, Dice: 0.8653, IoU: 0.7874
Epoch: 34, Dataset: val, Dice: 0.8241, IoU: 0.7430
2026-09-18 20:14:20.004797 Epoch [035/200], Step [0031/0031], LR: 0.000100, Loss: 0.2022
Epoch: 35, Dataset: test, Dice: 0.8771, IoU: 0.8024
Epoch: 35, Dataset: val, Dice: 0.8427, IoU: 0.7606
2026-09-18 20:14:37.597894 Epoch [036/200], Step [0031/0031], LR: 0.000100, Loss: 0.1993
Epoch: 36, Dataset: test, Dice: 0.8750, IoU: 0.8008
Epoch: 36, Dataset: val, Dice: 0.8413, IoU: 0.7549
2026-09-18 20:14:55.038920 Epoch [037/200], Step [0031/0031], LR: 0.000100, Loss: 0.1870
Epoch: 37, Dataset: test, Dice: 0.8682, IoU: 0.7937
Epoch: 37, Dataset: val, Dice: 0.8175, IoU: 0.7289
2026-09-18 20:15:14.479782 Epoch [038/200], Step [0031/0031], LR: 0.000100, Loss: 0.1928
Epoch: 38, Dataset: test, Dice: 0.8766, IoU: 0.8088
Epoch: 38, Dataset: val, Dice: 0.8221, IoU: 0.7360
2026-09-18 20:15:31.938588 Epoch [039/200], Step [0031/0031], LR: 0.000100, Loss: 0.1914
Epoch: 39, Dataset: test, Dice: 0.8560, IoU: 0.7735
Epoch: 39, Dataset: val, Dice: 0.8278, IoU: 0.7365
2026-09-18 20:15:49.410280 Epoch [040/200], Step [0031/0031], LR: 0.000100, Loss: 0.1789
Epoch: 40, Dataset: test, Dice: 0.8944, IoU: 0.8263
Epoch: 40, Dataset: val, Dice: 0.8573, IoU: 0.7767
### Best Model Saved (Dice improved from 0.8503 to 0.8573) ###
2026-09-18 20:16:06.958649 Epoch [041/200], Step [0031/0031], LR: 0.000100, Loss: 0.1743
Epoch: 41, Dataset: test, Dice: 0.8701, IoU: 0.8020
Epoch: 41, Dataset: val, Dice: 0.8347, IoU: 0.7561
2026-09-18 20:16:24.581780 Epoch [042/200], Step [0031/0031], LR: 0.000100, Loss: 0.1742
Epoch: 42, Dataset: test, Dice: 0.8930, IoU: 0.8251
Epoch: 42, Dataset: val, Dice: 0.8538, IoU: 0.7756
2026-09-18 20:16:42.330014 Epoch [043/200], Step [0031/0031], LR: 0.000100, Loss: 0.1736
Epoch: 43, Dataset: test, Dice: 0.8505, IoU: 0.7643
Epoch: 43, Dataset: val, Dice: 0.8178, IoU: 0.7239
2026-09-18 20:16:59.983204 Epoch [044/200], Step [0031/0031], LR: 0.000100, Loss: 0.1696
Epoch: 44, Dataset: test, Dice: 0.8657, IoU: 0.7942
Epoch: 44, Dataset: val, Dice: 0.8424, IoU: 0.7557
2026-09-18 20:17:17.670266 Epoch [045/200], Step [0031/0031], LR: 0.000100, Loss: 0.1675
Epoch: 45, Dataset: test, Dice: 0.8915, IoU: 0.8241
Epoch: 45, Dataset: val, Dice: 0.8445, IoU: 0.7585
2026-09-18 20:17:35.589367 Epoch [046/200], Step [0031/0031], LR: 0.000100, Loss: 0.1650
Epoch: 46, Dataset: test, Dice: 0.8656, IoU: 0.7853
Epoch: 46, Dataset: val, Dice: 0.8418, IoU: 0.7560
2026-09-18 20:17:53.097101 Epoch [047/200], Step [0031/0031], LR: 0.000100, Loss: 0.1599
Epoch: 47, Dataset: test, Dice: 0.8891, IoU: 0.8211
Epoch: 47, Dataset: val, Dice: 0.8633, IoU: 0.7836
### Best Model Saved (Dice improved from 0.8573 to 0.8633) ###
2026-09-18 20:18:10.765653 Epoch [048/200], Step [0031/0031], LR: 0.000100, Loss: 0.1576
Epoch: 48, Dataset: test, Dice: 0.8824, IoU: 0.8147
Epoch: 48, Dataset: val, Dice: 0.8545, IoU: 0.7733
2026-09-18 20:18:28.580277 Epoch [049/200], Step [0031/0031], LR: 0.000100, Loss: 0.1574
Epoch: 49, Dataset: test, Dice: 0.8972, IoU: 0.8284
Epoch: 49, Dataset: val, Dice: 0.8653, IoU: 0.7841
### Best Model Saved (Dice improved from 0.8633 to 0.8653) ###
2026-09-18 20:18:46.419663 Epoch [050/200], Step [0031/0031], LR: 0.000100, Loss: 0.1572
Epoch: 50, Dataset: test, Dice: 0.8928, IoU: 0.8229
Epoch: 50, Dataset: val, Dice: 0.8617, IoU: 0.7857
2026-09-18 20:19:04.038929 Epoch [051/200], Step [0031/0031], LR: 0.000100, Loss: 0.1568
Epoch: 51, Dataset: test, Dice: 0.8742, IoU: 0.7964
Epoch: 51, Dataset: val, Dice: 0.8461, IoU: 0.7589
2026-09-18 20:19:21.723392 Epoch [052/200], Step [0031/0031], LR: 0.000100, Loss: 0.1621
Epoch: 52, Dataset: test, Dice: 0.8852, IoU: 0.8107
Epoch: 52, Dataset: val, Dice: 0.8383, IoU: 0.7498
2026-09-18 20:19:39.253166 Epoch [053/200], Step [0031/0031], LR: 0.000100, Loss: 0.1615
Epoch: 53, Dataset: test, Dice: 0.8787, IoU: 0.8025
Epoch: 53, Dataset: val, Dice: 0.8569, IoU: 0.7782
2026-09-18 20:19:57.136591 Epoch [054/200], Step [0031/0031], LR: 0.000100, Loss: 0.1554
Epoch: 54, Dataset: test, Dice: 0.8797, IoU: 0.8097
Epoch: 54, Dataset: val, Dice: 0.8686, IoU: 0.7971
### Best Model Saved (Dice improved from 0.8653 to 0.8686) ###
2026-09-18 20:20:14.823804 Epoch [055/200], Step [0031/0031], LR: 0.000100, Loss: 0.1479
Epoch: 55, Dataset: test, Dice: 0.8782, IoU: 0.8027
Epoch: 55, Dataset: val, Dice: 0.8612, IoU: 0.7773
2026-09-18 20:20:32.343631 Epoch [056/200], Step [0031/0031], LR: 0.000100, Loss: 0.1514
Epoch: 56, Dataset: test, Dice: 0.8632, IoU: 0.7860
Epoch: 56, Dataset: val, Dice: 0.8565, IoU: 0.7730
2026-09-18 20:20:49.773216 Epoch [057/200], Step [0031/0031], LR: 0.000100, Loss: 0.1440
Epoch: 57, Dataset: test, Dice: 0.8683, IoU: 0.7931
Epoch: 57, Dataset: val, Dice: 0.8611, IoU: 0.7817
2026-09-18 20:21:07.263224 Epoch [058/200], Step [0031/0031], LR: 0.000100, Loss: 0.1448
Epoch: 58, Dataset: test, Dice: 0.8973, IoU: 0.8298
Epoch: 58, Dataset: val, Dice: 0.8716, IoU: 0.7945
### Best Model Saved (Dice improved from 0.8686 to 0.8716) ###
2026-09-18 20:21:24.793540 Epoch [059/200], Step [0031/0031], LR: 0.000100, Loss: 0.1402
Epoch: 59, Dataset: test, Dice: 0.8671, IoU: 0.7970
Epoch: 59, Dataset: val, Dice: 0.8450, IoU: 0.7635
2026-09-18 20:21:42.427955 Epoch [060/200], Step [0031/0031], LR: 0.000100, Loss: 0.1372
Epoch: 60, Dataset: test, Dice: 0.8916, IoU: 0.8210
Epoch: 60, Dataset: val, Dice: 0.8741, IoU: 0.8020
### Best Model Saved (Dice improved from 0.8716 to 0.8741) ###
2026-09-18 20:22:00.117612 Epoch [061/200], Step [0031/0031], LR: 0.000100, Loss: 0.1362
Epoch: 61, Dataset: test, Dice: 0.8763, IoU: 0.8086
Epoch: 61, Dataset: val, Dice: 0.8487, IoU: 0.7688
2026-09-18 20:22:17.738453 Epoch [062/200], Step [0031/0031], LR: 0.000100, Loss: 0.1417
Epoch: 62, Dataset: test, Dice: 0.8858, IoU: 0.8156
Epoch: 62, Dataset: val, Dice: 0.8331, IoU: 0.7454
2026-09-18 20:22:35.423795 Epoch [063/200], Step [0031/0031], LR: 0.000100, Loss: 0.1455
Epoch: 63, Dataset: test, Dice: 0.8601, IoU: 0.7876
Epoch: 63, Dataset: val, Dice: 0.8183, IoU: 0.7242
2026-09-18 20:22:53.055999 Epoch [064/200], Step [0031/0031], LR: 0.000100, Loss: 0.1388
Epoch: 64, Dataset: test, Dice: 0.8774, IoU: 0.8100
Epoch: 64, Dataset: val, Dice: 0.8464, IoU: 0.7632
2026-09-18 20:23:10.836363 Epoch [065/200], Step [0031/0031], LR: 0.000100, Loss: 0.1314
Epoch: 65, Dataset: test, Dice: 0.8890, IoU: 0.8184
Epoch: 65, Dataset: val, Dice: 0.8661, IoU: 0.7913
2026-09-18 20:23:28.739566 Epoch [066/200], Step [0031/0031], LR: 0.000100, Loss: 0.1306
Epoch: 66, Dataset: test, Dice: 0.8804, IoU: 0.8048
Epoch: 66, Dataset: val, Dice: 0.8482, IoU: 0.7636
2026-09-18 20:23:46.670780 Epoch [067/200], Step [0031/0031], LR: 0.000100, Loss: 0.1326
Epoch: 67, Dataset: test, Dice: 0.8879, IoU: 0.8170
Epoch: 67, Dataset: val, Dice: 0.8395, IoU: 0.7579
2026-09-18 20:24:04.239617 Epoch [068/200], Step [0031/0031], LR: 0.000100, Loss: 0.1324
Epoch: 68, Dataset: test, Dice: 0.8832, IoU: 0.8099
Epoch: 68, Dataset: val, Dice: 0.8247, IoU: 0.7396
2026-09-18 20:24:22.046994 Epoch [069/200], Step [0031/0031], LR: 0.000100, Loss: 0.1347
Epoch: 69, Dataset: test, Dice: 0.8879, IoU: 0.8196
Epoch: 69, Dataset: val, Dice: 0.8410, IoU: 0.7609
2026-09-18 20:24:40.651613 Epoch [070/200], Step [0031/0031], LR: 0.000100, Loss: 0.1331
Epoch: 70, Dataset: test, Dice: 0.8967, IoU: 0.8280
Epoch: 70, Dataset: val, Dice: 0.8672, IoU: 0.7882
2026-09-18 20:24:58.437834 Epoch [071/200], Step [0031/0031], LR: 0.000100, Loss: 0.1255
Epoch: 71, Dataset: test, Dice: 0.9019, IoU: 0.8366
Epoch: 71, Dataset: val, Dice: 0.8687, IoU: 0.7926
2026-09-18 20:25:16.216482 Epoch [072/200], Step [0031/0031], LR: 0.000100, Loss: 0.1223
Epoch: 72, Dataset: test, Dice: 0.8869, IoU: 0.8160
Epoch: 72, Dataset: val, Dice: 0.8718, IoU: 0.7924
2026-09-18 20:25:33.999747 Epoch [073/200], Step [0031/0031], LR: 0.000100, Loss: 0.1275
Epoch: 73, Dataset: test, Dice: 0.8227, IoU: 0.7386
Epoch: 73, Dataset: val, Dice: 0.8000, IoU: 0.7143
2026-09-18 20:25:51.910009 Epoch [074/200], Step [0031/0031], LR: 0.000100, Loss: 0.1307
Epoch: 74, Dataset: test, Dice: 0.8771, IoU: 0.8055
Epoch: 74, Dataset: val, Dice: 0.8401, IoU: 0.7610
2026-09-18 20:26:09.936616 Epoch [075/200], Step [0031/0031], LR: 0.000100, Loss: 0.1231
Epoch: 75, Dataset: test, Dice: 0.8853, IoU: 0.8107
Epoch: 75, Dataset: val, Dice: 0.8575, IoU: 0.7737
2026-09-18 20:26:27.780810 Epoch [076/200], Step [0031/0031], LR: 0.000100, Loss: 0.1291
Epoch: 76, Dataset: test, Dice: 0.8613, IoU: 0.7848
Epoch: 76, Dataset: val, Dice: 0.8488, IoU: 0.7620
2026-09-18 20:26:45.722302 Epoch [077/200], Step [0031/0031], LR: 0.000100, Loss: 0.1239
Epoch: 77, Dataset: test, Dice: 0.8912, IoU: 0.8249
Epoch: 77, Dataset: val, Dice: 0.8682, IoU: 0.7932
2026-09-18 20:27:03.453201 Epoch [078/200], Step [0031/0031], LR: 0.000100, Loss: 0.1223
Epoch: 78, Dataset: test, Dice: 0.8805, IoU: 0.8139
Epoch: 78, Dataset: val, Dice: 0.8674, IoU: 0.7907
2026-09-18 20:27:21.524342 Epoch [079/200], Step [0031/0031], LR: 0.000100, Loss: 0.1238
Epoch: 79, Dataset: test, Dice: 0.8679, IoU: 0.7961
Epoch: 79, Dataset: val, Dice: 0.8305, IoU: 0.7451
2026-09-18 20:27:39.308616 Epoch [080/200], Step [0031/0031], LR: 0.000100, Loss: 0.1243
Epoch: 80, Dataset: test, Dice: 0.8951, IoU: 0.8272
Epoch: 80, Dataset: val, Dice: 0.8714, IoU: 0.7948
2026-09-18 20:27:57.175900 Epoch [081/200], Step [0031/0031], LR: 0.000100, Loss: 0.1184
Epoch: 81, Dataset: test, Dice: 0.8851, IoU: 0.8161
Epoch: 81, Dataset: val, Dice: 0.8668, IoU: 0.7906
2026-09-18 20:28:14.912360 Epoch [082/200], Step [0031/0031], LR: 0.000100, Loss: 0.1172
Epoch: 82, Dataset: test, Dice: 0.9008, IoU: 0.8361
Epoch: 82, Dataset: val, Dice: 0.8737, IoU: 0.7980
2026-09-18 20:28:32.780501 Epoch [083/200], Step [0031/0031], LR: 0.000100, Loss: 0.1204
Epoch: 83, Dataset: test, Dice: 0.8804, IoU: 0.8063
Epoch: 83, Dataset: val, Dice: 0.8462, IoU: 0.7640
2026-09-18 20:28:50.554529 Epoch [084/200], Step [0031/0031], LR: 0.000100, Loss: 0.1231
Epoch: 84, Dataset: test, Dice: 0.8747, IoU: 0.8056
Epoch: 84, Dataset: val, Dice: 0.8256, IoU: 0.7413
2026-09-18 20:29:08.233684 Epoch [085/200], Step [0031/0031], LR: 0.000100, Loss: 0.1211
Epoch: 85, Dataset: test, Dice: 0.8847, IoU: 0.8140
Epoch: 85, Dataset: val, Dice: 0.8577, IoU: 0.7763
2026-09-18 20:29:25.761234 Epoch [086/200], Step [0031/0031], LR: 0.000100, Loss: 0.1156
Epoch: 86, Dataset: test, Dice: 0.8919, IoU: 0.8277
Epoch: 86, Dataset: val, Dice: 0.8489, IoU: 0.7730
2026-09-18 20:29:43.304759 Epoch [087/200], Step [0031/0031], LR: 0.000100, Loss: 0.1153
Epoch: 87, Dataset: test, Dice: 0.8814, IoU: 0.8128
Epoch: 87, Dataset: val, Dice: 0.8458, IoU: 0.7672
2026-09-18 20:30:00.998519 Epoch [088/200], Step [0031/0031], LR: 0.000100, Loss: 0.1246
Epoch: 88, Dataset: test, Dice: 0.8901, IoU: 0.8195
Epoch: 88, Dataset: val, Dice: 0.8520, IoU: 0.7677
2026-09-18 20:30:18.564180 Epoch [089/200], Step [0031/0031], LR: 0.000100, Loss: 0.1207
Epoch: 89, Dataset: test, Dice: 0.8817, IoU: 0.8106
Epoch: 89, Dataset: val, Dice: 0.8643, IoU: 0.7862
2026-09-18 20:30:36.198359 Epoch [090/200], Step [0031/0031], LR: 0.000100, Loss: 0.1164
Epoch: 90, Dataset: test, Dice: 0.8763, IoU: 0.8028
Epoch: 90, Dataset: val, Dice: 0.8544, IoU: 0.7717
2026-09-18 20:30:53.955592 Epoch [091/200], Step [0031/0031], LR: 0.000100, Loss: 0.1178
Epoch: 91, Dataset: test, Dice: 0.8803, IoU: 0.8140
Epoch: 91, Dataset: val, Dice: 0.8557, IoU: 0.7811
2026-09-18 20:31:11.823131 Epoch [092/200], Step [0031/0031], LR: 0.000100, Loss: 0.1115
Epoch: 92, Dataset: test, Dice: 0.8816, IoU: 0.8152
Epoch: 92, Dataset: val, Dice: 0.8653, IoU: 0.7871
2026-09-18 20:31:29.703256 Epoch [093/200], Step [0031/0031], LR: 0.000100, Loss: 0.1061
Epoch: 93, Dataset: test, Dice: 0.9075, IoU: 0.8401
Epoch: 93, Dataset: val, Dice: 0.8653, IoU: 0.7918
2026-09-18 20:31:47.109757 Epoch [094/200], Step [0031/0031], LR: 0.000100, Loss: 0.1095
Epoch: 94, Dataset: test, Dice: 0.8914, IoU: 0.8246
Epoch: 94, Dataset: val, Dice: 0.8450, IoU: 0.7603
2026-09-18 20:32:04.654953 Epoch [095/200], Step [0031/0031], LR: 0.000100, Loss: 0.1100
Epoch: 95, Dataset: test, Dice: 0.8971, IoU: 0.8303
Epoch: 95, Dataset: val, Dice: 0.8438, IoU: 0.7635
2026-09-18 20:32:22.343049 Epoch [096/200], Step [0031/0031], LR: 0.000100, Loss: 0.1104
Epoch: 96, Dataset: test, Dice: 0.9054, IoU: 0.8381
Epoch: 96, Dataset: val, Dice: 0.8677, IoU: 0.7908
2026-09-18 20:32:39.979867 Epoch [097/200], Step [0031/0031], LR: 0.000100, Loss: 0.1113
Epoch: 97, Dataset: test, Dice: 0.8966, IoU: 0.8282
Epoch: 97, Dataset: val, Dice: 0.8661, IoU: 0.7912
2026-09-18 20:32:57.873307 Epoch [098/200], Step [0031/0031], LR: 0.000100, Loss: 0.1083
Epoch: 98, Dataset: test, Dice: 0.8893, IoU: 0.8220
Epoch: 98, Dataset: val, Dice: 0.8691, IoU: 0.7870
2026-09-18 20:33:15.580076 Epoch [099/200], Step [0031/0031], LR: 0.000100, Loss: 0.1065
Epoch: 99, Dataset: test, Dice: 0.8970, IoU: 0.8295
Epoch: 99, Dataset: val, Dice: 0.8573, IoU: 0.7758
2026-09-18 20:33:33.074868 Epoch [100/200], Step [0031/0031], LR: 0.000100, Loss: 0.1041
Epoch: 100, Dataset: test, Dice: 0.8886, IoU: 0.8189
Epoch: 100, Dataset: val, Dice: 0.8689, IoU: 0.7915
2026-09-18 20:33:50.535080 Epoch [101/200], Step [0031/0031], LR: 0.000100, Loss: 0.1023
Epoch: 101, Dataset: test, Dice: 0.9011, IoU: 0.8356
Epoch: 101, Dataset: val, Dice: 0.8854, IoU: 0.8096
### Best Model Saved (Dice improved from 0.8741 to 0.8854) ###
2026-09-18 20:34:08.337499 Epoch [102/200], Step [0031/0031], LR: 0.000100, Loss: 0.1031
Epoch: 102, Dataset: test, Dice: 0.8868, IoU: 0.8207
Epoch: 102, Dataset: val, Dice: 0.8749, IoU: 0.8046
2026-09-18 20:34:26.022839 Epoch [103/200], Step [0031/0031], LR: 0.000100, Loss: 0.1035
Epoch: 103, Dataset: test, Dice: 0.8875, IoU: 0.8218
Epoch: 103, Dataset: val, Dice: 0.8685, IoU: 0.7908
2026-09-18 20:34:43.581700 Epoch [104/200], Step [0031/0031], LR: 0.000100, Loss: 0.1177
Epoch: 104, Dataset: test, Dice: 0.8781, IoU: 0.8104
Epoch: 104, Dataset: val, Dice: 0.8349, IoU: 0.7502
2026-09-18 20:35:01.321573 Epoch [105/200], Step [0031/0031], LR: 0.000100, Loss: 0.1120
Epoch: 105, Dataset: test, Dice: 0.9095, IoU: 0.8457
Epoch: 105, Dataset: val, Dice: 0.8610, IoU: 0.7871
2026-09-18 20:35:19.328262 Epoch [106/200], Step [0031/0031], LR: 0.000100, Loss: 0.1061
Epoch: 106, Dataset: test, Dice: 0.8889, IoU: 0.8198
Epoch: 106, Dataset: val, Dice: 0.8746, IoU: 0.8006
2026-09-18 20:35:36.708176 Epoch [107/200], Step [0031/0031], LR: 0.000100, Loss: 0.1084
Epoch: 107, Dataset: test, Dice: 0.9048, IoU: 0.8379
Epoch: 107, Dataset: val, Dice: 0.8655, IoU: 0.7896
2026-09-18 20:35:54.453238 Epoch [108/200], Step [0031/0031], LR: 0.000100, Loss: 0.1052
Epoch: 108, Dataset: test, Dice: 0.8990, IoU: 0.8380
Epoch: 108, Dataset: val, Dice: 0.8608, IoU: 0.7835
2026-09-18 20:36:12.303660 Epoch [109/200], Step [0031/0031], LR: 0.000100, Loss: 0.1034
Epoch: 109, Dataset: test, Dice: 0.8800, IoU: 0.8164
Epoch: 109, Dataset: val, Dice: 0.8678, IoU: 0.7893
2026-09-18 20:36:30.052276 Epoch [110/200], Step [0031/0031], LR: 0.000100, Loss: 0.1046
Epoch: 110, Dataset: test, Dice: 0.8789, IoU: 0.8031
Epoch: 110, Dataset: val, Dice: 0.8676, IoU: 0.7862
2026-09-18 20:36:47.722060 Epoch [111/200], Step [0031/0031], LR: 0.000100, Loss: 0.1029
Epoch: 111, Dataset: test, Dice: 0.8803, IoU: 0.8196
Epoch: 111, Dataset: val, Dice: 0.8671, IoU: 0.7895
2026-09-18 20:37:05.531550 Epoch [112/200], Step [0031/0031], LR: 0.000100, Loss: 0.1019
Epoch: 112, Dataset: test, Dice: 0.8926, IoU: 0.8232
Epoch: 112, Dataset: val, Dice: 0.8679, IoU: 0.7937
2026-09-18 20:37:23.101923 Epoch [113/200], Step [0031/0031], LR: 0.000100, Loss: 0.0995
Epoch: 113, Dataset: test, Dice: 0.9075, IoU: 0.8414
Epoch: 113, Dataset: val, Dice: 0.8687, IoU: 0.7904
2026-09-18 20:37:40.920915 Epoch [114/200], Step [0031/0031], LR: 0.000100, Loss: 0.1023
Epoch: 114, Dataset: test, Dice: 0.8892, IoU: 0.8275
Epoch: 114, Dataset: val, Dice: 0.8705, IoU: 0.7971
2026-09-18 20:37:58.479992 Epoch [115/200], Step [0031/0031], LR: 0.000100, Loss: 0.0974
Epoch: 115, Dataset: test, Dice: 0.8866, IoU: 0.8194
Epoch: 115, Dataset: val, Dice: 0.8583, IoU: 0.7812
2026-09-18 20:38:16.274853 Epoch [116/200], Step [0031/0031], LR: 0.000100, Loss: 0.0948
Epoch: 116, Dataset: test, Dice: 0.8932, IoU: 0.8325
Epoch: 116, Dataset: val, Dice: 0.8786, IoU: 0.8062
2026-09-18 20:38:33.922347 Epoch [117/200], Step [0031/0031], LR: 0.000100, Loss: 0.0956
Epoch: 117, Dataset: test, Dice: 0.8828, IoU: 0.8192
Epoch: 117, Dataset: val, Dice: 0.8584, IoU: 0.7805
2026-09-18 20:38:51.421291 Epoch [118/200], Step [0031/0031], LR: 0.000100, Loss: 0.0972
Epoch: 118, Dataset: test, Dice: 0.8944, IoU: 0.8270
Epoch: 118, Dataset: val, Dice: 0.8715, IoU: 0.7945
2026-09-18 20:39:08.920669 Epoch [119/200], Step [0031/0031], LR: 0.000100, Loss: 0.1016
Epoch: 119, Dataset: test, Dice: 0.8955, IoU: 0.8313
Epoch: 119, Dataset: val, Dice: 0.8694, IoU: 0.7991
2026-09-18 20:39:26.301048 Epoch [120/200], Step [0031/0031], LR: 0.000100, Loss: 0.0973
Epoch: 120, Dataset: test, Dice: 0.8933, IoU: 0.8281
Epoch: 120, Dataset: val, Dice: 0.8596, IoU: 0.7842
2026-09-18 20:39:43.921604 Epoch [121/200], Step [0031/0031], LR: 0.000100, Loss: 0.0981
Epoch: 121, Dataset: test, Dice: 0.8971, IoU: 0.8242
Epoch: 121, Dataset: val, Dice: 0.8725, IoU: 0.7923
2026-09-18 20:40:01.457678 Epoch [122/200], Step [0031/0031], LR: 0.000100, Loss: 0.0972
Epoch: 122, Dataset: test, Dice: 0.8969, IoU: 0.8285
Epoch: 122, Dataset: val, Dice: 0.8721, IoU: 0.7928
2026-09-18 20:40:18.968692 Epoch [123/200], Step [0031/0031], LR: 0.000100, Loss: 0.0993
Epoch: 123, Dataset: test, Dice: 0.9041, IoU: 0.8373
Epoch: 123, Dataset: val, Dice: 0.8553, IoU: 0.7764
2026-09-18 20:40:36.534657 Epoch [124/200], Step [0031/0031], LR: 0.000100, Loss: 0.1034
Epoch: 124, Dataset: test, Dice: 0.8964, IoU: 0.8338
Epoch: 124, Dataset: val, Dice: 0.8525, IoU: 0.7714
2026-09-18 20:40:54.101176 Epoch [125/200], Step [0031/0031], LR: 0.000100, Loss: 0.0972
Epoch: 125, Dataset: test, Dice: 0.8961, IoU: 0.8322
Epoch: 125, Dataset: val, Dice: 0.8721, IoU: 0.7941
2026-09-18 20:41:11.763743 Epoch [126/200], Step [0031/0031], LR: 0.000100, Loss: 0.0981
Epoch: 126, Dataset: test, Dice: 0.8960, IoU: 0.8268
Epoch: 126, Dataset: val, Dice: 0.8789, IoU: 0.8022
2026-09-18 20:41:29.662105 Epoch [127/200], Step [0031/0031], LR: 0.000100, Loss: 0.0990
Epoch: 127, Dataset: test, Dice: 0.8993, IoU: 0.8318
Epoch: 127, Dataset: val, Dice: 0.8675, IoU: 0.7903
2026-09-18 20:41:47.232035 Epoch [128/200], Step [0031/0031], LR: 0.000100, Loss: 0.0978
Epoch: 128, Dataset: test, Dice: 0.8797, IoU: 0.8125
Epoch: 128, Dataset: val, Dice: 0.8522, IoU: 0.7733
2026-09-18 20:42:05.114921 Epoch [129/200], Step [0031/0031], LR: 0.000100, Loss: 0.0968
Epoch: 129, Dataset: test, Dice: 0.8944, IoU: 0.8241
Epoch: 129, Dataset: val, Dice: 0.8595, IoU: 0.7834
2026-09-18 20:42:22.709505 Epoch [130/200], Step [0031/0031], LR: 0.000100, Loss: 0.0920
Epoch: 130, Dataset: test, Dice: 0.8987, IoU: 0.8337
Epoch: 130, Dataset: val, Dice: 0.8755, IoU: 0.7969
2026-09-18 20:42:40.285312 Epoch [131/200], Step [0031/0031], LR: 0.000100, Loss: 0.0899
Epoch: 131, Dataset: test, Dice: 0.8909, IoU: 0.8252
Epoch: 131, Dataset: val, Dice: 0.8779, IoU: 0.8056
2026-09-18 20:42:58.089288 Epoch [132/200], Step [0031/0031], LR: 0.000100, Loss: 0.0935
Epoch: 132, Dataset: test, Dice: 0.8995, IoU: 0.8382
Epoch: 132, Dataset: val, Dice: 0.8637, IoU: 0.7890
2026-09-18 20:43:15.784919 Epoch [133/200], Step [0031/0031], LR: 0.000100, Loss: 0.0924
Epoch: 133, Dataset: test, Dice: 0.8804, IoU: 0.8111
Epoch: 133, Dataset: val, Dice: 0.8673, IoU: 0.7872
2026-09-18 20:43:33.540481 Epoch [134/200], Step [0031/0031], LR: 0.000100, Loss: 0.0981
Epoch: 134, Dataset: test, Dice: 0.9063, IoU: 0.8392
Epoch: 134, Dataset: val, Dice: 0.8401, IoU: 0.7631
2026-09-18 20:43:51.273439 Epoch [135/200], Step [0031/0031], LR: 0.000100, Loss: 0.1056
Epoch: 135, Dataset: test, Dice: 0.8798, IoU: 0.8158
Epoch: 135, Dataset: val, Dice: 0.8601, IoU: 0.7830
2026-09-18 20:44:08.923973 Epoch [136/200], Step [0031/0031], LR: 0.000100, Loss: 0.0970
Epoch: 136, Dataset: test, Dice: 0.8982, IoU: 0.8290
Epoch: 136, Dataset: val, Dice: 0.8718, IoU: 0.7944
2026-09-18 20:44:26.626850 Epoch [137/200], Step [0031/0031], LR: 0.000100, Loss: 0.0982
Epoch: 137, Dataset: test, Dice: 0.9014, IoU: 0.8312
Epoch: 137, Dataset: val, Dice: 0.8560, IoU: 0.7770
2026-09-18 20:44:44.105667 Epoch [138/200], Step [0031/0031], LR: 0.000100, Loss: 0.0936
Epoch: 138, Dataset: test, Dice: 0.9045, IoU: 0.8376
Epoch: 138, Dataset: val, Dice: 0.8580, IoU: 0.7802
2026-09-18 20:45:01.867882 Epoch [139/200], Step [0031/0031], LR: 0.000100, Loss: 0.0888
Epoch: 139, Dataset: test, Dice: 0.9046, IoU: 0.8373
Epoch: 139, Dataset: val, Dice: 0.8661, IoU: 0.7901
2026-09-18 20:45:19.551021 Epoch [140/200], Step [0031/0031], LR: 0.000100, Loss: 0.0894
Epoch: 140, Dataset: test, Dice: 0.8951, IoU: 0.8242
Epoch: 140, Dataset: val, Dice: 0.8723, IoU: 0.7952
2026-09-18 20:45:37.216429 Epoch [141/200], Step [0031/0031], LR: 0.000100, Loss: 0.0929
Epoch: 141, Dataset: test, Dice: 0.8761, IoU: 0.8017
Epoch: 141, Dataset: val, Dice: 0.8560, IoU: 0.7742
2026-09-18 20:45:54.584618 Epoch [142/200], Step [0031/0031], LR: 0.000100, Loss: 0.0957
Epoch: 142, Dataset: test, Dice: 0.9118, IoU: 0.8478
Epoch: 142, Dataset: val, Dice: 0.8602, IoU: 0.7828
2026-09-18 20:46:12.072367 Epoch [143/200], Step [0031/0031], LR: 0.000100, Loss: 0.0903
Epoch: 143, Dataset: test, Dice: 0.9049, IoU: 0.8423
Epoch: 143, Dataset: val, Dice: 0.8552, IoU: 0.7783
2026-09-18 20:46:29.714039 Epoch [144/200], Step [0031/0031], LR: 0.000100, Loss: 0.0911
Epoch: 144, Dataset: test, Dice: 0.8924, IoU: 0.8277
Epoch: 144, Dataset: val, Dice: 0.8670, IoU: 0.7899
2026-09-18 20:46:47.429378 Epoch [145/200], Step [0031/0031], LR: 0.000100, Loss: 0.0880
Epoch: 145, Dataset: test, Dice: 0.8913, IoU: 0.8258
Epoch: 145, Dataset: val, Dice: 0.8809, IoU: 0.8074
2026-09-18 20:47:05.140871 Epoch [146/200], Step [0031/0031], LR: 0.000100, Loss: 0.0873
Epoch: 146, Dataset: test, Dice: 0.8928, IoU: 0.8283
Epoch: 146, Dataset: val, Dice: 0.8594, IoU: 0.7818
2026-09-18 20:47:22.682332 Epoch [147/200], Step [0031/0031], LR: 0.000100, Loss: 0.0869
Epoch: 147, Dataset: test, Dice: 0.8852, IoU: 0.8257
Epoch: 147, Dataset: val, Dice: 0.8555, IoU: 0.7821
2026-09-18 20:47:40.181084 Epoch [148/200], Step [0031/0031], LR: 0.000100, Loss: 0.0870
Epoch: 148, Dataset: test, Dice: 0.8888, IoU: 0.8262
Epoch: 148, Dataset: val, Dice: 0.8669, IoU: 0.7923
2026-09-18 20:47:57.700798 Epoch [149/200], Step [0031/0031], LR: 0.000100, Loss: 0.0859
Epoch: 149, Dataset: test, Dice: 0.8998, IoU: 0.8390
Epoch: 149, Dataset: val, Dice: 0.8732, IoU: 0.7994
2026-09-18 20:48:15.202323 Epoch [150/200], Step [0031/0031], LR: 0.000100, Loss: 0.0847
Epoch: 150, Dataset: test, Dice: 0.9081, IoU: 0.8427
Epoch: 150, Dataset: val, Dice: 0.8697, IoU: 0.7974
2026-09-18 20:48:32.879872 Epoch [151/200], Step [0031/0031], LR: 0.000100, Loss: 0.0831
Epoch: 151, Dataset: test, Dice: 0.9047, IoU: 0.8412
Epoch: 151, Dataset: val, Dice: 0.8657, IoU: 0.7929
2026-09-18 20:48:50.354034 Epoch [152/200], Step [0031/0031], LR: 0.000100, Loss: 0.0882
Epoch: 152, Dataset: test, Dice: 0.8907, IoU: 0.8259
Epoch: 152, Dataset: val, Dice: 0.8536, IoU: 0.7768
2026-09-18 20:49:07.657421 Epoch [153/200], Step [0031/0031], LR: 0.000100, Loss: 0.0869
Epoch: 153, Dataset: test, Dice: 0.9047, IoU: 0.8420
Epoch: 153, Dataset: val, Dice: 0.8574, IoU: 0.7815
2026-09-18 20:49:25.330049 Epoch [154/200], Step [0031/0031], LR: 0.000100, Loss: 0.0834
Epoch: 154, Dataset: test, Dice: 0.9020, IoU: 0.8372
Epoch: 154, Dataset: val, Dice: 0.8656, IoU: 0.7917
2026-09-18 20:49:43.109275 Epoch [155/200], Step [0031/0031], LR: 0.000100, Loss: 0.0832
Epoch: 155, Dataset: test, Dice: 0.9120, IoU: 0.8494
Epoch: 155, Dataset: val, Dice: 0.8666, IoU: 0.7945
2026-09-18 20:50:00.626430 Epoch [156/200], Step [0031/0031], LR: 0.000100, Loss: 0.0835
Epoch: 156, Dataset: test, Dice: 0.8844, IoU: 0.8176
Epoch: 156, Dataset: val, Dice: 0.8657, IoU: 0.7911
2026-09-18 20:50:18.455001 Epoch [157/200], Step [0031/0031], LR: 0.000100, Loss: 0.0836
Epoch: 157, Dataset: test, Dice: 0.8953, IoU: 0.8295
Epoch: 157, Dataset: val, Dice: 0.8764, IoU: 0.8022
2026-09-18 20:50:35.971399 Epoch [158/200], Step [0031/0031], LR: 0.000100, Loss: 0.0857
Epoch: 158, Dataset: test, Dice: 0.8784, IoU: 0.8128
Epoch: 158, Dataset: val, Dice: 0.8695, IoU: 0.7995
2026-09-18 20:50:53.572276 Epoch [159/200], Step [0031/0031], LR: 0.000100, Loss: 0.0858
Epoch: 159, Dataset: test, Dice: 0.8935, IoU: 0.8244
Epoch: 159, Dataset: val, Dice: 0.8705, IoU: 0.7951
2026-09-18 20:51:11.036560 Epoch [160/200], Step [0031/0031], LR: 0.000100, Loss: 0.0863
Epoch: 160, Dataset: test, Dice: 0.8943, IoU: 0.8260
Epoch: 160, Dataset: val, Dice: 0.8733, IoU: 0.7991
2026-09-18 20:51:28.590672 Epoch [161/200], Step [0031/0031], LR: 0.000100, Loss: 0.0844
Epoch: 161, Dataset: test, Dice: 0.8934, IoU: 0.8273
Epoch: 161, Dataset: val, Dice: 0.8787, IoU: 0.8056
2026-09-18 20:51:46.257908 Epoch [162/200], Step [0031/0031], LR: 0.000100, Loss: 0.0853
Epoch: 162, Dataset: test, Dice: 0.9077, IoU: 0.8417
Epoch: 162, Dataset: val, Dice: 0.8832, IoU: 0.8109
2026-09-18 20:52:03.644533 Epoch [163/200], Step [0031/0031], LR: 0.000100, Loss: 0.0853
Epoch: 163, Dataset: test, Dice: 0.8978, IoU: 0.8284
Epoch: 163, Dataset: val, Dice: 0.8609, IoU: 0.7865
2026-09-18 20:52:21.394430 Epoch [164/200], Step [0031/0031], LR: 0.000100, Loss: 0.0840
Epoch: 164, Dataset: test, Dice: 0.9001, IoU: 0.8350
Epoch: 164, Dataset: val, Dice: 0.8648, IoU: 0.7947
2026-09-18 20:52:38.718430 Epoch [165/200], Step [0031/0031], LR: 0.000100, Loss: 0.0824
Epoch: 165, Dataset: test, Dice: 0.9033, IoU: 0.8375
Epoch: 165, Dataset: val, Dice: 0.8733, IoU: 0.7996
2026-09-18 20:52:56.130946 Epoch [166/200], Step [0031/0031], LR: 0.000100, Loss: 0.0820
Epoch: 166, Dataset: test, Dice: 0.9042, IoU: 0.8385
Epoch: 166, Dataset: val, Dice: 0.8617, IoU: 0.7894
2026-09-18 20:53:13.560491 Epoch [167/200], Step [0031/0031], LR: 0.000100, Loss: 0.0808
Epoch: 167, Dataset: test, Dice: 0.9095, IoU: 0.8451
Epoch: 167, Dataset: val, Dice: 0.8698, IoU: 0.7958
2026-09-18 20:53:31.064943 Epoch [168/200], Step [0031/0031], LR: 0.000100, Loss: 0.0821
Epoch: 168, Dataset: test, Dice: 0.9024, IoU: 0.8338
Epoch: 168, Dataset: val, Dice: 0.8647, IoU: 0.7900
2026-09-18 20:53:48.690856 Epoch [169/200], Step [0031/0031], LR: 0.000100, Loss: 0.0838
Epoch: 169, Dataset: test, Dice: 0.8991, IoU: 0.8307
Epoch: 169, Dataset: val, Dice: 0.8523, IoU: 0.7809
2026-09-18 20:54:06.783379 Epoch [170/200], Step [0031/0031], LR: 0.000100, Loss: 0.0846
Epoch: 170, Dataset: test, Dice: 0.9028, IoU: 0.8363
Epoch: 170, Dataset: val, Dice: 0.8660, IoU: 0.7933
2026-09-18 20:54:24.265363 Epoch [171/200], Step [0031/0031], LR: 0.000100, Loss: 0.0849
Epoch: 171, Dataset: test, Dice: 0.8814, IoU: 0.8094
Epoch: 171, Dataset: val, Dice: 0.8683, IoU: 0.7920
2026-09-18 20:54:41.680101 Epoch [172/200], Step [0031/0031], LR: 0.000100, Loss: 0.0837
Epoch: 172, Dataset: test, Dice: 0.9047, IoU: 0.8387
Epoch: 172, Dataset: val, Dice: 0.8750, IoU: 0.8013
2026-09-18 20:54:59.094470 Epoch [173/200], Step [0031/0031], LR: 0.000100, Loss: 0.0822
Epoch: 173, Dataset: test, Dice: 0.9128, IoU: 0.8495
Epoch: 173, Dataset: val, Dice: 0.8766, IoU: 0.8020
2026-09-18 20:55:16.836294 Epoch [174/200], Step [0031/0031], LR: 0.000100, Loss: 0.0844
Epoch: 174, Dataset: test, Dice: 0.9076, IoU: 0.8423
Epoch: 174, Dataset: val, Dice: 0.8579, IoU: 0.7833
2026-09-18 20:55:34.557559 Epoch [175/200], Step [0031/0031], LR: 0.000100, Loss: 0.0853
Epoch: 175, Dataset: test, Dice: 0.9019, IoU: 0.8356
Epoch: 175, Dataset: val, Dice: 0.8709, IoU: 0.7977
2026-09-18 20:55:52.250023 Epoch [176/200], Step [0031/0031], LR: 0.000100, Loss: 0.0807
Epoch: 176, Dataset: test, Dice: 0.8936, IoU: 0.8292
Epoch: 176, Dataset: val, Dice: 0.8640, IoU: 0.7882
2026-09-18 20:56:09.927857 Epoch [177/200], Step [0031/0031], LR: 0.000100, Loss: 0.0798
Epoch: 177, Dataset: test, Dice: 0.8939, IoU: 0.8279
Epoch: 177, Dataset: val, Dice: 0.8632, IoU: 0.7914
2026-09-18 20:56:27.630935 Epoch [178/200], Step [0031/0031], LR: 0.000100, Loss: 0.0795
Epoch: 178, Dataset: test, Dice: 0.9063, IoU: 0.8417
Epoch: 178, Dataset: val, Dice: 0.8619, IoU: 0.7848
2026-09-18 20:56:45.231271 Epoch [179/200], Step [0031/0031], LR: 0.000100, Loss: 0.0791
Epoch: 179, Dataset: test, Dice: 0.9004, IoU: 0.8367
Epoch: 179, Dataset: val, Dice: 0.8611, IoU: 0.7865
2026-09-18 20:57:03.029046 Epoch [180/200], Step [0031/0031], LR: 0.000100, Loss: 0.0776
Epoch: 180, Dataset: test, Dice: 0.9121, IoU: 0.8480
Epoch: 180, Dataset: val, Dice: 0.8617, IoU: 0.7901
2026-09-18 20:57:20.876327 Epoch [181/200], Step [0031/0031], LR: 0.000100, Loss: 0.0765
Epoch: 181, Dataset: test, Dice: 0.9013, IoU: 0.8338
Epoch: 181, Dataset: val, Dice: 0.8660, IoU: 0.7911
2026-09-18 20:57:38.701212 Epoch [182/200], Step [0031/0031], LR: 0.000100, Loss: 0.0776
Epoch: 182, Dataset: test, Dice: 0.9030, IoU: 0.8404
Epoch: 182, Dataset: val, Dice: 0.8633, IoU: 0.7877
2026-09-18 20:57:56.089139 Epoch [183/200], Step [0031/0031], LR: 0.000100, Loss: 0.0806
Epoch: 183, Dataset: test, Dice: 0.8980, IoU: 0.8285
Epoch: 183, Dataset: val, Dice: 0.8589, IoU: 0.7779
2026-09-18 20:58:13.873438 Epoch [184/200], Step [0031/0031], LR: 0.000100, Loss: 0.0790
Epoch: 184, Dataset: test, Dice: 0.8977, IoU: 0.8321
Epoch: 184, Dataset: val, Dice: 0.8550, IoU: 0.7794
2026-09-18 20:58:31.512454 Epoch [185/200], Step [0031/0031], LR: 0.000100, Loss: 0.0806
Epoch: 185, Dataset: test, Dice: 0.9059, IoU: 0.8413
Epoch: 185, Dataset: val, Dice: 0.8572, IoU: 0.7793
2026-09-18 20:58:48.972911 Epoch [186/200], Step [0031/0031], LR: 0.000100, Loss: 0.0840
Epoch: 186, Dataset: test, Dice: 0.8903, IoU: 0.8241
Epoch: 186, Dataset: val, Dice: 0.8488, IoU: 0.7730
2026-09-18 20:59:06.449115 Epoch [187/200], Step [0031/0031], LR: 0.000100, Loss: 0.0805
Epoch: 187, Dataset: test, Dice: 0.8994, IoU: 0.8309
Epoch: 187, Dataset: val, Dice: 0.8711, IoU: 0.7965
2026-09-18 20:59:23.907463 Epoch [188/200], Step [0031/0031], LR: 0.000100, Loss: 0.0798
Epoch: 188, Dataset: test, Dice: 0.8924, IoU: 0.8281
Epoch: 188, Dataset: val, Dice: 0.8648, IoU: 0.7888
2026-09-18 20:59:41.139698 Epoch [189/200], Step [0031/0031], LR: 0.000100, Loss: 0.0763
Epoch: 189, Dataset: test, Dice: 0.9071, IoU: 0.8420
Epoch: 189, Dataset: val, Dice: 0.8687, IoU: 0.7956
2026-09-18 20:59:58.562411 Epoch [190/200], Step [0031/0031], LR: 0.000100, Loss: 0.0760
Epoch: 190, Dataset: test, Dice: 0.9065, IoU: 0.8417
Epoch: 190, Dataset: val, Dice: 0.8648, IoU: 0.7904
2026-09-18 21:00:16.166263 Epoch [191/200], Step [0031/0031], LR: 0.000100, Loss: 0.0745
Epoch: 191, Dataset: test, Dice: 0.9034, IoU: 0.8387
Epoch: 191, Dataset: val, Dice: 0.8656, IoU: 0.7913
2026-09-18 21:00:33.913108 Epoch [192/200], Step [0031/0031], LR: 0.000100, Loss: 0.0777
Epoch: 192, Dataset: test, Dice: 0.9033, IoU: 0.8365
Epoch: 192, Dataset: val, Dice: 0.8721, IoU: 0.7970
2026-09-18 21:00:51.371309 Epoch [193/200], Step [0031/0031], LR: 0.000100, Loss: 0.0754
Epoch: 193, Dataset: test, Dice: 0.9051, IoU: 0.8391
Epoch: 193, Dataset: val, Dice: 0.8622, IoU: 0.7889
2026-09-18 21:01:08.797688 Epoch [194/200], Step [0031/0031], LR: 0.000100, Loss: 0.0792
Epoch: 194, Dataset: test, Dice: 0.9018, IoU: 0.8336
Epoch: 194, Dataset: val, Dice: 0.8610, IoU: 0.7856
2026-09-18 21:01:26.236998 Epoch [195/200], Step [0031/0031], LR: 0.000100, Loss: 0.0777
Epoch: 195, Dataset: test, Dice: 0.9074, IoU: 0.8418
Epoch: 195, Dataset: val, Dice: 0.8697, IoU: 0.7965
2026-09-18 21:01:43.615045 Epoch [196/200], Step [0031/0031], LR: 0.000100, Loss: 0.0747
Epoch: 196, Dataset: test, Dice: 0.9013, IoU: 0.8341
Epoch: 196, Dataset: val, Dice: 0.8741, IoU: 0.7972
2026-09-18 21:02:01.123338 Epoch [197/200], Step [0031/0031], LR: 0.000100, Loss: 0.0757
Epoch: 197, Dataset: test, Dice: 0.8986, IoU: 0.8335
Epoch: 197, Dataset: val, Dice: 0.8711, IoU: 0.7966
2026-09-18 21:02:18.507481 Epoch [198/200], Step [0031/0031], LR: 0.000100, Loss: 0.0769
Epoch: 198, Dataset: test, Dice: 0.9064, IoU: 0.8415
Epoch: 198, Dataset: val, Dice: 0.8779, IoU: 0.8006
2026-09-18 21:02:35.977837 Epoch [199/200], Step [0031/0031], LR: 0.000100, Loss: 0.0737
Epoch: 199, Dataset: test, Dice: 0.9019, IoU: 0.8350
Epoch: 199, Dataset: val, Dice: 0.8785, IoU: 0.8068
2026-09-18 21:02:53.542667 Epoch [200/200], Step [0031/0031], LR: 0.000100, Loss: 0.0733
Epoch: 200, Dataset: test, Dice: 0.9103, IoU: 0.8442
Epoch: 200, Dataset: val, Dice: 0.8782, IoU: 0.8052

========================================
FINAL RESULTS: ClinicDB_MK_UNet_bs16_lr0.0001_e200_augFalse_run4_t200404
Best Val Dice: 0.8854
Test Dice at Best Val: 0.9011
Total Train Time: 3162.52s
========================================
Network: MK_UNet | Channels: [16, 32, 64, 96, 160]
[INFO] Register count_convNd() for <class 'torch.nn.modules.conv.Conv2d'>.
[INFO] Register count_normalization() for <class 'torch.nn.modules.batchnorm.BatchNorm2d'>.
[INFO] Register zero_ops() for <class 'torch.nn.modules.activation.ReLU6'>.
[INFO] Register zero_ops() for <class 'torch.nn.modules.container.Sequential'>.
[INFO] Register zero_ops() for <class 'torch.nn.modules.activation.ReLU'>.
[INFO] Register count_adap_avgpool() for <class 'torch.nn.modules.pooling.AdaptiveAvgPool2d'>.
[INFO] Register zero_ops() for <class 'torch.nn.modules.pooling.AdaptiveMaxPool2d'>.
flops 0.619251354
params 0.315566
Total params: 0.32M
2026-09-18 21:03:11.221675 Epoch [001/200], Step [0031/0031], LR: 0.000100, Loss: 1.3713
Epoch: 1, Dataset: test, Dice: 0.2588, IoU: 0.1686
Epoch: 1, Dataset: val, Dice: 0.2674, IoU: 0.1748
### Best Model Saved (Dice improved from 0.0000 to 0.2674) ###
2026-09-18 21:03:28.825705 Epoch [002/200], Step [0031/0031], LR: 0.000100, Loss: 1.2299
Epoch: 2, Dataset: test, Dice: 0.5027, IoU: 0.3685
Epoch: 2, Dataset: val, Dice: 0.5565, IoU: 0.4182
### Best Model Saved (Dice improved from 0.2674 to 0.5565) ###
2026-09-18 21:03:46.327553 Epoch [003/200], Step [0031/0031], LR: 0.000100, Loss: 1.1265
Epoch: 3, Dataset: test, Dice: 0.5269, IoU: 0.3947
Epoch: 3, Dataset: val, Dice: 0.5370, IoU: 0.4073
2026-09-18 21:04:04.208534 Epoch [004/200], Step [0031/0031], LR: 0.000100, Loss: 0.9830
Epoch: 4, Dataset: test, Dice: 0.6029, IoU: 0.4748
Epoch: 4, Dataset: val, Dice: 0.6192, IoU: 0.4852
### Best Model Saved (Dice improved from 0.5565 to 0.6192) ###
2026-09-18 21:04:22.095535 Epoch [005/200], Step [0031/0031], LR: 0.000100, Loss: 0.8134
Epoch: 5, Dataset: test, Dice: 0.6693, IoU: 0.5371
Epoch: 5, Dataset: val, Dice: 0.6458, IoU: 0.5204
### Best Model Saved (Dice improved from 0.6192 to 0.6458) ###
2026-09-18 21:04:39.813199 Epoch [006/200], Step [0031/0031], LR: 0.000100, Loss: 0.6681
Epoch: 6, Dataset: test, Dice: 0.5567, IoU: 0.4271
Epoch: 6, Dataset: val, Dice: 0.6082, IoU: 0.4746
2026-09-18 21:04:57.435381 Epoch [007/200], Step [0031/0031], LR: 0.000100, Loss: 0.5674
Epoch: 7, Dataset: test, Dice: 0.7161, IoU: 0.5988
Epoch: 7, Dataset: val, Dice: 0.7210, IoU: 0.6105
### Best Model Saved (Dice improved from 0.6458 to 0.7210) ###
2026-09-18 21:05:15.052258 Epoch [008/200], Step [0031/0031], LR: 0.000100, Loss: 0.4962
Epoch: 8, Dataset: test, Dice: 0.7716, IoU: 0.6569
Epoch: 8, Dataset: val, Dice: 0.7402, IoU: 0.6255
### Best Model Saved (Dice improved from 0.7210 to 0.7402) ###
2026-09-18 21:05:32.589962 Epoch [009/200], Step [0031/0031], LR: 0.000100, Loss: 0.4452
Epoch: 9, Dataset: test, Dice: 0.8405, IoU: 0.7540
Epoch: 9, Dataset: val, Dice: 0.7582, IoU: 0.6622
### Best Model Saved (Dice improved from 0.7402 to 0.7582) ###
2026-09-18 21:05:50.570972 Epoch [010/200], Step [0031/0031], LR: 0.000100, Loss: 0.3778
Epoch: 10, Dataset: test, Dice: 0.8258, IoU: 0.7301
Epoch: 10, Dataset: val, Dice: 0.7899, IoU: 0.6833
### Best Model Saved (Dice improved from 0.7582 to 0.7899) ###
2026-09-18 21:06:08.283636 Epoch [011/200], Step [0031/0031], LR: 0.000100, Loss: 0.3557
Epoch: 11, Dataset: test, Dice: 0.8265, IoU: 0.7349
Epoch: 11, Dataset: val, Dice: 0.7754, IoU: 0.6772
2026-09-18 21:06:25.702371 Epoch [012/200], Step [0031/0031], LR: 0.000100, Loss: 0.3527
Epoch: 12, Dataset: test, Dice: 0.8400, IoU: 0.7511
Epoch: 12, Dataset: val, Dice: 0.8080, IoU: 0.7048
### Best Model Saved (Dice improved from 0.7899 to 0.8080) ###
2026-09-18 21:06:43.388641 Epoch [013/200], Step [0031/0031], LR: 0.000100, Loss: 0.3136
Epoch: 13, Dataset: test, Dice: 0.8388, IoU: 0.7513
Epoch: 13, Dataset: val, Dice: 0.7927, IoU: 0.6927
2026-09-18 21:07:00.772329 Epoch [014/200], Step [0031/0031], LR: 0.000100, Loss: 0.3103
Epoch: 14, Dataset: test, Dice: 0.8429, IoU: 0.7549
Epoch: 14, Dataset: val, Dice: 0.7924, IoU: 0.6885
2026-09-18 21:07:18.235094 Epoch [015/200], Step [0031/0031], LR: 0.000100, Loss: 0.2763
Epoch: 15, Dataset: test, Dice: 0.8361, IoU: 0.7584
Epoch: 15, Dataset: val, Dice: 0.8091, IoU: 0.7125
### Best Model Saved (Dice improved from 0.8080 to 0.8091) ###
2026-09-18 21:07:36.183644 Epoch [016/200], Step [0031/0031], LR: 0.000100, Loss: 0.2658
Epoch: 16, Dataset: test, Dice: 0.8454, IoU: 0.7624
Epoch: 16, Dataset: val, Dice: 0.8371, IoU: 0.7461
### Best Model Saved (Dice improved from 0.8091 to 0.8371) ###
2026-09-18 21:07:54.270732 Epoch [017/200], Step [0031/0031], LR: 0.000100, Loss: 0.2733
Epoch: 17, Dataset: test, Dice: 0.8413, IoU: 0.7606
Epoch: 17, Dataset: val, Dice: 0.8125, IoU: 0.7197
2026-09-18 21:08:12.027894 Epoch [018/200], Step [0031/0031], LR: 0.000100, Loss: 0.2564
Epoch: 18, Dataset: test, Dice: 0.8696, IoU: 0.7959
Epoch: 18, Dataset: val, Dice: 0.8358, IoU: 0.7384
2026-09-18 21:08:29.801678 Epoch [019/200], Step [0031/0031], LR: 0.000100, Loss: 0.2393
Epoch: 19, Dataset: test, Dice: 0.8772, IoU: 0.8062
Epoch: 19, Dataset: val, Dice: 0.8437, IoU: 0.7580
### Best Model Saved (Dice improved from 0.8371 to 0.8437) ###
2026-09-18 21:08:47.404044 Epoch [020/200], Step [0031/0031], LR: 0.000100, Loss: 0.2345
Epoch: 20, Dataset: test, Dice: 0.8898, IoU: 0.8182
Epoch: 20, Dataset: val, Dice: 0.8439, IoU: 0.7613
### Best Model Saved (Dice improved from 0.8437 to 0.8439) ###
2026-09-18 21:09:05.443872 Epoch [021/200], Step [0031/0031], LR: 0.000100, Loss: 0.2266
Epoch: 21, Dataset: test, Dice: 0.8642, IoU: 0.7904
Epoch: 21, Dataset: val, Dice: 0.8337, IoU: 0.7487
2026-09-18 21:09:23.062121 Epoch [022/200], Step [0031/0031], LR: 0.000100, Loss: 0.2210
Epoch: 22, Dataset: test, Dice: 0.8774, IoU: 0.8011
Epoch: 22, Dataset: val, Dice: 0.8423, IoU: 0.7526
2026-09-18 21:09:40.319153 Epoch [023/200], Step [0031/0031], LR: 0.000100, Loss: 0.2222
Epoch: 23, Dataset: test, Dice: 0.8036, IoU: 0.7048
Epoch: 23, Dataset: val, Dice: 0.7937, IoU: 0.6852
2026-09-18 21:09:57.690062 Epoch [024/200], Step [0031/0031], LR: 0.000100, Loss: 0.2174
Epoch: 24, Dataset: test, Dice: 0.8828, IoU: 0.8126
Epoch: 24, Dataset: val, Dice: 0.8304, IoU: 0.7463
2026-09-18 21:10:15.295888 Epoch [025/200], Step [0031/0031], LR: 0.000100, Loss: 0.2077
Epoch: 25, Dataset: test, Dice: 0.8794, IoU: 0.8058
Epoch: 25, Dataset: val, Dice: 0.8176, IoU: 0.7244
2026-09-18 21:10:32.777899 Epoch [026/200], Step [0031/0031], LR: 0.000100, Loss: 0.2063
Epoch: 26, Dataset: test, Dice: 0.8779, IoU: 0.8051
Epoch: 26, Dataset: val, Dice: 0.8524, IoU: 0.7765
### Best Model Saved (Dice improved from 0.8439 to 0.8524) ###
2026-09-18 21:10:50.264921 Epoch [027/200], Step [0031/0031], LR: 0.000100, Loss: 0.2065
Epoch: 27, Dataset: test, Dice: 0.8784, IoU: 0.8068
Epoch: 27, Dataset: val, Dice: 0.8706, IoU: 0.7893
### Best Model Saved (Dice improved from 0.8524 to 0.8706) ###
2026-09-18 21:11:07.897664 Epoch [028/200], Step [0031/0031], LR: 0.000100, Loss: 0.1932
Epoch: 28, Dataset: test, Dice: 0.8484, IoU: 0.7659
Epoch: 28, Dataset: val, Dice: 0.8240, IoU: 0.7368
2026-09-18 21:11:25.635717 Epoch [029/200], Step [0031/0031], LR: 0.000100, Loss: 0.1853
Epoch: 29, Dataset: test, Dice: 0.8891, IoU: 0.8235
Epoch: 29, Dataset: val, Dice: 0.8640, IoU: 0.7843
2026-09-18 21:11:43.229332 Epoch [030/200], Step [0031/0031], LR: 0.000100, Loss: 0.1842
Epoch: 30, Dataset: test, Dice: 0.8911, IoU: 0.8277
Epoch: 30, Dataset: val, Dice: 0.8673, IoU: 0.7896
2026-09-18 21:12:00.835127 Epoch [031/200], Step [0031/0031], LR: 0.000100, Loss: 0.1776
Epoch: 31, Dataset: test, Dice: 0.8931, IoU: 0.8277
Epoch: 31, Dataset: val, Dice: 0.8472, IoU: 0.7629
2026-09-18 21:12:18.290011 Epoch [032/200], Step [0031/0031], LR: 0.000100, Loss: 0.1756
Epoch: 32, Dataset: test, Dice: 0.8853, IoU: 0.8170
Epoch: 32, Dataset: val, Dice: 0.8498, IoU: 0.7669
2026-09-18 21:12:35.870366 Epoch [033/200], Step [0031/0031], LR: 0.000100, Loss: 0.1694
Epoch: 33, Dataset: test, Dice: 0.8771, IoU: 0.8044
Epoch: 33, Dataset: val, Dice: 0.8327, IoU: 0.7441
2026-09-18 21:12:53.619838 Epoch [034/200], Step [0031/0031], LR: 0.000100, Loss: 0.1728
Epoch: 34, Dataset: test, Dice: 0.8878, IoU: 0.8229
Epoch: 34, Dataset: val, Dice: 0.8703, IoU: 0.7902
2026-09-18 21:13:11.113751 Epoch [035/200], Step [0031/0031], LR: 0.000100, Loss: 0.1652
Epoch: 35, Dataset: test, Dice: 0.8873, IoU: 0.8203
Epoch: 35, Dataset: val, Dice: 0.8545, IoU: 0.7756
2026-09-18 21:13:28.846451 Epoch [036/200], Step [0031/0031], LR: 0.000100, Loss: 0.1707
Epoch: 36, Dataset: test, Dice: 0.8255, IoU: 0.7597
Epoch: 36, Dataset: val, Dice: 0.8301, IoU: 0.7452
2026-09-18 21:13:46.307409 Epoch [037/200], Step [0031/0031], LR: 0.000100, Loss: 0.1728
Epoch: 37, Dataset: test, Dice: 0.8949, IoU: 0.8297
Epoch: 37, Dataset: val, Dice: 0.8406, IoU: 0.7626
2026-09-18 21:14:03.860938 Epoch [038/200], Step [0031/0031], LR: 0.000100, Loss: 0.1605
Epoch: 38, Dataset: test, Dice: 0.8821, IoU: 0.8106
Epoch: 38, Dataset: val, Dice: 0.8618, IoU: 0.7830
2026-09-18 21:14:21.314866 Epoch [039/200], Step [0031/0031], LR: 0.000100, Loss: 0.1625
Epoch: 39, Dataset: test, Dice: 0.8517, IoU: 0.7814
Epoch: 39, Dataset: val, Dice: 0.8374, IoU: 0.7577
2026-09-18 21:14:39.010352 Epoch [040/200], Step [0031/0031], LR: 0.000100, Loss: 0.1535
Epoch: 40, Dataset: test, Dice: 0.8953, IoU: 0.8307
Epoch: 40, Dataset: val, Dice: 0.8493, IoU: 0.7754
2026-09-18 21:14:56.533624 Epoch [041/200], Step [0031/0031], LR: 0.000100, Loss: 0.1528
Epoch: 41, Dataset: test, Dice: 0.8965, IoU: 0.8319
Epoch: 41, Dataset: val, Dice: 0.8606, IoU: 0.7867
2026-09-18 21:15:14.250915 Epoch [042/200], Step [0031/0031], LR: 0.000100, Loss: 0.1501
Epoch: 42, Dataset: test, Dice: 0.8808, IoU: 0.8124
Epoch: 42, Dataset: val, Dice: 0.8509, IoU: 0.7689
2026-09-18 21:15:31.774013 Epoch [043/200], Step [0031/0031], LR: 0.000100, Loss: 0.1436
Epoch: 43, Dataset: test, Dice: 0.8578, IoU: 0.7867
Epoch: 43, Dataset: val, Dice: 0.8506, IoU: 0.7753
2026-09-18 21:15:49.260920 Epoch [044/200], Step [0031/0031], LR: 0.000100, Loss: 0.1419
Epoch: 44, Dataset: test, Dice: 0.8879, IoU: 0.8228
Epoch: 44, Dataset: val, Dice: 0.8604, IoU: 0.7822
2026-09-18 21:16:06.702835 Epoch [045/200], Step [0031/0031], LR: 0.000100, Loss: 0.1460
Epoch: 45, Dataset: test, Dice: 0.8974, IoU: 0.8338
Epoch: 45, Dataset: val, Dice: 0.8447, IoU: 0.7606
2026-09-18 21:16:24.363672 Epoch [046/200], Step [0031/0031], LR: 0.000100, Loss: 0.1448
Epoch: 46, Dataset: test, Dice: 0.9073, IoU: 0.8476
Epoch: 46, Dataset: val, Dice: 0.8601, IoU: 0.7810
2026-09-18 21:16:42.010333 Epoch [047/200], Step [0031/0031], LR: 0.000100, Loss: 0.1392
Epoch: 47, Dataset: test, Dice: 0.8929, IoU: 0.8275
Epoch: 47, Dataset: val, Dice: 0.8352, IoU: 0.7515
2026-09-18 21:16:59.442314 Epoch [048/200], Step [0031/0031], LR: 0.000100, Loss: 0.1386
Epoch: 48, Dataset: test, Dice: 0.8956, IoU: 0.8321
Epoch: 48, Dataset: val, Dice: 0.8636, IoU: 0.7863
2026-09-18 21:17:17.042493 Epoch [049/200], Step [0031/0031], LR: 0.000100, Loss: 0.1374
Epoch: 49, Dataset: test, Dice: 0.8895, IoU: 0.8238
Epoch: 49, Dataset: val, Dice: 0.8565, IoU: 0.7771
2026-09-18 21:17:34.776363 Epoch [050/200], Step [0031/0031], LR: 0.000100, Loss: 0.1365
Epoch: 50, Dataset: test, Dice: 0.8737, IoU: 0.8035
Epoch: 50, Dataset: val, Dice: 0.8468, IoU: 0.7636
2026-09-18 21:17:52.590297 Epoch [051/200], Step [0031/0031], LR: 0.000100, Loss: 0.1354
Epoch: 51, Dataset: test, Dice: 0.8868, IoU: 0.8161
Epoch: 51, Dataset: val, Dice: 0.8579, IoU: 0.7781
2026-09-18 21:18:10.422428 Epoch [052/200], Step [0031/0031], LR: 0.000100, Loss: 0.1354
Epoch: 52, Dataset: test, Dice: 0.8841, IoU: 0.8166
Epoch: 52, Dataset: val, Dice: 0.8335, IoU: 0.7468
2026-09-18 21:18:28.164957 Epoch [053/200], Step [0031/0031], LR: 0.000100, Loss: 0.1348
Epoch: 53, Dataset: test, Dice: 0.8778, IoU: 0.8094
Epoch: 53, Dataset: val, Dice: 0.8535, IoU: 0.7757
2026-09-18 21:18:45.801290 Epoch [054/200], Step [0031/0031], LR: 0.000100, Loss: 0.1303
Epoch: 54, Dataset: test, Dice: 0.8813, IoU: 0.8136
Epoch: 54, Dataset: val, Dice: 0.8723, IoU: 0.7946
### Best Model Saved (Dice improved from 0.8706 to 0.8723) ###
2026-09-18 21:19:03.605318 Epoch [055/200], Step [0031/0031], LR: 0.000100, Loss: 0.1297
Epoch: 55, Dataset: test, Dice: 0.8785, IoU: 0.8122
Epoch: 55, Dataset: val, Dice: 0.8535, IoU: 0.7723
2026-09-18 21:19:21.454954 Epoch [056/200], Step [0031/0031], LR: 0.000100, Loss: 0.1264
Epoch: 56, Dataset: test, Dice: 0.8672, IoU: 0.7894
Epoch: 56, Dataset: val, Dice: 0.8450, IoU: 0.7676
2026-09-18 21:19:39.254435 Epoch [057/200], Step [0031/0031], LR: 0.000100, Loss: 0.1276
Epoch: 57, Dataset: test, Dice: 0.8775, IoU: 0.8139
Epoch: 57, Dataset: val, Dice: 0.8416, IoU: 0.7656
2026-09-18 21:19:57.271271 Epoch [058/200], Step [0031/0031], LR: 0.000100, Loss: 0.1258
Epoch: 58, Dataset: test, Dice: 0.8745, IoU: 0.8026
Epoch: 58, Dataset: val, Dice: 0.8516, IoU: 0.7682
2026-09-18 21:20:15.173729 Epoch [059/200], Step [0031/0031], LR: 0.000100, Loss: 0.1243
Epoch: 59, Dataset: test, Dice: 0.8949, IoU: 0.8300
Epoch: 59, Dataset: val, Dice: 0.8685, IoU: 0.7878
2026-09-18 21:20:33.033801 Epoch [060/200], Step [0031/0031], LR: 0.000100, Loss: 0.1172
Epoch: 60, Dataset: test, Dice: 0.8855, IoU: 0.8171
Epoch: 60, Dataset: val, Dice: 0.8603, IoU: 0.7812
2026-09-18 21:20:51.010114 Epoch [061/200], Step [0031/0031], LR: 0.000100, Loss: 0.1203
Epoch: 61, Dataset: test, Dice: 0.8871, IoU: 0.8208
Epoch: 61, Dataset: val, Dice: 0.8574, IoU: 0.7731
2026-09-18 21:21:09.051193 Epoch [062/200], Step [0031/0031], LR: 0.000100, Loss: 0.1235
Epoch: 62, Dataset: test, Dice: 0.8855, IoU: 0.8175
Epoch: 62, Dataset: val, Dice: 0.8527, IoU: 0.7765
2026-09-18 21:21:27.020215 Epoch [063/200], Step [0031/0031], LR: 0.000100, Loss: 0.1198
Epoch: 63, Dataset: test, Dice: 0.8570, IoU: 0.7878
Epoch: 63, Dataset: val, Dice: 0.8733, IoU: 0.7945
### Best Model Saved (Dice improved from 0.8723 to 0.8733) ###
2026-09-18 21:21:45.399209 Epoch [064/200], Step [0031/0031], LR: 0.000100, Loss: 0.1170
Epoch: 64, Dataset: test, Dice: 0.8799, IoU: 0.8143
Epoch: 64, Dataset: val, Dice: 0.8792, IoU: 0.8041
### Best Model Saved (Dice improved from 0.8733 to 0.8792) ###
2026-09-18 21:22:03.410350 Epoch [065/200], Step [0031/0031], LR: 0.000100, Loss: 0.1179
Epoch: 65, Dataset: test, Dice: 0.8851, IoU: 0.8170
Epoch: 65, Dataset: val, Dice: 0.8637, IoU: 0.7856
2026-09-18 21:22:21.383947 Epoch [066/200], Step [0031/0031], LR: 0.000100, Loss: 0.1204
Epoch: 66, Dataset: test, Dice: 0.8965, IoU: 0.8334
Epoch: 66, Dataset: val, Dice: 0.8678, IoU: 0.7942
2026-09-18 21:22:39.160438 Epoch [067/200], Step [0031/0031], LR: 0.000100, Loss: 0.1209
Epoch: 67, Dataset: test, Dice: 0.8911, IoU: 0.8234
Epoch: 67, Dataset: val, Dice: 0.8677, IoU: 0.7896
2026-09-18 21:22:57.132976 Epoch [068/200], Step [0031/0031], LR: 0.000100, Loss: 0.1205
Epoch: 68, Dataset: test, Dice: 0.8948, IoU: 0.8293
Epoch: 68, Dataset: val, Dice: 0.8571, IoU: 0.7759
2026-09-18 21:23:15.379297 Epoch [069/200], Step [0031/0031], LR: 0.000100, Loss: 0.1198
Epoch: 69, Dataset: test, Dice: 0.8911, IoU: 0.8261
Epoch: 69, Dataset: val, Dice: 0.8678, IoU: 0.7913
2026-09-18 21:23:33.288936 Epoch [070/200], Step [0031/0031], LR: 0.000100, Loss: 0.1133
Epoch: 70, Dataset: test, Dice: 0.8964, IoU: 0.8333
Epoch: 70, Dataset: val, Dice: 0.8712, IoU: 0.7951
2026-09-18 21:23:51.353659 Epoch [071/200], Step [0031/0031], LR: 0.000100, Loss: 0.1143
Epoch: 71, Dataset: test, Dice: 0.8899, IoU: 0.8235
Epoch: 71, Dataset: val, Dice: 0.8771, IoU: 0.8002
2026-09-18 21:24:09.308099 Epoch [072/200], Step [0031/0031], LR: 0.000100, Loss: 0.1157
Epoch: 72, Dataset: test, Dice: 0.8983, IoU: 0.8349
Epoch: 72, Dataset: val, Dice: 0.8710, IoU: 0.7943
2026-09-18 21:24:27.069557 Epoch [073/200], Step [0031/0031], LR: 0.000100, Loss: 0.1119
Epoch: 73, Dataset: test, Dice: 0.9002, IoU: 0.8366
Epoch: 73, Dataset: val, Dice: 0.8604, IoU: 0.7837
2026-09-18 21:24:44.883432 Epoch [074/200], Step [0031/0031], LR: 0.000100, Loss: 0.1101
Epoch: 74, Dataset: test, Dice: 0.8859, IoU: 0.8138
Epoch: 74, Dataset: val, Dice: 0.8721, IoU: 0.7897
2026-09-18 21:25:03.059539 Epoch [075/200], Step [0031/0031], LR: 0.000100, Loss: 0.1163
Epoch: 75, Dataset: test, Dice: 0.8967, IoU: 0.8344
Epoch: 75, Dataset: val, Dice: 0.8680, IoU: 0.7920
2026-09-18 21:25:20.983240 Epoch [076/200], Step [0031/0031], LR: 0.000100, Loss: 0.1101
Epoch: 76, Dataset: test, Dice: 0.9000, IoU: 0.8384
Epoch: 76, Dataset: val, Dice: 0.8615, IoU: 0.7853
2026-09-18 21:25:38.946732 Epoch [077/200], Step [0031/0031], LR: 0.000100, Loss: 0.1099
Epoch: 77, Dataset: test, Dice: 0.8964, IoU: 0.8322
Epoch: 77, Dataset: val, Dice: 0.8730, IoU: 0.7981
2026-09-18 21:25:56.833647 Epoch [078/200], Step [0031/0031], LR: 0.000100, Loss: 0.1051
Epoch: 78, Dataset: test, Dice: 0.8896, IoU: 0.8247
Epoch: 78, Dataset: val, Dice: 0.8603, IoU: 0.7844
2026-09-18 21:26:14.797030 Epoch [079/200], Step [0031/0031], LR: 0.000100, Loss: 0.1034
Epoch: 79, Dataset: test, Dice: 0.8930, IoU: 0.8268
Epoch: 79, Dataset: val, Dice: 0.8649, IoU: 0.7894
2026-09-18 21:26:32.598477 Epoch [080/200], Step [0031/0031], LR: 0.000100, Loss: 0.1058
Epoch: 80, Dataset: test, Dice: 0.8864, IoU: 0.8193
Epoch: 80, Dataset: val, Dice: 0.8607, IoU: 0.7836
2026-09-18 21:26:50.497294 Epoch [081/200], Step [0031/0031], LR: 0.000100, Loss: 0.1058
Epoch: 81, Dataset: test, Dice: 0.8965, IoU: 0.8287
Epoch: 81, Dataset: val, Dice: 0.8654, IoU: 0.7893
2026-09-18 21:27:08.503166 Epoch [082/200], Step [0031/0031], LR: 0.000100, Loss: 0.1036
Epoch: 82, Dataset: test, Dice: 0.8993, IoU: 0.8354
Epoch: 82, Dataset: val, Dice: 0.8665, IoU: 0.7914
2026-09-18 21:27:26.230013 Epoch [083/200], Step [0031/0031], LR: 0.000100, Loss: 0.1064
Epoch: 83, Dataset: test, Dice: 0.8970, IoU: 0.8308
Epoch: 83, Dataset: val, Dice: 0.8565, IoU: 0.7802
2026-09-18 21:27:44.196486 Epoch [084/200], Step [0031/0031], LR: 0.000100, Loss: 0.1025
Epoch: 84, Dataset: test, Dice: 0.8984, IoU: 0.8350
Epoch: 84, Dataset: val, Dice: 0.8654, IoU: 0.7901
2026-09-18 21:28:02.201214 Epoch [085/200], Step [0031/0031], LR: 0.000100, Loss: 0.1024
Epoch: 85, Dataset: test, Dice: 0.8842, IoU: 0.8177
Epoch: 85, Dataset: val, Dice: 0.8396, IoU: 0.7524
2026-09-18 21:28:20.000965 Epoch [086/200], Step [0031/0031], LR: 0.000100, Loss: 0.1045
Epoch: 86, Dataset: test, Dice: 0.8903, IoU: 0.8243
Epoch: 86, Dataset: val, Dice: 0.8520, IoU: 0.7687
2026-09-18 21:28:38.021608 Epoch [087/200], Step [0031/0031], LR: 0.000100, Loss: 0.1031
Epoch: 87, Dataset: test, Dice: 0.8966, IoU: 0.8334
Epoch: 87, Dataset: val, Dice: 0.8712, IoU: 0.7970
2026-09-18 21:28:55.911671 Epoch [088/200], Step [0031/0031], LR: 0.000100, Loss: 0.1000
Epoch: 88, Dataset: test, Dice: 0.9023, IoU: 0.8366
Epoch: 88, Dataset: val, Dice: 0.8655, IoU: 0.7943
2026-09-18 21:29:13.802689 Epoch [089/200], Step [0031/0031], LR: 0.000100, Loss: 0.0982
Epoch: 89, Dataset: test, Dice: 0.9047, IoU: 0.8403
Epoch: 89, Dataset: val, Dice: 0.8766, IoU: 0.7993
2026-09-18 21:29:31.388744 Epoch [090/200], Step [0031/0031], LR: 0.000100, Loss: 0.1012
Epoch: 90, Dataset: test, Dice: 0.8874, IoU: 0.8230
Epoch: 90, Dataset: val, Dice: 0.8717, IoU: 0.7987
2026-09-18 21:29:48.954912 Epoch [091/200], Step [0031/0031], LR: 0.000100, Loss: 0.1030
Epoch: 91, Dataset: test, Dice: 0.8994, IoU: 0.8376
Epoch: 91, Dataset: val, Dice: 0.8757, IoU: 0.8034
2026-09-18 21:30:06.678354 Epoch [092/200], Step [0031/0031], LR: 0.000100, Loss: 0.0985
Epoch: 92, Dataset: test, Dice: 0.8861, IoU: 0.8275
Epoch: 92, Dataset: val, Dice: 0.8736, IoU: 0.7988
2026-09-18 21:30:24.087510 Epoch [093/200], Step [0031/0031], LR: 0.000100, Loss: 0.0991
Epoch: 93, Dataset: test, Dice: 0.8884, IoU: 0.8222
Epoch: 93, Dataset: val, Dice: 0.8672, IoU: 0.7913
2026-09-18 21:30:41.741413 Epoch [094/200], Step [0031/0031], LR: 0.000100, Loss: 0.0972
Epoch: 94, Dataset: test, Dice: 0.9020, IoU: 0.8379
Epoch: 94, Dataset: val, Dice: 0.8632, IoU: 0.7861
2026-09-18 21:30:59.387767 Epoch [095/200], Step [0031/0031], LR: 0.000100, Loss: 0.0950
Epoch: 95, Dataset: test, Dice: 0.8881, IoU: 0.8226
Epoch: 95, Dataset: val, Dice: 0.8528, IoU: 0.7737
2026-09-18 21:31:17.050155 Epoch [096/200], Step [0031/0031], LR: 0.000100, Loss: 0.0973
Epoch: 96, Dataset: test, Dice: 0.8744, IoU: 0.8028
Epoch: 96, Dataset: val, Dice: 0.8587, IoU: 0.7822
2026-09-18 21:31:34.611179 Epoch [097/200], Step [0031/0031], LR: 0.000100, Loss: 0.0986
Epoch: 97, Dataset: test, Dice: 0.9004, IoU: 0.8411
Epoch: 97, Dataset: val, Dice: 0.8645, IoU: 0.7872
2026-09-18 21:31:52.166680 Epoch [098/200], Step [0031/0031], LR: 0.000100, Loss: 0.0953
Epoch: 98, Dataset: test, Dice: 0.8951, IoU: 0.8327
Epoch: 98, Dataset: val, Dice: 0.8639, IoU: 0.7857
2026-09-18 21:32:09.854192 Epoch [099/200], Step [0031/0031], LR: 0.000100, Loss: 0.0990
Epoch: 99, Dataset: test, Dice: 0.8978, IoU: 0.8350
Epoch: 99, Dataset: val, Dice: 0.8613, IoU: 0.7830
2026-09-18 21:32:27.647919 Epoch [100/200], Step [0031/0031], LR: 0.000100, Loss: 0.0968
Epoch: 100, Dataset: test, Dice: 0.8949, IoU: 0.8320
Epoch: 100, Dataset: val, Dice: 0.8611, IoU: 0.7809
2026-09-18 21:32:45.297202 Epoch [101/200], Step [0031/0031], LR: 0.000100, Loss: 0.0953
Epoch: 101, Dataset: test, Dice: 0.9014, IoU: 0.8401
Epoch: 101, Dataset: val, Dice: 0.8647, IoU: 0.7897
2026-09-18 21:33:03.158925 Epoch [102/200], Step [0031/0031], LR: 0.000100, Loss: 0.0928
Epoch: 102, Dataset: test, Dice: 0.8897, IoU: 0.8256
Epoch: 102, Dataset: val, Dice: 0.8734, IoU: 0.7993
2026-09-18 21:33:20.980070 Epoch [103/200], Step [0031/0031], LR: 0.000100, Loss: 0.0943
Epoch: 103, Dataset: test, Dice: 0.8866, IoU: 0.8195
Epoch: 103, Dataset: val, Dice: 0.8656, IoU: 0.7910
2026-09-18 21:33:38.701368 Epoch [104/200], Step [0031/0031], LR: 0.000100, Loss: 0.0950
Epoch: 104, Dataset: test, Dice: 0.8977, IoU: 0.8349
Epoch: 104, Dataset: val, Dice: 0.8613, IoU: 0.7842
2026-09-18 21:33:56.446755 Epoch [105/200], Step [0031/0031], LR: 0.000100, Loss: 0.0932
Epoch: 105, Dataset: test, Dice: 0.9012, IoU: 0.8393
Epoch: 105, Dataset: val, Dice: 0.8616, IoU: 0.7826
2026-09-18 21:34:14.207431 Epoch [106/200], Step [0031/0031], LR: 0.000100, Loss: 0.0909
Epoch: 106, Dataset: test, Dice: 0.8988, IoU: 0.8368
Epoch: 106, Dataset: val, Dice: 0.8711, IoU: 0.7984
2026-09-18 21:34:31.946549 Epoch [107/200], Step [0031/0031], LR: 0.000100, Loss: 0.0906
Epoch: 107, Dataset: test, Dice: 0.8947, IoU: 0.8307
Epoch: 107, Dataset: val, Dice: 0.8589, IoU: 0.7837
2026-09-18 21:34:49.601997 Epoch [108/200], Step [0031/0031], LR: 0.000100, Loss: 0.0901
Epoch: 108, Dataset: test, Dice: 0.8870, IoU: 0.8251
Epoch: 108, Dataset: val, Dice: 0.8519, IoU: 0.7749
2026-09-18 21:35:07.376748 Epoch [109/200], Step [0031/0031], LR: 0.000100, Loss: 0.0892
Epoch: 109, Dataset: test, Dice: 0.8844, IoU: 0.8209
Epoch: 109, Dataset: val, Dice: 0.8735, IoU: 0.7983
2026-09-18 21:35:25.209183 Epoch [110/200], Step [0031/0031], LR: 0.000100, Loss: 0.0931
Epoch: 110, Dataset: test, Dice: 0.8534, IoU: 0.7833
Epoch: 110, Dataset: val, Dice: 0.8645, IoU: 0.7860
2026-09-18 21:35:42.813371 Epoch [111/200], Step [0031/0031], LR: 0.000100, Loss: 0.0931
Epoch: 111, Dataset: test, Dice: 0.8714, IoU: 0.8090
Epoch: 111, Dataset: val, Dice: 0.8588, IoU: 0.7786
2026-09-18 21:36:00.337317 Epoch [112/200], Step [0031/0031], LR: 0.000100, Loss: 0.0944
Epoch: 112, Dataset: test, Dice: 0.8977, IoU: 0.8355
Epoch: 112, Dataset: val, Dice: 0.8740, IoU: 0.7986
2026-09-18 21:36:17.762894 Epoch [113/200], Step [0031/0031], LR: 0.000100, Loss: 0.0916
Epoch: 113, Dataset: test, Dice: 0.8862, IoU: 0.8206
Epoch: 113, Dataset: val, Dice: 0.8740, IoU: 0.7994
2026-09-18 21:36:35.175900 Epoch [114/200], Step [0031/0031], LR: 0.000100, Loss: 0.0868
Epoch: 114, Dataset: test, Dice: 0.8997, IoU: 0.8381
Epoch: 114, Dataset: val, Dice: 0.8761, IoU: 0.8034
2026-09-18 21:36:52.751313 Epoch [115/200], Step [0031/0031], LR: 0.000100, Loss: 0.0887
Epoch: 115, Dataset: test, Dice: 0.8999, IoU: 0.8392
Epoch: 115, Dataset: val, Dice: 0.8685, IoU: 0.7928
2026-09-18 21:37:10.314685 Epoch [116/200], Step [0031/0031], LR: 0.000100, Loss: 0.0860
Epoch: 116, Dataset: test, Dice: 0.8601, IoU: 0.7949
Epoch: 116, Dataset: val, Dice: 0.8598, IoU: 0.7843
2026-09-18 21:37:28.202493 Epoch [117/200], Step [0031/0031], LR: 0.000100, Loss: 0.0874
Epoch: 117, Dataset: test, Dice: 0.8929, IoU: 0.8297
Epoch: 117, Dataset: val, Dice: 0.8754, IoU: 0.8009
2026-09-18 21:37:45.998080 Epoch [118/200], Step [0031/0031], LR: 0.000100, Loss: 0.0871
Epoch: 118, Dataset: test, Dice: 0.9017, IoU: 0.8409
Epoch: 118, Dataset: val, Dice: 0.8756, IoU: 0.7992
2026-09-18 21:38:03.630938 Epoch [119/200], Step [0031/0031], LR: 0.000100, Loss: 0.0853
Epoch: 119, Dataset: test, Dice: 0.8876, IoU: 0.8187
Epoch: 119, Dataset: val, Dice: 0.8750, IoU: 0.8007
2026-09-18 21:38:21.237229 Epoch [120/200], Step [0031/0031], LR: 0.000100, Loss: 0.0854
Epoch: 120, Dataset: test, Dice: 0.8939, IoU: 0.8284
Epoch: 120, Dataset: val, Dice: 0.8753, IoU: 0.7992
2026-09-18 21:38:39.177205 Epoch [121/200], Step [0031/0031], LR: 0.000100, Loss: 0.0855
Epoch: 121, Dataset: test, Dice: 0.8961, IoU: 0.8336
Epoch: 121, Dataset: val, Dice: 0.8721, IoU: 0.7941
2026-09-18 21:38:57.316791 Epoch [122/200], Step [0031/0031], LR: 0.000100, Loss: 0.0842
Epoch: 122, Dataset: test, Dice: 0.8890, IoU: 0.8235
Epoch: 122, Dataset: val, Dice: 0.8814, IoU: 0.8056
### Best Model Saved (Dice improved from 0.8792 to 0.8814) ###
2026-09-18 21:39:15.313641 Epoch [123/200], Step [0031/0031], LR: 0.000100, Loss: 0.0858
Epoch: 123, Dataset: test, Dice: 0.8861, IoU: 0.8207
Epoch: 123, Dataset: val, Dice: 0.8763, IoU: 0.8002
2026-09-18 21:39:32.889480 Epoch [124/200], Step [0031/0031], LR: 0.000100, Loss: 0.0867
Epoch: 124, Dataset: test, Dice: 0.8955, IoU: 0.8309
Epoch: 124, Dataset: val, Dice: 0.8738, IoU: 0.8006
2026-09-18 21:39:50.504966 Epoch [125/200], Step [0031/0031], LR: 0.000100, Loss: 0.0846
Epoch: 125, Dataset: test, Dice: 0.8676, IoU: 0.8026
Epoch: 125, Dataset: val, Dice: 0.8624, IoU: 0.7849
2026-09-18 21:40:08.127274 Epoch [126/200], Step [0031/0031], LR: 0.000100, Loss: 0.0872
Epoch: 126, Dataset: test, Dice: 0.8951, IoU: 0.8309
Epoch: 126, Dataset: val, Dice: 0.8671, IoU: 0.7914
2026-09-18 21:40:25.817273 Epoch [127/200], Step [0031/0031], LR: 0.000100, Loss: 0.0853
Epoch: 127, Dataset: test, Dice: 0.8887, IoU: 0.8256
Epoch: 127, Dataset: val, Dice: 0.8624, IoU: 0.7887
2026-09-18 21:40:43.436319 Epoch [128/200], Step [0031/0031], LR: 0.000100, Loss: 0.0881
Epoch: 128, Dataset: test, Dice: 0.8796, IoU: 0.8139
Epoch: 128, Dataset: val, Dice: 0.8645, IoU: 0.7842
2026-09-18 21:41:01.123329 Epoch [129/200], Step [0031/0031], LR: 0.000100, Loss: 0.0938
Epoch: 129, Dataset: test, Dice: 0.8908, IoU: 0.8211
Epoch: 129, Dataset: val, Dice: 0.8730, IoU: 0.7926
2026-09-18 21:41:18.741533 Epoch [130/200], Step [0031/0031], LR: 0.000100, Loss: 0.0903
Epoch: 130, Dataset: test, Dice: 0.8962, IoU: 0.8317
Epoch: 130, Dataset: val, Dice: 0.8666, IoU: 0.7894
2026-09-18 21:41:36.438917 Epoch [131/200], Step [0031/0031], LR: 0.000100, Loss: 0.0872
Epoch: 131, Dataset: test, Dice: 0.8809, IoU: 0.8156
Epoch: 131, Dataset: val, Dice: 0.8744, IoU: 0.7992
2026-09-18 21:41:54.069030 Epoch [132/200], Step [0031/0031], LR: 0.000100, Loss: 0.0867
Epoch: 132, Dataset: test, Dice: 0.8967, IoU: 0.8353
Epoch: 132, Dataset: val, Dice: 0.8693, IoU: 0.7956
2026-09-18 21:42:11.608668 Epoch [133/200], Step [0031/0031], LR: 0.000100, Loss: 0.0855
Epoch: 133, Dataset: test, Dice: 0.8793, IoU: 0.8126
Epoch: 133, Dataset: val, Dice: 0.8644, IoU: 0.7886
2026-09-18 21:42:29.201283 Epoch [134/200], Step [0031/0031], LR: 0.000100, Loss: 0.0839
Epoch: 134, Dataset: test, Dice: 0.8937, IoU: 0.8326
Epoch: 134, Dataset: val, Dice: 0.8645, IoU: 0.7848
2026-09-18 21:42:47.102269 Epoch [135/200], Step [0031/0031], LR: 0.000100, Loss: 0.0810
Epoch: 135, Dataset: test, Dice: 0.8911, IoU: 0.8251
Epoch: 135, Dataset: val, Dice: 0.8737, IoU: 0.7962
2026-09-18 21:43:04.736845 Epoch [136/200], Step [0031/0031], LR: 0.000100, Loss: 0.0800
Epoch: 136, Dataset: test, Dice: 0.8967, IoU: 0.8333
Epoch: 136, Dataset: val, Dice: 0.8758, IoU: 0.8026
2026-09-18 21:43:22.302039 Epoch [137/200], Step [0031/0031], LR: 0.000100, Loss: 0.0784
Epoch: 137, Dataset: test, Dice: 0.9023, IoU: 0.8385
Epoch: 137, Dataset: val, Dice: 0.8768, IoU: 0.8022
2026-09-18 21:43:40.236192 Epoch [138/200], Step [0031/0031], LR: 0.000100, Loss: 0.0812
Epoch: 138, Dataset: test, Dice: 0.8776, IoU: 0.8076
Epoch: 138, Dataset: val, Dice: 0.8644, IoU: 0.7867
2026-09-18 21:43:57.879992 Epoch [139/200], Step [0031/0031], LR: 0.000100, Loss: 0.0836
Epoch: 139, Dataset: test, Dice: 0.8761, IoU: 0.8115
Epoch: 139, Dataset: val, Dice: 0.8654, IoU: 0.7866
2026-09-18 21:44:15.609803 Epoch [140/200], Step [0031/0031], LR: 0.000100, Loss: 0.0834
Epoch: 140, Dataset: test, Dice: 0.8849, IoU: 0.8175
Epoch: 140, Dataset: val, Dice: 0.8676, IoU: 0.7908
2026-09-18 21:44:33.266796 Epoch [141/200], Step [0031/0031], LR: 0.000100, Loss: 0.0881
Epoch: 141, Dataset: test, Dice: 0.8992, IoU: 0.8384
Epoch: 141, Dataset: val, Dice: 0.8699, IoU: 0.7939
2026-09-18 21:44:50.978508 Epoch [142/200], Step [0031/0031], LR: 0.000100, Loss: 0.0807
Epoch: 142, Dataset: test, Dice: 0.8987, IoU: 0.8376
Epoch: 142, Dataset: val, Dice: 0.8824, IoU: 0.8052
### Best Model Saved (Dice improved from 0.8814 to 0.8824) ###
2026-09-18 21:45:08.706449 Epoch [143/200], Step [0031/0031], LR: 0.000100, Loss: 0.0791
Epoch: 143, Dataset: test, Dice: 0.9005, IoU: 0.8399
Epoch: 143, Dataset: val, Dice: 0.8728, IoU: 0.7974
2026-09-18 21:45:26.482349 Epoch [144/200], Step [0031/0031], LR: 0.000100, Loss: 0.0805
Epoch: 144, Dataset: test, Dice: 0.8819, IoU: 0.8148
Epoch: 144, Dataset: val, Dice: 0.8691, IoU: 0.7914
2026-09-18 21:45:44.106068 Epoch [145/200], Step [0031/0031], LR: 0.000100, Loss: 0.0778
Epoch: 145, Dataset: test, Dice: 0.8961, IoU: 0.8338
Epoch: 145, Dataset: val, Dice: 0.8676, IoU: 0.7923
2026-09-18 21:46:01.796196 Epoch [146/200], Step [0031/0031], LR: 0.000100, Loss: 0.0763
Epoch: 146, Dataset: test, Dice: 0.9031, IoU: 0.8428
Epoch: 146, Dataset: val, Dice: 0.8710, IoU: 0.7923
2026-09-18 21:46:19.369857 Epoch [147/200], Step [0031/0031], LR: 0.000100, Loss: 0.0796
Epoch: 147, Dataset: test, Dice: 0.8997, IoU: 0.8369
Epoch: 147, Dataset: val, Dice: 0.8557, IoU: 0.7749
2026-09-18 21:46:36.632421 Epoch [148/200], Step [0031/0031], LR: 0.000100, Loss: 0.0812
Epoch: 148, Dataset: test, Dice: 0.8749, IoU: 0.8066
Epoch: 148, Dataset: val, Dice: 0.8710, IoU: 0.7943
2026-09-18 21:46:54.082337 Epoch [149/200], Step [0031/0031], LR: 0.000100, Loss: 0.0802
Epoch: 149, Dataset: test, Dice: 0.8998, IoU: 0.8380
Epoch: 149, Dataset: val, Dice: 0.8788, IoU: 0.8027
2026-09-18 21:47:11.720012 Epoch [150/200], Step [0031/0031], LR: 0.000100, Loss: 0.0782
Epoch: 150, Dataset: test, Dice: 0.9015, IoU: 0.8417
Epoch: 150, Dataset: val, Dice: 0.8807, IoU: 0.8039
2026-09-18 21:47:29.194847 Epoch [151/200], Step [0031/0031], LR: 0.000100, Loss: 0.0780
Epoch: 151, Dataset: test, Dice: 0.8957, IoU: 0.8306
Epoch: 151, Dataset: val, Dice: 0.8836, IoU: 0.8068
### Best Model Saved (Dice improved from 0.8824 to 0.8836) ###
2026-09-18 21:47:46.991449 Epoch [152/200], Step [0031/0031], LR: 0.000100, Loss: 0.0788
Epoch: 152, Dataset: test, Dice: 0.8951, IoU: 0.8343
Epoch: 152, Dataset: val, Dice: 0.8801, IoU: 0.8070
2026-09-18 21:48:04.657819 Epoch [153/200], Step [0031/0031], LR: 0.000100, Loss: 0.0796
Epoch: 153, Dataset: test, Dice: 0.8833, IoU: 0.8223
Epoch: 153, Dataset: val, Dice: 0.8806, IoU: 0.8050
2026-09-18 21:48:22.244177 Epoch [154/200], Step [0031/0031], LR: 0.000100, Loss: 0.0787
Epoch: 154, Dataset: test, Dice: 0.9044, IoU: 0.8448
Epoch: 154, Dataset: val, Dice: 0.8875, IoU: 0.8108
### Best Model Saved (Dice improved from 0.8836 to 0.8875) ###
2026-09-18 21:48:39.897128 Epoch [155/200], Step [0031/0031], LR: 0.000100, Loss: 0.0785
Epoch: 155, Dataset: test, Dice: 0.8828, IoU: 0.8194
Epoch: 155, Dataset: val, Dice: 0.8613, IoU: 0.7828
2026-09-18 21:48:57.659985 Epoch [156/200], Step [0031/0031], LR: 0.000100, Loss: 0.0771
Epoch: 156, Dataset: test, Dice: 0.8826, IoU: 0.8210
Epoch: 156, Dataset: val, Dice: 0.8712, IoU: 0.7921
2026-09-18 21:49:15.243456 Epoch [157/200], Step [0031/0031], LR: 0.000100, Loss: 0.0756
Epoch: 157, Dataset: test, Dice: 0.8989, IoU: 0.8378
Epoch: 157, Dataset: val, Dice: 0.8788, IoU: 0.8017
2026-09-18 21:49:33.139816 Epoch [158/200], Step [0031/0031], LR: 0.000100, Loss: 0.0758
Epoch: 158, Dataset: test, Dice: 0.8861, IoU: 0.8270
Epoch: 158, Dataset: val, Dice: 0.8604, IoU: 0.7817
2026-09-18 21:49:50.508903 Epoch [159/200], Step [0031/0031], LR: 0.000100, Loss: 0.0769
Epoch: 159, Dataset: test, Dice: 0.8869, IoU: 0.8242
Epoch: 159, Dataset: val, Dice: 0.8821, IoU: 0.8050
2026-09-18 21:50:08.164285 Epoch [160/200], Step [0031/0031], LR: 0.000100, Loss: 0.0804
Epoch: 160, Dataset: test, Dice: 0.8897, IoU: 0.8273
Epoch: 160, Dataset: val, Dice: 0.8674, IoU: 0.7869
2026-09-18 21:50:25.714240 Epoch [161/200], Step [0031/0031], LR: 0.000100, Loss: 0.0752
Epoch: 161, Dataset: test, Dice: 0.8905, IoU: 0.8243
Epoch: 161, Dataset: val, Dice: 0.8669, IoU: 0.7900
2026-09-18 21:50:43.386832 Epoch [162/200], Step [0031/0031], LR: 0.000100, Loss: 0.0762
Epoch: 162, Dataset: test, Dice: 0.8969, IoU: 0.8386
Epoch: 162, Dataset: val, Dice: 0.8673, IoU: 0.7905
2026-09-18 21:51:01.108919 Epoch [163/200], Step [0031/0031], LR: 0.000100, Loss: 0.0757
Epoch: 163, Dataset: test, Dice: 0.8893, IoU: 0.8248
Epoch: 163, Dataset: val, Dice: 0.8634, IoU: 0.7850
2026-09-18 21:51:18.866378 Epoch [164/200], Step [0031/0031], LR: 0.000100, Loss: 0.0763
Epoch: 164, Dataset: test, Dice: 0.8958, IoU: 0.8322
Epoch: 164, Dataset: val, Dice: 0.8674, IoU: 0.7897
2026-09-18 21:51:36.449234 Epoch [165/200], Step [0031/0031], LR: 0.000100, Loss: 0.0753
Epoch: 165, Dataset: test, Dice: 0.8985, IoU: 0.8372
Epoch: 165, Dataset: val, Dice: 0.8713, IoU: 0.7911
2026-09-18 21:51:54.038212 Epoch [166/200], Step [0031/0031], LR: 0.000100, Loss: 0.0767
Epoch: 166, Dataset: test, Dice: 0.8975, IoU: 0.8362
Epoch: 166, Dataset: val, Dice: 0.8762, IoU: 0.7992
2026-09-18 21:52:11.783605 Epoch [167/200], Step [0031/0031], LR: 0.000100, Loss: 0.0730
Epoch: 167, Dataset: test, Dice: 0.8766, IoU: 0.8093
Epoch: 167, Dataset: val, Dice: 0.8532, IoU: 0.7742
2026-09-18 21:52:29.507314 Epoch [168/200], Step [0031/0031], LR: 0.000100, Loss: 0.0745
Epoch: 168, Dataset: test, Dice: 0.8999, IoU: 0.8387
Epoch: 168, Dataset: val, Dice: 0.8627, IoU: 0.7859
2026-09-18 21:52:46.831024 Epoch [169/200], Step [0031/0031], LR: 0.000100, Loss: 0.0755
Epoch: 169, Dataset: test, Dice: 0.8878, IoU: 0.8259
Epoch: 169, Dataset: val, Dice: 0.8676, IoU: 0.7923
2026-09-18 21:53:04.568360 Epoch [170/200], Step [0031/0031], LR: 0.000100, Loss: 0.0762
Epoch: 170, Dataset: test, Dice: 0.8925, IoU: 0.8287
Epoch: 170, Dataset: val, Dice: 0.8679, IoU: 0.7916
2026-09-18 21:53:22.278553 Epoch [171/200], Step [0031/0031], LR: 0.000100, Loss: 0.0724
Epoch: 171, Dataset: test, Dice: 0.9028, IoU: 0.8430
Epoch: 171, Dataset: val, Dice: 0.8724, IoU: 0.7941
2026-09-18 21:53:39.670840 Epoch [172/200], Step [0031/0031], LR: 0.000100, Loss: 0.0756
Epoch: 172, Dataset: test, Dice: 0.8533, IoU: 0.7712
Epoch: 172, Dataset: val, Dice: 0.8398, IoU: 0.7536
2026-09-18 21:53:57.280336 Epoch [173/200], Step [0031/0031], LR: 0.000100, Loss: 0.0733
Epoch: 173, Dataset: test, Dice: 0.8852, IoU: 0.8233
Epoch: 173, Dataset: val, Dice: 0.8623, IoU: 0.7873
2026-09-18 21:54:14.681204 Epoch [174/200], Step [0031/0031], LR: 0.000100, Loss: 0.0773
Epoch: 174, Dataset: test, Dice: 0.8805, IoU: 0.8146
Epoch: 174, Dataset: val, Dice: 0.8517, IoU: 0.7708
2026-09-18 21:54:32.044012 Epoch [175/200], Step [0031/0031], LR: 0.000100, Loss: 0.0756
Epoch: 175, Dataset: test, Dice: 0.8945, IoU: 0.8306
Epoch: 175, Dataset: val, Dice: 0.8762, IoU: 0.8019
2026-09-18 21:54:49.824634 Epoch [176/200], Step [0031/0031], LR: 0.000100, Loss: 0.0753
Epoch: 176, Dataset: test, Dice: 0.8801, IoU: 0.8161
Epoch: 176, Dataset: val, Dice: 0.8677, IoU: 0.7916
2026-09-18 21:55:07.411121 Epoch [177/200], Step [0031/0031], LR: 0.000100, Loss: 0.0719
Epoch: 177, Dataset: test, Dice: 0.8955, IoU: 0.8316
Epoch: 177, Dataset: val, Dice: 0.8670, IoU: 0.7883
2026-09-18 21:55:24.990073 Epoch [178/200], Step [0031/0031], LR: 0.000100, Loss: 0.0708
Epoch: 178, Dataset: test, Dice: 0.8815, IoU: 0.8177
Epoch: 178, Dataset: val, Dice: 0.8671, IoU: 0.7909
2026-09-18 21:55:42.367649 Epoch [179/200], Step [0031/0031], LR: 0.000100, Loss: 0.0717
Epoch: 179, Dataset: test, Dice: 0.8949, IoU: 0.8309
Epoch: 179, Dataset: val, Dice: 0.8743, IoU: 0.7949
2026-09-18 21:55:59.629584 Epoch [180/200], Step [0031/0031], LR: 0.000100, Loss: 0.0748
Epoch: 180, Dataset: test, Dice: 0.8818, IoU: 0.8120
Epoch: 180, Dataset: val, Dice: 0.8531, IoU: 0.7738
2026-09-18 21:56:16.926850 Epoch [181/200], Step [0031/0031], LR: 0.000100, Loss: 0.0739
Epoch: 181, Dataset: test, Dice: 0.8962, IoU: 0.8329
Epoch: 181, Dataset: val, Dice: 0.8688, IoU: 0.7923
2026-09-18 21:56:34.152021 Epoch [182/200], Step [0031/0031], LR: 0.000100, Loss: 0.0734
Epoch: 182, Dataset: test, Dice: 0.8943, IoU: 0.8297
Epoch: 182, Dataset: val, Dice: 0.8799, IoU: 0.8033
2026-09-18 21:56:51.633438 Epoch [183/200], Step [0031/0031], LR: 0.000100, Loss: 0.0706
Epoch: 183, Dataset: test, Dice: 0.8877, IoU: 0.8211
Epoch: 183, Dataset: val, Dice: 0.8745, IoU: 0.8018
2026-09-18 21:57:08.958512 Epoch [184/200], Step [0031/0031], LR: 0.000100, Loss: 0.0699
Epoch: 184, Dataset: test, Dice: 0.8835, IoU: 0.8143
Epoch: 184, Dataset: val, Dice: 0.8703, IoU: 0.7930
2026-09-18 21:57:26.209189 Epoch [185/200], Step [0031/0031], LR: 0.000100, Loss: 0.0703
Epoch: 185, Dataset: test, Dice: 0.8876, IoU: 0.8190
Epoch: 185, Dataset: val, Dice: 0.8770, IoU: 0.8006
2026-09-18 21:57:43.475657 Epoch [186/200], Step [0031/0031], LR: 0.000100, Loss: 0.0698
Epoch: 186, Dataset: test, Dice: 0.8883, IoU: 0.8221
Epoch: 186, Dataset: val, Dice: 0.8666, IoU: 0.7923
2026-09-18 21:58:00.863332 Epoch [187/200], Step [0031/0031], LR: 0.000100, Loss: 0.0736
Epoch: 187, Dataset: test, Dice: 0.8922, IoU: 0.8286
Epoch: 187, Dataset: val, Dice: 0.8700, IoU: 0.7937
2026-09-18 21:58:18.365967 Epoch [188/200], Step [0031/0031], LR: 0.000100, Loss: 0.0697
Epoch: 188, Dataset: test, Dice: 0.8964, IoU: 0.8333
Epoch: 188, Dataset: val, Dice: 0.8748, IoU: 0.7984
2026-09-18 21:58:35.721235 Epoch [189/200], Step [0031/0031], LR: 0.000100, Loss: 0.0701
Epoch: 189, Dataset: test, Dice: 0.8864, IoU: 0.8196
Epoch: 189, Dataset: val, Dice: 0.8647, IoU: 0.7890
2026-09-18 21:58:53.333026 Epoch [190/200], Step [0031/0031], LR: 0.000100, Loss: 0.0701
Epoch: 190, Dataset: test, Dice: 0.8992, IoU: 0.8370
Epoch: 190, Dataset: val, Dice: 0.8662, IoU: 0.7922
2026-09-18 21:59:10.738137 Epoch [191/200], Step [0031/0031], LR: 0.000100, Loss: 0.0703
Epoch: 191, Dataset: test, Dice: 0.8999, IoU: 0.8369
Epoch: 191, Dataset: val, Dice: 0.8641, IoU: 0.7865
2026-09-18 21:59:28.227339 Epoch [192/200], Step [0031/0031], LR: 0.000100, Loss: 0.0671
Epoch: 192, Dataset: test, Dice: 0.8924, IoU: 0.8269
Epoch: 192, Dataset: val, Dice: 0.8785, IoU: 0.8053
2026-09-18 21:59:45.765599 Epoch [193/200], Step [0031/0031], LR: 0.000100, Loss: 0.0679
Epoch: 193, Dataset: test, Dice: 0.9032, IoU: 0.8420
Epoch: 193, Dataset: val, Dice: 0.8724, IoU: 0.7984
2026-09-18 22:00:03.531454 Epoch [194/200], Step [0031/0031], LR: 0.000100, Loss: 0.0683
Epoch: 194, Dataset: test, Dice: 0.8887, IoU: 0.8274
Epoch: 194, Dataset: val, Dice: 0.8764, IoU: 0.8031
2026-09-18 22:00:21.112440 Epoch [195/200], Step [0031/0031], LR: 0.000100, Loss: 0.0672
Epoch: 195, Dataset: test, Dice: 0.8816, IoU: 0.8158
Epoch: 195, Dataset: val, Dice: 0.8640, IoU: 0.7892
2026-09-18 22:00:38.719015 Epoch [196/200], Step [0031/0031], LR: 0.000100, Loss: 0.0680
Epoch: 196, Dataset: test, Dice: 0.8885, IoU: 0.8227
Epoch: 196, Dataset: val, Dice: 0.8734, IoU: 0.7990
2026-09-18 22:00:56.332490 Epoch [197/200], Step [0031/0031], LR: 0.000100, Loss: 0.0689
Epoch: 197, Dataset: test, Dice: 0.8851, IoU: 0.8218
Epoch: 197, Dataset: val, Dice: 0.8789, IoU: 0.8050
2026-09-18 22:01:13.815973 Epoch [198/200], Step [0031/0031], LR: 0.000100, Loss: 0.0680
Epoch: 198, Dataset: test, Dice: 0.8923, IoU: 0.8287
Epoch: 198, Dataset: val, Dice: 0.8698, IoU: 0.7949
2026-09-18 22:01:31.383327 Epoch [199/200], Step [0031/0031], LR: 0.000100, Loss: 0.0699
Epoch: 199, Dataset: test, Dice: 0.8866, IoU: 0.8227
Epoch: 199, Dataset: val, Dice: 0.8710, IoU: 0.7934
2026-09-18 22:01:49.124971 Epoch [200/200], Step [0031/0031], LR: 0.000100, Loss: 0.0681
Epoch: 200, Dataset: test, Dice: 0.8922, IoU: 0.8270
Epoch: 200, Dataset: val, Dice: 0.8764, IoU: 0.8021

========================================
FINAL RESULTS: ClinicDB_MK_UNet_bs16_lr0.0001_e200_augFalse_run5_t210255
Best Val Dice: 0.8875
Test Dice at Best Val: 0.9044
Total Train Time: 3161.54s
========================================
