Network: MK_UNet | Channels: [16, 32, 64, 96, 160]
[INFO] Register count_convNd() for <class 'torch.nn.modules.conv.Conv2d'>.
[INFO] Register count_normalization() for <class 'torch.nn.modules.batchnorm.BatchNorm2d'>.
[INFO] Register zero_ops() for <class 'torch.nn.modules.activation.ReLU6'>.
[INFO] Register zero_ops() for <class 'torch.nn.modules.container.Sequential'>.
[INFO] Register zero_ops() for <class 'torch.nn.modules.activation.ReLU'>.
[INFO] Register count_adap_avgpool() for <class 'torch.nn.modules.pooling.AdaptiveAvgPool2d'>.
[INFO] Register zero_ops() for <class 'torch.nn.modules.pooling.AdaptiveMaxPool2d'>.
flops 0.619251354
params 0.315566
Total params: 0.32M
2026-09-18 17:02:38.864635 Epoch [001/200], Step [0062/0062], LR: 0.000500, Loss: 1.1342
Epoch: 1, Dataset: test, Dice: 0.2353, IoU: 0.1461
Epoch: 1, Dataset: val, Dice: 0.3054, IoU: 0.2030
### Best Model Saved (Dice improved from 0.0000 to 0.3054) ###
2026-09-18 17:03:02.047200 Epoch [002/200], Step [0062/0062], LR: 0.000500, Loss: 1.0580
Epoch: 2, Dataset: test, Dice: 0.3717, IoU: 0.2486
Epoch: 2, Dataset: val, Dice: 0.4066, IoU: 0.2753
### Best Model Saved (Dice improved from 0.3054 to 0.4066) ###
2026-09-18 17:03:24.565938 Epoch [003/200], Step [0062/0062], LR: 0.000500, Loss: 1.0116
Epoch: 3, Dataset: test, Dice: 0.5170, IoU: 0.3891
Epoch: 3, Dataset: val, Dice: 0.4990, IoU: 0.3701
### Best Model Saved (Dice improved from 0.4066 to 0.4990) ###
2026-09-18 17:03:46.418395 Epoch [004/200], Step [0062/0062], LR: 0.000500, Loss: 0.9733
Epoch: 4, Dataset: test, Dice: 0.5167, IoU: 0.3944
Epoch: 4, Dataset: val, Dice: 0.4787, IoU: 0.3652
2026-09-18 17:04:08.946255 Epoch [005/200], Step [0062/0062], LR: 0.000500, Loss: 0.8946
Epoch: 5, Dataset: test, Dice: 0.6090, IoU: 0.4832
Epoch: 5, Dataset: val, Dice: 0.6062, IoU: 0.4856
### Best Model Saved (Dice improved from 0.4990 to 0.6062) ###
2026-09-18 17:04:31.701425 Epoch [006/200], Step [0062/0062], LR: 0.000499, Loss: 0.8853
Epoch: 6, Dataset: test, Dice: 0.6669, IoU: 0.5386
Epoch: 6, Dataset: val, Dice: 0.6454, IoU: 0.5169
### Best Model Saved (Dice improved from 0.6062 to 0.6454) ###
2026-09-18 17:04:53.468306 Epoch [007/200], Step [0062/0062], LR: 0.000499, Loss: 0.7760
Epoch: 7, Dataset: test, Dice: 0.6133, IoU: 0.4826
Epoch: 7, Dataset: val, Dice: 0.5902, IoU: 0.4636
2026-09-18 17:05:15.170509 Epoch [008/200], Step [0062/0062], LR: 0.000498, Loss: 0.7894
Epoch: 8, Dataset: test, Dice: 0.6345, IoU: 0.5146
Epoch: 8, Dataset: val, Dice: 0.6416, IoU: 0.5115
2026-09-18 17:05:37.141769 Epoch [009/200], Step [0062/0062], LR: 0.000498, Loss: 0.7352
Epoch: 9, Dataset: test, Dice: 0.6342, IoU: 0.4942
Epoch: 9, Dataset: val, Dice: 0.6383, IoU: 0.5059
2026-09-18 17:05:58.498805 Epoch [010/200], Step [0062/0062], LR: 0.000498, Loss: 0.6661
Epoch: 10, Dataset: test, Dice: 0.7681, IoU: 0.6701
Epoch: 10, Dataset: val, Dice: 0.7213, IoU: 0.6181
### Best Model Saved (Dice improved from 0.6454 to 0.7213) ###
2026-09-18 17:06:20.755504 Epoch [011/200], Step [0062/0062], LR: 0.000497, Loss: 0.6684
Epoch: 11, Dataset: test, Dice: 0.7718, IoU: 0.6684
Epoch: 11, Dataset: val, Dice: 0.7221, IoU: 0.6056
### Best Model Saved (Dice improved from 0.7213 to 0.7221) ###
2026-09-18 17:06:43.465691 Epoch [012/200], Step [0062/0062], LR: 0.000496, Loss: 0.6634
Epoch: 12, Dataset: test, Dice: 0.7245, IoU: 0.6060
Epoch: 12, Dataset: val, Dice: 0.6906, IoU: 0.5696
2026-09-18 17:07:06.387266 Epoch [013/200], Step [0062/0062], LR: 0.000496, Loss: 0.6227
Epoch: 13, Dataset: test, Dice: 0.7081, IoU: 0.6011
Epoch: 13, Dataset: val, Dice: 0.6602, IoU: 0.5476
2026-09-18 17:07:29.016871 Epoch [014/200], Step [0062/0062], LR: 0.000495, Loss: 0.5993
Epoch: 14, Dataset: test, Dice: 0.8191, IoU: 0.7313
Epoch: 14, Dataset: val, Dice: 0.7475, IoU: 0.6412
### Best Model Saved (Dice improved from 0.7221 to 0.7475) ###
2026-09-18 17:07:51.966169 Epoch [015/200], Step [0062/0062], LR: 0.000494, Loss: 0.5611
Epoch: 15, Dataset: test, Dice: 0.7477, IoU: 0.6345
Epoch: 15, Dataset: val, Dice: 0.7245, IoU: 0.5997
2026-09-18 17:08:14.686481 Epoch [016/200], Step [0062/0062], LR: 0.000493, Loss: 0.5701
Epoch: 16, Dataset: test, Dice: 0.8343, IoU: 0.7453
Epoch: 16, Dataset: val, Dice: 0.7490, IoU: 0.6449
### Best Model Saved (Dice improved from 0.7475 to 0.7490) ###
2026-09-18 17:08:37.931036 Epoch [017/200], Step [0062/0062], LR: 0.000492, Loss: 0.5751
Epoch: 17, Dataset: test, Dice: 0.8445, IoU: 0.7633
Epoch: 17, Dataset: val, Dice: 0.7615, IoU: 0.6640
### Best Model Saved (Dice improved from 0.7490 to 0.7615) ###
2026-09-18 17:09:00.974784 Epoch [018/200], Step [0062/0062], LR: 0.000491, Loss: 0.5220
Epoch: 18, Dataset: test, Dice: 0.8329, IoU: 0.7418
Epoch: 18, Dataset: val, Dice: 0.7264, IoU: 0.6127
2026-09-18 17:09:24.439261 Epoch [019/200], Step [0062/0062], LR: 0.000490, Loss: 0.5539
Epoch: 19, Dataset: test, Dice: 0.8326, IoU: 0.7388
Epoch: 19, Dataset: val, Dice: 0.7611, IoU: 0.6518
2026-09-18 17:09:47.521509 Epoch [020/200], Step [0062/0062], LR: 0.000489, Loss: 0.5205
Epoch: 20, Dataset: test, Dice: 0.8370, IoU: 0.7524
Epoch: 20, Dataset: val, Dice: 0.7775, IoU: 0.6775
### Best Model Saved (Dice improved from 0.7615 to 0.7775) ###
2026-09-18 17:10:10.863832 Epoch [021/200], Step [0062/0062], LR: 0.000488, Loss: 0.4914
Epoch: 21, Dataset: test, Dice: 0.8287, IoU: 0.7338
Epoch: 21, Dataset: val, Dice: 0.7654, IoU: 0.6624
2026-09-18 17:10:34.677618 Epoch [022/200], Step [0062/0062], LR: 0.000487, Loss: 0.5119
Epoch: 22, Dataset: test, Dice: 0.8392, IoU: 0.7497
Epoch: 22, Dataset: val, Dice: 0.7915, IoU: 0.6884
### Best Model Saved (Dice improved from 0.7775 to 0.7915) ###
2026-09-18 17:10:58.159436 Epoch [023/200], Step [0062/0062], LR: 0.000485, Loss: 0.4764
Epoch: 23, Dataset: test, Dice: 0.8210, IoU: 0.7395
Epoch: 23, Dataset: val, Dice: 0.7807, IoU: 0.6822
2026-09-18 17:11:21.421572 Epoch [024/200], Step [0062/0062], LR: 0.000484, Loss: 0.4477
Epoch: 24, Dataset: test, Dice: 0.8256, IoU: 0.7306
Epoch: 24, Dataset: val, Dice: 0.7780, IoU: 0.6835
2026-09-18 17:11:45.008189 Epoch [025/200], Step [0062/0062], LR: 0.000482, Loss: 0.4616
Epoch: 25, Dataset: test, Dice: 0.8415, IoU: 0.7616
Epoch: 25, Dataset: val, Dice: 0.7800, IoU: 0.6888
2026-09-18 17:12:08.802130 Epoch [026/200], Step [0062/0062], LR: 0.000481, Loss: 0.4488
Epoch: 26, Dataset: test, Dice: 0.8463, IoU: 0.7608
Epoch: 26, Dataset: val, Dice: 0.7710, IoU: 0.6646
2026-09-18 17:12:32.675562 Epoch [027/200], Step [0062/0062], LR: 0.000479, Loss: 0.4311
Epoch: 27, Dataset: test, Dice: 0.8379, IoU: 0.7521
Epoch: 27, Dataset: val, Dice: 0.7839, IoU: 0.6845
2026-09-18 17:12:56.291321 Epoch [028/200], Step [0062/0062], LR: 0.000478, Loss: 0.4333
Epoch: 28, Dataset: test, Dice: 0.8387, IoU: 0.7543
Epoch: 28, Dataset: val, Dice: 0.8065, IoU: 0.7091
### Best Model Saved (Dice improved from 0.7915 to 0.8065) ###
2026-09-18 17:13:20.169232 Epoch [029/200], Step [0062/0062], LR: 0.000476, Loss: 0.5070
Epoch: 29, Dataset: test, Dice: 0.8738, IoU: 0.7980
Epoch: 29, Dataset: val, Dice: 0.8196, IoU: 0.7229
### Best Model Saved (Dice improved from 0.8065 to 0.8196) ###
2026-09-18 17:13:44.311661 Epoch [030/200], Step [0062/0062], LR: 0.000475, Loss: 0.4119
Epoch: 30, Dataset: test, Dice: 0.8210, IoU: 0.7303
Epoch: 30, Dataset: val, Dice: 0.7736, IoU: 0.6739
2026-09-18 17:14:08.150728 Epoch [031/200], Step [0062/0062], LR: 0.000473, Loss: 0.4211
Epoch: 31, Dataset: test, Dice: 0.7820, IoU: 0.6827
Epoch: 31, Dataset: val, Dice: 0.6999, IoU: 0.5943
2026-09-18 17:14:31.957127 Epoch [032/200], Step [0062/0062], LR: 0.000471, Loss: 0.3916
Epoch: 32, Dataset: test, Dice: 0.8724, IoU: 0.7940
Epoch: 32, Dataset: val, Dice: 0.7969, IoU: 0.7034
2026-09-18 17:14:55.967149 Epoch [033/200], Step [0062/0062], LR: 0.000469, Loss: 0.3928
Epoch: 33, Dataset: test, Dice: 0.7534, IoU: 0.6473
Epoch: 33, Dataset: val, Dice: 0.6888, IoU: 0.5720
2026-09-18 17:15:19.922160 Epoch [034/200], Step [0062/0062], LR: 0.000467, Loss: 0.3708
Epoch: 34, Dataset: test, Dice: 0.8404, IoU: 0.7608
Epoch: 34, Dataset: val, Dice: 0.7991, IoU: 0.6977
2026-09-18 17:15:43.545317 Epoch [035/200], Step [0062/0062], LR: 0.000465, Loss: 0.3715
Epoch: 35, Dataset: test, Dice: 0.8657, IoU: 0.7903
Epoch: 35, Dataset: val, Dice: 0.8361, IoU: 0.7497
### Best Model Saved (Dice improved from 0.8196 to 0.8361) ###
2026-09-18 17:16:07.244279 Epoch [036/200], Step [0062/0062], LR: 0.000463, Loss: 0.3596
Epoch: 36, Dataset: test, Dice: 0.8399, IoU: 0.7549
Epoch: 36, Dataset: val, Dice: 0.7927, IoU: 0.6976
2026-09-18 17:16:30.735089 Epoch [037/200], Step [0062/0062], LR: 0.000461, Loss: 0.3655
Epoch: 37, Dataset: test, Dice: 0.9000, IoU: 0.8329
Epoch: 37, Dataset: val, Dice: 0.8436, IoU: 0.7608
### Best Model Saved (Dice improved from 0.8361 to 0.8436) ###
2026-09-18 17:16:54.007465 Epoch [038/200], Step [0062/0062], LR: 0.000459, Loss: 0.3710
Epoch: 38, Dataset: test, Dice: 0.8838, IoU: 0.8105
Epoch: 38, Dataset: val, Dice: 0.7945, IoU: 0.6972
2026-09-18 17:17:17.158999 Epoch [039/200], Step [0062/0062], LR: 0.000457, Loss: 0.3799
Epoch: 39, Dataset: test, Dice: 0.8761, IoU: 0.7946
Epoch: 39, Dataset: val, Dice: 0.8425, IoU: 0.7563
2026-09-18 17:17:39.921068 Epoch [040/200], Step [0062/0062], LR: 0.000455, Loss: 0.3481
Epoch: 40, Dataset: test, Dice: 0.8895, IoU: 0.8185
Epoch: 40, Dataset: val, Dice: 0.8453, IoU: 0.7661
### Best Model Saved (Dice improved from 0.8436 to 0.8453) ###
2026-09-18 17:18:02.819830 Epoch [041/200], Step [0062/0062], LR: 0.000452, Loss: 0.3582
Epoch: 41, Dataset: test, Dice: 0.8925, IoU: 0.8194
Epoch: 41, Dataset: val, Dice: 0.8410, IoU: 0.7589
2026-09-18 17:18:26.225025 Epoch [042/200], Step [0062/0062], LR: 0.000450, Loss: 0.3499
Epoch: 42, Dataset: test, Dice: 0.8714, IoU: 0.7973
Epoch: 42, Dataset: val, Dice: 0.8337, IoU: 0.7433
2026-09-18 17:18:49.051193 Epoch [043/200], Step [0062/0062], LR: 0.000448, Loss: 0.3487
Epoch: 43, Dataset: test, Dice: 0.8880, IoU: 0.8204
Epoch: 43, Dataset: val, Dice: 0.8398, IoU: 0.7585
2026-09-18 17:19:11.654408 Epoch [044/200], Step [0062/0062], LR: 0.000445, Loss: 0.3052
Epoch: 44, Dataset: test, Dice: 0.8909, IoU: 0.8197
Epoch: 44, Dataset: val, Dice: 0.8435, IoU: 0.7601
2026-09-18 17:19:34.229503 Epoch [045/200], Step [0062/0062], LR: 0.000443, Loss: 0.3092
Epoch: 45, Dataset: test, Dice: 0.9060, IoU: 0.8429
Epoch: 45, Dataset: val, Dice: 0.8540, IoU: 0.7804
### Best Model Saved (Dice improved from 0.8453 to 0.8540) ###
2026-09-18 17:19:57.102156 Epoch [046/200], Step [0062/0062], LR: 0.000440, Loss: 0.3147
Epoch: 46, Dataset: test, Dice: 0.8928, IoU: 0.8279
Epoch: 46, Dataset: val, Dice: 0.8352, IoU: 0.7499
2026-09-18 17:20:19.783441 Epoch [047/200], Step [0062/0062], LR: 0.000438, Loss: 0.3236
Epoch: 47, Dataset: test, Dice: 0.7946, IoU: 0.7027
Epoch: 47, Dataset: val, Dice: 0.7155, IoU: 0.6030
2026-09-18 17:20:42.737754 Epoch [048/200], Step [0062/0062], LR: 0.000435, Loss: 0.3131
Epoch: 48, Dataset: test, Dice: 0.9059, IoU: 0.8414
Epoch: 48, Dataset: val, Dice: 0.8769, IoU: 0.8019
### Best Model Saved (Dice improved from 0.8540 to 0.8769) ###
2026-09-18 17:21:05.468022 Epoch [049/200], Step [0062/0062], LR: 0.000432, Loss: 0.3291
Epoch: 49, Dataset: test, Dice: 0.8884, IoU: 0.8202
Epoch: 49, Dataset: val, Dice: 0.8159, IoU: 0.7231
2026-09-18 17:21:27.486500 Epoch [050/200], Step [0062/0062], LR: 0.000430, Loss: 0.3757
Epoch: 50, Dataset: test, Dice: 0.8989, IoU: 0.8318
Epoch: 50, Dataset: val, Dice: 0.8553, IoU: 0.7711
2026-09-18 17:21:49.606115 Epoch [051/200], Step [0062/0062], LR: 0.000427, Loss: 0.3197
Epoch: 51, Dataset: test, Dice: 0.9192, IoU: 0.8569
Epoch: 51, Dataset: val, Dice: 0.8580, IoU: 0.7796
2026-09-18 17:22:11.971219 Epoch [052/200], Step [0062/0062], LR: 0.000424, Loss: 0.2990
Epoch: 52, Dataset: test, Dice: 0.9077, IoU: 0.8475
Epoch: 52, Dataset: val, Dice: 0.8601, IoU: 0.7830
2026-09-18 17:22:33.929630 Epoch [053/200], Step [0062/0062], LR: 0.000421, Loss: 0.3048
Epoch: 53, Dataset: test, Dice: 0.9124, IoU: 0.8501
Epoch: 53, Dataset: val, Dice: 0.8626, IoU: 0.7864
2026-09-18 17:22:55.840845 Epoch [054/200], Step [0062/0062], LR: 0.000418, Loss: 0.2999
Epoch: 54, Dataset: test, Dice: 0.8839, IoU: 0.8093
Epoch: 54, Dataset: val, Dice: 0.8150, IoU: 0.7198
2026-09-18 17:23:18.066015 Epoch [055/200], Step [0062/0062], LR: 0.000415, Loss: 0.2888
Epoch: 55, Dataset: test, Dice: 0.9039, IoU: 0.8419
Epoch: 55, Dataset: val, Dice: 0.8471, IoU: 0.7694
2026-09-18 17:23:40.867010 Epoch [056/200], Step [0062/0062], LR: 0.000413, Loss: 0.2809
Epoch: 56, Dataset: test, Dice: 0.8962, IoU: 0.8303
Epoch: 56, Dataset: val, Dice: 0.8533, IoU: 0.7732
2026-09-18 17:24:02.616492 Epoch [057/200], Step [0062/0062], LR: 0.000410, Loss: 0.2810
Epoch: 57, Dataset: test, Dice: 0.9270, IoU: 0.8694
Epoch: 57, Dataset: val, Dice: 0.8696, IoU: 0.7967
2026-09-18 17:24:24.558725 Epoch [058/200], Step [0062/0062], LR: 0.000406, Loss: 0.2681
Epoch: 58, Dataset: test, Dice: 0.9172, IoU: 0.8581
Epoch: 58, Dataset: val, Dice: 0.8784, IoU: 0.8055
### Best Model Saved (Dice improved from 0.8769 to 0.8784) ###
2026-09-18 17:24:47.268990 Epoch [059/200], Step [0062/0062], LR: 0.000403, Loss: 0.2878
Epoch: 59, Dataset: test, Dice: 0.9078, IoU: 0.8422
Epoch: 59, Dataset: val, Dice: 0.8546, IoU: 0.7770
2026-09-18 17:25:09.459400 Epoch [060/200], Step [0062/0062], LR: 0.000400, Loss: 0.2724
Epoch: 60, Dataset: test, Dice: 0.9183, IoU: 0.8572
Epoch: 60, Dataset: val, Dice: 0.8740, IoU: 0.7998
2026-09-18 17:25:31.458238 Epoch [061/200], Step [0062/0062], LR: 0.000397, Loss: 0.2672
Epoch: 61, Dataset: test, Dice: 0.9077, IoU: 0.8400
Epoch: 61, Dataset: val, Dice: 0.8682, IoU: 0.7932
2026-09-18 17:25:53.217400 Epoch [062/200], Step [0062/0062], LR: 0.000394, Loss: 0.2670
Epoch: 62, Dataset: test, Dice: 0.9153, IoU: 0.8550
Epoch: 62, Dataset: val, Dice: 0.8765, IoU: 0.8009
2026-09-18 17:26:15.173975 Epoch [063/200], Step [0062/0062], LR: 0.000391, Loss: 0.2777
Epoch: 63, Dataset: test, Dice: 0.9249, IoU: 0.8661
Epoch: 63, Dataset: val, Dice: 0.8645, IoU: 0.7878
2026-09-18 17:26:36.929885 Epoch [064/200], Step [0062/0062], LR: 0.000387, Loss: 0.2555
Epoch: 64, Dataset: test, Dice: 0.9008, IoU: 0.8387
Epoch: 64, Dataset: val, Dice: 0.8692, IoU: 0.7964
2026-09-18 17:26:58.598189 Epoch [065/200], Step [0062/0062], LR: 0.000384, Loss: 0.2475
Epoch: 65, Dataset: test, Dice: 0.9144, IoU: 0.8515
Epoch: 65, Dataset: val, Dice: 0.8592, IoU: 0.7773
2026-09-18 17:27:20.780854 Epoch [066/200], Step [0062/0062], LR: 0.000381, Loss: 0.2510
Epoch: 66, Dataset: test, Dice: 0.9090, IoU: 0.8477
Epoch: 66, Dataset: val, Dice: 0.8671, IoU: 0.7917
2026-09-18 17:27:42.194359 Epoch [067/200], Step [0062/0062], LR: 0.000378, Loss: 0.2542
Epoch: 67, Dataset: test, Dice: 0.9288, IoU: 0.8708
Epoch: 67, Dataset: val, Dice: 0.8632, IoU: 0.7863
2026-09-18 17:28:04.362078 Epoch [068/200], Step [0062/0062], LR: 0.000374, Loss: 0.2536
Epoch: 68, Dataset: test, Dice: 0.9223, IoU: 0.8670
Epoch: 68, Dataset: val, Dice: 0.8958, IoU: 0.8301
### Best Model Saved (Dice improved from 0.8784 to 0.8958) ###
2026-09-18 17:28:25.829874 Epoch [069/200], Step [0062/0062], LR: 0.000371, Loss: 0.2518
Epoch: 69, Dataset: test, Dice: 0.9294, IoU: 0.8733
Epoch: 69, Dataset: val, Dice: 0.8791, IoU: 0.8077
2026-09-18 17:28:48.053060 Epoch [070/200], Step [0062/0062], LR: 0.000367, Loss: 0.2662
Epoch: 70, Dataset: test, Dice: 0.9117, IoU: 0.8474
Epoch: 70, Dataset: val, Dice: 0.8667, IoU: 0.7944
2026-09-18 17:29:09.793538 Epoch [071/200], Step [0062/0062], LR: 0.000364, Loss: 0.2506
Epoch: 71, Dataset: test, Dice: 0.9240, IoU: 0.8660
Epoch: 71, Dataset: val, Dice: 0.8668, IoU: 0.7898
2026-09-18 17:29:31.430895 Epoch [072/200], Step [0062/0062], LR: 0.000360, Loss: 0.2403
Epoch: 72, Dataset: test, Dice: 0.8979, IoU: 0.8340
Epoch: 72, Dataset: val, Dice: 0.8674, IoU: 0.7931
2026-09-18 17:29:54.132761 Epoch [073/200], Step [0062/0062], LR: 0.000357, Loss: 0.2488
Epoch: 73, Dataset: test, Dice: 0.9234, IoU: 0.8659
Epoch: 73, Dataset: val, Dice: 0.8694, IoU: 0.7987
2026-09-18 17:30:15.835510 Epoch [074/200], Step [0062/0062], LR: 0.000353, Loss: 0.2450
Epoch: 74, Dataset: test, Dice: 0.9186, IoU: 0.8589
Epoch: 74, Dataset: val, Dice: 0.8813, IoU: 0.8113
2026-09-18 17:30:37.630879 Epoch [075/200], Step [0062/0062], LR: 0.000350, Loss: 0.2620
Epoch: 75, Dataset: test, Dice: 0.9230, IoU: 0.8649
Epoch: 75, Dataset: val, Dice: 0.8926, IoU: 0.8223
2026-09-18 17:30:59.061650 Epoch [076/200], Step [0062/0062], LR: 0.000346, Loss: 0.2412
Epoch: 76, Dataset: test, Dice: 0.9144, IoU: 0.8508
Epoch: 76, Dataset: val, Dice: 0.8793, IoU: 0.8071
2026-09-18 17:31:21.110084 Epoch [077/200], Step [0062/0062], LR: 0.000342, Loss: 0.2579
Epoch: 77, Dataset: test, Dice: 0.9162, IoU: 0.8568
Epoch: 77, Dataset: val, Dice: 0.8840, IoU: 0.8155
2026-09-18 17:31:43.805440 Epoch [078/200], Step [0062/0062], LR: 0.000339, Loss: 0.2431
Epoch: 78, Dataset: test, Dice: 0.9222, IoU: 0.8683
Epoch: 78, Dataset: val, Dice: 0.8828, IoU: 0.8161
2026-09-18 17:32:06.094139 Epoch [079/200], Step [0062/0062], LR: 0.000335, Loss: 0.2385
Epoch: 79, Dataset: test, Dice: 0.9357, IoU: 0.8836
Epoch: 79, Dataset: val, Dice: 0.8960, IoU: 0.8310
### Best Model Saved (Dice improved from 0.8958 to 0.8960) ###
2026-09-18 17:32:29.248179 Epoch [080/200], Step [0062/0062], LR: 0.000331, Loss: 0.2325
Epoch: 80, Dataset: test, Dice: 0.9153, IoU: 0.8556
Epoch: 80, Dataset: val, Dice: 0.8771, IoU: 0.8064
2026-09-18 17:32:51.281704 Epoch [081/200], Step [0062/0062], LR: 0.000328, Loss: 0.2330
Epoch: 81, Dataset: test, Dice: 0.9072, IoU: 0.8492
Epoch: 81, Dataset: val, Dice: 0.8842, IoU: 0.8128
2026-09-18 17:33:13.718199 Epoch [082/200], Step [0062/0062], LR: 0.000324, Loss: 0.2468
Epoch: 82, Dataset: test, Dice: 0.9157, IoU: 0.8514
Epoch: 82, Dataset: val, Dice: 0.8650, IoU: 0.7905
2026-09-18 17:33:38.395555 Epoch [083/200], Step [0062/0062], LR: 0.000320, Loss: 0.2275
Epoch: 83, Dataset: test, Dice: 0.9283, IoU: 0.8720
Epoch: 83, Dataset: val, Dice: 0.8716, IoU: 0.8022
2026-09-18 17:34:05.094622 Epoch [084/200], Step [0062/0062], LR: 0.000316, Loss: 0.2301
Epoch: 84, Dataset: test, Dice: 0.9274, IoU: 0.8715
Epoch: 84, Dataset: val, Dice: 0.8955, IoU: 0.8293
2026-09-18 17:34:27.382308 Epoch [085/200], Step [0062/0062], LR: 0.000313, Loss: 0.2288
Epoch: 85, Dataset: test, Dice: 0.9194, IoU: 0.8614
Epoch: 85, Dataset: val, Dice: 0.8891, IoU: 0.8196
2026-09-18 17:34:50.361701 Epoch [086/200], Step [0062/0062], LR: 0.000309, Loss: 0.2296
Epoch: 86, Dataset: test, Dice: 0.9346, IoU: 0.8822
Epoch: 86, Dataset: val, Dice: 0.8860, IoU: 0.8192
2026-09-18 17:35:14.293474 Epoch [087/200], Step [0062/0062], LR: 0.000305, Loss: 0.2203
Epoch: 87, Dataset: test, Dice: 0.9345, IoU: 0.8804
Epoch: 87, Dataset: val, Dice: 0.8900, IoU: 0.8235
2026-09-18 17:35:38.978849 Epoch [088/200], Step [0062/0062], LR: 0.000301, Loss: 0.2286
Epoch: 88, Dataset: test, Dice: 0.9206, IoU: 0.8621
Epoch: 88, Dataset: val, Dice: 0.8883, IoU: 0.8214
2026-09-18 17:36:07.068050 Epoch [089/200], Step [0062/0062], LR: 0.000297, Loss: 0.2168
Epoch: 89, Dataset: test, Dice: 0.9230, IoU: 0.8652
Epoch: 89, Dataset: val, Dice: 0.8721, IoU: 0.7982
2026-09-18 17:36:30.605903 Epoch [090/200], Step [0062/0062], LR: 0.000293, Loss: 0.2185
Epoch: 90, Dataset: test, Dice: 0.9373, IoU: 0.8869
Epoch: 90, Dataset: val, Dice: 0.8881, IoU: 0.8233
2026-09-18 17:36:53.471489 Epoch [091/200], Step [0062/0062], LR: 0.000290, Loss: 0.2196
Epoch: 91, Dataset: test, Dice: 0.9315, IoU: 0.8787
Epoch: 91, Dataset: val, Dice: 0.8908, IoU: 0.8267
2026-09-18 17:37:18.513259 Epoch [092/200], Step [0062/0062], LR: 0.000286, Loss: 0.2201
Epoch: 92, Dataset: test, Dice: 0.9144, IoU: 0.8558
Epoch: 92, Dataset: val, Dice: 0.8880, IoU: 0.8201
2026-09-18 17:37:45.762003 Epoch [093/200], Step [0062/0062], LR: 0.000282, Loss: 0.2270
Epoch: 93, Dataset: test, Dice: 0.9272, IoU: 0.8705
Epoch: 93, Dataset: val, Dice: 0.8904, IoU: 0.8236
2026-09-18 17:38:08.712035 Epoch [094/200], Step [0062/0062], LR: 0.000278, Loss: 0.2173
Epoch: 94, Dataset: test, Dice: 0.9272, IoU: 0.8702
Epoch: 94, Dataset: val, Dice: 0.8892, IoU: 0.8207
2026-09-18 17:38:31.233044 Epoch [095/200], Step [0062/0062], LR: 0.000274, Loss: 0.2116
Epoch: 95, Dataset: test, Dice: 0.9312, IoU: 0.8790
Epoch: 95, Dataset: val, Dice: 0.8969, IoU: 0.8357
### Best Model Saved (Dice improved from 0.8960 to 0.8969) ###
2026-09-18 17:38:53.846697 Epoch [096/200], Step [0062/0062], LR: 0.000270, Loss: 0.2099
Epoch: 96, Dataset: test, Dice: 0.9270, IoU: 0.8736
Epoch: 96, Dataset: val, Dice: 0.8931, IoU: 0.8301
2026-09-18 17:39:17.928514 Epoch [097/200], Step [0062/0062], LR: 0.000266, Loss: 0.2185
Epoch: 97, Dataset: test, Dice: 0.9284, IoU: 0.8739
Epoch: 97, Dataset: val, Dice: 0.8935, IoU: 0.8278
2026-09-18 17:39:47.023098 Epoch [098/200], Step [0062/0062], LR: 0.000262, Loss: 0.2210
Epoch: 98, Dataset: test, Dice: 0.9204, IoU: 0.8620
Epoch: 98, Dataset: val, Dice: 0.8853, IoU: 0.8190
2026-09-18 17:40:12.807324 Epoch [099/200], Step [0062/0062], LR: 0.000258, Loss: 0.2148
Epoch: 99, Dataset: test, Dice: 0.9291, IoU: 0.8740
Epoch: 99, Dataset: val, Dice: 0.8827, IoU: 0.8144
2026-09-18 17:40:35.799374 Epoch [100/200], Step [0062/0062], LR: 0.000254, Loss: 0.2119
Epoch: 100, Dataset: test, Dice: 0.9277, IoU: 0.8717
Epoch: 100, Dataset: val, Dice: 0.8772, IoU: 0.8083
2026-09-18 17:40:57.943818 Epoch [101/200], Step [0062/0062], LR: 0.000250, Loss: 0.2009
Epoch: 101, Dataset: test, Dice: 0.9244, IoU: 0.8681
Epoch: 101, Dataset: val, Dice: 0.8926, IoU: 0.8281
2026-09-18 17:41:22.599964 Epoch [102/200], Step [0062/0062], LR: 0.000247, Loss: 0.2113
Epoch: 102, Dataset: test, Dice: 0.9284, IoU: 0.8734
Epoch: 102, Dataset: val, Dice: 0.8926, IoU: 0.8292
2026-09-18 17:41:49.959950 Epoch [103/200], Step [0062/0062], LR: 0.000243, Loss: 0.2043
Epoch: 103, Dataset: test, Dice: 0.9277, IoU: 0.8746
Epoch: 103, Dataset: val, Dice: 0.8969, IoU: 0.8359
### Best Model Saved (Dice improved from 0.8969 to 0.8969) ###
2026-09-18 17:42:12.367935 Epoch [104/200], Step [0062/0062], LR: 0.000239, Loss: 0.2074
Epoch: 104, Dataset: test, Dice: 0.9281, IoU: 0.8739
Epoch: 104, Dataset: val, Dice: 0.9035, IoU: 0.8434
### Best Model Saved (Dice improved from 0.8969 to 0.9035) ###
2026-09-18 17:42:34.781911 Epoch [105/200], Step [0062/0062], LR: 0.000235, Loss: 0.2178
Epoch: 105, Dataset: test, Dice: 0.9232, IoU: 0.8678
Epoch: 105, Dataset: val, Dice: 0.8957, IoU: 0.8317
2026-09-18 17:42:57.024008 Epoch [106/200], Step [0062/0062], LR: 0.000231, Loss: 0.2113
Epoch: 106, Dataset: test, Dice: 0.9180, IoU: 0.8600
Epoch: 106, Dataset: val, Dice: 0.9004, IoU: 0.8384
2026-09-18 17:43:21.937713 Epoch [107/200], Step [0062/0062], LR: 0.000227, Loss: 0.2088
Epoch: 107, Dataset: test, Dice: 0.9373, IoU: 0.8849
Epoch: 107, Dataset: val, Dice: 0.9047, IoU: 0.8453
### Best Model Saved (Dice improved from 0.9035 to 0.9047) ###
2026-09-18 17:43:50.500187 Epoch [108/200], Step [0062/0062], LR: 0.000223, Loss: 0.2054
Epoch: 108, Dataset: test, Dice: 0.9357, IoU: 0.8836
Epoch: 108, Dataset: val, Dice: 0.8851, IoU: 0.8185
2026-09-18 17:44:14.589208 Epoch [109/200], Step [0062/0062], LR: 0.000219, Loss: 0.1984
Epoch: 109, Dataset: test, Dice: 0.9342, IoU: 0.8813
Epoch: 109, Dataset: val, Dice: 0.9033, IoU: 0.8432
2026-09-18 17:44:36.570337 Epoch [110/200], Step [0062/0062], LR: 0.000215, Loss: 0.2061
Epoch: 110, Dataset: test, Dice: 0.9306, IoU: 0.8770
Epoch: 110, Dataset: val, Dice: 0.8966, IoU: 0.8341
2026-09-18 17:44:58.821435 Epoch [111/200], Step [0062/0062], LR: 0.000211, Loss: 0.2050
Epoch: 111, Dataset: test, Dice: 0.9340, IoU: 0.8820
Epoch: 111, Dataset: val, Dice: 0.8976, IoU: 0.8348
2026-09-18 17:45:21.223562 Epoch [112/200], Step [0062/0062], LR: 0.000208, Loss: 0.1954
Epoch: 112, Dataset: test, Dice: 0.9298, IoU: 0.8763
Epoch: 112, Dataset: val, Dice: 0.8853, IoU: 0.8225
2026-09-18 17:45:43.978287 Epoch [113/200], Step [0062/0062], LR: 0.000204, Loss: 0.1986
Epoch: 113, Dataset: test, Dice: 0.9366, IoU: 0.8851
Epoch: 113, Dataset: val, Dice: 0.8968, IoU: 0.8367
2026-09-18 17:46:06.266883 Epoch [114/200], Step [0062/0062], LR: 0.000200, Loss: 0.1958
Epoch: 114, Dataset: test, Dice: 0.9348, IoU: 0.8813
Epoch: 114, Dataset: val, Dice: 0.8840, IoU: 0.8207
2026-09-18 17:46:28.448341 Epoch [115/200], Step [0062/0062], LR: 0.000196, Loss: 0.2146
Epoch: 115, Dataset: test, Dice: 0.9272, IoU: 0.8718
Epoch: 115, Dataset: val, Dice: 0.8957, IoU: 0.8304
2026-09-18 17:46:50.830515 Epoch [116/200], Step [0062/0062], LR: 0.000192, Loss: 0.2014
Epoch: 116, Dataset: test, Dice: 0.9276, IoU: 0.8699
Epoch: 116, Dataset: val, Dice: 0.8932, IoU: 0.8298
2026-09-18 17:47:13.033339 Epoch [117/200], Step [0062/0062], LR: 0.000188, Loss: 0.2047
Epoch: 117, Dataset: test, Dice: 0.9241, IoU: 0.8677
Epoch: 117, Dataset: val, Dice: 0.8927, IoU: 0.8273
2026-09-18 17:47:35.234945 Epoch [118/200], Step [0062/0062], LR: 0.000185, Loss: 0.2038
Epoch: 118, Dataset: test, Dice: 0.9344, IoU: 0.8837
Epoch: 118, Dataset: val, Dice: 0.9030, IoU: 0.8423
2026-09-18 17:47:57.499512 Epoch [119/200], Step [0062/0062], LR: 0.000181, Loss: 0.1884
Epoch: 119, Dataset: test, Dice: 0.9277, IoU: 0.8722
Epoch: 119, Dataset: val, Dice: 0.8947, IoU: 0.8312
2026-09-18 17:48:19.685310 Epoch [120/200], Step [0062/0062], LR: 0.000177, Loss: 0.1911
Epoch: 120, Dataset: test, Dice: 0.9246, IoU: 0.8678
Epoch: 120, Dataset: val, Dice: 0.9089, IoU: 0.8506
### Best Model Saved (Dice improved from 0.9047 to 0.9089) ###
2026-09-18 17:48:42.255712 Epoch [121/200], Step [0062/0062], LR: 0.000173, Loss: 0.1920
Epoch: 121, Dataset: test, Dice: 0.9280, IoU: 0.8728
Epoch: 121, Dataset: val, Dice: 0.9046, IoU: 0.8420
2026-09-18 17:49:04.660617 Epoch [122/200], Step [0062/0062], LR: 0.000170, Loss: 0.1938
Epoch: 122, Dataset: test, Dice: 0.9323, IoU: 0.8784
Epoch: 122, Dataset: val, Dice: 0.8981, IoU: 0.8375
2026-09-18 17:49:27.360413 Epoch [123/200], Step [0062/0062], LR: 0.000166, Loss: 0.1908
Epoch: 123, Dataset: test, Dice: 0.9330, IoU: 0.8812
Epoch: 123, Dataset: val, Dice: 0.8968, IoU: 0.8318
2026-09-18 17:49:49.937231 Epoch [124/200], Step [0062/0062], LR: 0.000162, Loss: 0.1964
Epoch: 124, Dataset: test, Dice: 0.9212, IoU: 0.8642
Epoch: 124, Dataset: val, Dice: 0.8977, IoU: 0.8348
2026-09-18 17:50:12.194250 Epoch [125/200], Step [0062/0062], LR: 0.000159, Loss: 0.1853
Epoch: 125, Dataset: test, Dice: 0.9325, IoU: 0.8801
Epoch: 125, Dataset: val, Dice: 0.9020, IoU: 0.8403
2026-09-18 17:50:34.268058 Epoch [126/200], Step [0062/0062], LR: 0.000155, Loss: 0.1914
Epoch: 126, Dataset: test, Dice: 0.9171, IoU: 0.8606
Epoch: 126, Dataset: val, Dice: 0.8851, IoU: 0.8174
2026-09-18 17:50:56.537679 Epoch [127/200], Step [0062/0062], LR: 0.000151, Loss: 0.1871
Epoch: 127, Dataset: test, Dice: 0.9204, IoU: 0.8653
Epoch: 127, Dataset: val, Dice: 0.9034, IoU: 0.8435
2026-09-18 17:51:18.553871 Epoch [128/200], Step [0062/0062], LR: 0.000148, Loss: 0.1798
Epoch: 128, Dataset: test, Dice: 0.9342, IoU: 0.8823
Epoch: 128, Dataset: val, Dice: 0.9021, IoU: 0.8392
2026-09-18 17:51:40.676846 Epoch [129/200], Step [0062/0062], LR: 0.000144, Loss: 0.1929
Epoch: 129, Dataset: test, Dice: 0.9335, IoU: 0.8813
Epoch: 129, Dataset: val, Dice: 0.9029, IoU: 0.8424
2026-09-18 17:52:03.188571 Epoch [130/200], Step [0062/0062], LR: 0.000141, Loss: 0.1867
Epoch: 130, Dataset: test, Dice: 0.9291, IoU: 0.8755
Epoch: 130, Dataset: val, Dice: 0.9053, IoU: 0.8437
2026-09-18 17:52:25.623943 Epoch [131/200], Step [0062/0062], LR: 0.000137, Loss: 0.1921
Epoch: 131, Dataset: test, Dice: 0.9338, IoU: 0.8826
Epoch: 131, Dataset: val, Dice: 0.8937, IoU: 0.8288
2026-09-18 17:52:47.943985 Epoch [132/200], Step [0062/0062], LR: 0.000134, Loss: 0.1895
Epoch: 132, Dataset: test, Dice: 0.9388, IoU: 0.8882
Epoch: 132, Dataset: val, Dice: 0.9015, IoU: 0.8396
2026-09-18 17:53:10.969218 Epoch [133/200], Step [0062/0062], LR: 0.000130, Loss: 0.1851
Epoch: 133, Dataset: test, Dice: 0.9384, IoU: 0.8886
Epoch: 133, Dataset: val, Dice: 0.8964, IoU: 0.8329
2026-09-18 17:53:33.899134 Epoch [134/200], Step [0062/0062], LR: 0.000127, Loss: 0.1861
Epoch: 134, Dataset: test, Dice: 0.9370, IoU: 0.8869
Epoch: 134, Dataset: val, Dice: 0.9051, IoU: 0.8439
2026-09-18 17:53:56.705507 Epoch [135/200], Step [0062/0062], LR: 0.000123, Loss: 0.1880
Epoch: 135, Dataset: test, Dice: 0.9348, IoU: 0.8821
Epoch: 135, Dataset: val, Dice: 0.9078, IoU: 0.8481
2026-09-18 17:54:19.479633 Epoch [136/200], Step [0062/0062], LR: 0.000120, Loss: 0.1800
Epoch: 136, Dataset: test, Dice: 0.9379, IoU: 0.8877
Epoch: 136, Dataset: val, Dice: 0.8886, IoU: 0.8251
2026-09-18 17:54:42.290622 Epoch [137/200], Step [0062/0062], LR: 0.000117, Loss: 0.1793
Epoch: 137, Dataset: test, Dice: 0.9392, IoU: 0.8893
Epoch: 137, Dataset: val, Dice: 0.9033, IoU: 0.8426
2026-09-18 17:55:05.003999 Epoch [138/200], Step [0062/0062], LR: 0.000114, Loss: 0.1739
Epoch: 138, Dataset: test, Dice: 0.9365, IoU: 0.8854
Epoch: 138, Dataset: val, Dice: 0.8900, IoU: 0.8251
2026-09-18 17:55:27.933964 Epoch [139/200], Step [0062/0062], LR: 0.000110, Loss: 0.1829
Epoch: 139, Dataset: test, Dice: 0.9367, IoU: 0.8862
Epoch: 139, Dataset: val, Dice: 0.8863, IoU: 0.8207
2026-09-18 17:55:51.037440 Epoch [140/200], Step [0062/0062], LR: 0.000107, Loss: 0.1883
Epoch: 140, Dataset: test, Dice: 0.9370, IoU: 0.8863
Epoch: 140, Dataset: val, Dice: 0.8866, IoU: 0.8210
2026-09-18 17:56:13.983510 Epoch [141/200], Step [0062/0062], LR: 0.000104, Loss: 0.1779
Epoch: 141, Dataset: test, Dice: 0.9380, IoU: 0.8894
Epoch: 141, Dataset: val, Dice: 0.8990, IoU: 0.8356
2026-09-18 17:56:36.679250 Epoch [142/200], Step [0062/0062], LR: 0.000101, Loss: 0.1832
Epoch: 142, Dataset: test, Dice: 0.9408, IoU: 0.8929
Epoch: 142, Dataset: val, Dice: 0.8949, IoU: 0.8318
2026-09-18 17:56:59.491308 Epoch [143/200], Step [0062/0062], LR: 0.000098, Loss: 0.1858
Epoch: 143, Dataset: test, Dice: 0.9377, IoU: 0.8874
Epoch: 143, Dataset: val, Dice: 0.9015, IoU: 0.8398
2026-09-18 17:57:22.283053 Epoch [144/200], Step [0062/0062], LR: 0.000095, Loss: 0.1806
Epoch: 144, Dataset: test, Dice: 0.9380, IoU: 0.8884
Epoch: 144, Dataset: val, Dice: 0.8869, IoU: 0.8228
2026-09-18 17:57:45.311907 Epoch [145/200], Step [0062/0062], LR: 0.000091, Loss: 0.1768
Epoch: 145, Dataset: test, Dice: 0.9351, IoU: 0.8845
Epoch: 145, Dataset: val, Dice: 0.8999, IoU: 0.8362
2026-09-18 17:58:08.744789 Epoch [146/200], Step [0062/0062], LR: 0.000088, Loss: 0.1889
Epoch: 146, Dataset: test, Dice: 0.9310, IoU: 0.8763
Epoch: 146, Dataset: val, Dice: 0.9010, IoU: 0.8397
2026-09-18 17:58:31.724599 Epoch [147/200], Step [0062/0062], LR: 0.000086, Loss: 0.1799
Epoch: 147, Dataset: test, Dice: 0.9336, IoU: 0.8814
Epoch: 147, Dataset: val, Dice: 0.9034, IoU: 0.8425
2026-09-18 17:58:54.813684 Epoch [148/200], Step [0062/0062], LR: 0.000083, Loss: 0.1746
Epoch: 148, Dataset: test, Dice: 0.9375, IoU: 0.8866
Epoch: 148, Dataset: val, Dice: 0.9067, IoU: 0.8460
2026-09-18 17:59:17.892097 Epoch [149/200], Step [0062/0062], LR: 0.000080, Loss: 0.1838
Epoch: 149, Dataset: test, Dice: 0.9365, IoU: 0.8863
Epoch: 149, Dataset: val, Dice: 0.9032, IoU: 0.8403
2026-09-18 17:59:41.145903 Epoch [150/200], Step [0062/0062], LR: 0.000077, Loss: 0.1808
Epoch: 150, Dataset: test, Dice: 0.9340, IoU: 0.8822
Epoch: 150, Dataset: val, Dice: 0.8919, IoU: 0.8275
2026-09-18 18:00:04.096543 Epoch [151/200], Step [0062/0062], LR: 0.000074, Loss: 0.1776
Epoch: 151, Dataset: test, Dice: 0.9347, IoU: 0.8836
Epoch: 151, Dataset: val, Dice: 0.9066, IoU: 0.8461
2026-09-18 18:00:27.193944 Epoch [152/200], Step [0062/0062], LR: 0.000071, Loss: 0.1700
Epoch: 152, Dataset: test, Dice: 0.9373, IoU: 0.8866
Epoch: 152, Dataset: val, Dice: 0.9046, IoU: 0.8453
2026-09-18 18:00:50.122769 Epoch [153/200], Step [0062/0062], LR: 0.000069, Loss: 0.1707
Epoch: 153, Dataset: test, Dice: 0.9398, IoU: 0.8903
Epoch: 153, Dataset: val, Dice: 0.9058, IoU: 0.8460
2026-09-18 18:01:13.491577 Epoch [154/200], Step [0062/0062], LR: 0.000066, Loss: 0.1735
Epoch: 154, Dataset: test, Dice: 0.9420, IoU: 0.8939
Epoch: 154, Dataset: val, Dice: 0.9005, IoU: 0.8374
2026-09-18 18:01:36.232216 Epoch [155/200], Step [0062/0062], LR: 0.000063, Loss: 0.1704
Epoch: 155, Dataset: test, Dice: 0.9320, IoU: 0.8791
Epoch: 155, Dataset: val, Dice: 0.8979, IoU: 0.8363
2026-09-18 18:01:59.286085 Epoch [156/200], Step [0062/0062], LR: 0.000061, Loss: 0.1805
Epoch: 156, Dataset: test, Dice: 0.9367, IoU: 0.8862
Epoch: 156, Dataset: val, Dice: 0.9051, IoU: 0.8434
2026-09-18 18:02:23.595434 Epoch [157/200], Step [0062/0062], LR: 0.000058, Loss: 0.1771
Epoch: 157, Dataset: test, Dice: 0.9407, IoU: 0.8916
Epoch: 157, Dataset: val, Dice: 0.9038, IoU: 0.8434
2026-09-18 18:02:47.280207 Epoch [158/200], Step [0062/0062], LR: 0.000056, Loss: 0.1826
Epoch: 158, Dataset: test, Dice: 0.9339, IoU: 0.8817
Epoch: 158, Dataset: val, Dice: 0.8981, IoU: 0.8343
2026-09-18 18:03:10.619452 Epoch [159/200], Step [0062/0062], LR: 0.000053, Loss: 0.1731
Epoch: 159, Dataset: test, Dice: 0.9361, IoU: 0.8859
Epoch: 159, Dataset: val, Dice: 0.9010, IoU: 0.8375
2026-09-18 18:03:34.035656 Epoch [160/200], Step [0062/0062], LR: 0.000051, Loss: 0.1704
Epoch: 160, Dataset: test, Dice: 0.9379, IoU: 0.8875
Epoch: 160, Dataset: val, Dice: 0.8938, IoU: 0.8302
2026-09-18 18:03:57.535260 Epoch [161/200], Step [0062/0062], LR: 0.000049, Loss: 0.1721
Epoch: 161, Dataset: test, Dice: 0.9368, IoU: 0.8865
Epoch: 161, Dataset: val, Dice: 0.9002, IoU: 0.8366
2026-09-18 18:04:21.009689 Epoch [162/200], Step [0062/0062], LR: 0.000046, Loss: 0.1763
Epoch: 162, Dataset: test, Dice: 0.9350, IoU: 0.8840
Epoch: 162, Dataset: val, Dice: 0.9003, IoU: 0.8387
2026-09-18 18:04:44.406803 Epoch [163/200], Step [0062/0062], LR: 0.000044, Loss: 0.1689
Epoch: 163, Dataset: test, Dice: 0.9392, IoU: 0.8899
Epoch: 163, Dataset: val, Dice: 0.9049, IoU: 0.8444
2026-09-18 18:05:07.975609 Epoch [164/200], Step [0062/0062], LR: 0.000042, Loss: 0.1725
Epoch: 164, Dataset: test, Dice: 0.9380, IoU: 0.8877
Epoch: 164, Dataset: val, Dice: 0.9048, IoU: 0.8435
2026-09-18 18:05:31.260610 Epoch [165/200], Step [0062/0062], LR: 0.000040, Loss: 0.1704
Epoch: 165, Dataset: test, Dice: 0.9362, IoU: 0.8851
Epoch: 165, Dataset: val, Dice: 0.8962, IoU: 0.8350
2026-09-18 18:05:54.421991 Epoch [166/200], Step [0062/0062], LR: 0.000038, Loss: 0.1694
Epoch: 166, Dataset: test, Dice: 0.9334, IoU: 0.8814
Epoch: 166, Dataset: val, Dice: 0.9042, IoU: 0.8437
2026-09-18 18:06:17.905750 Epoch [167/200], Step [0062/0062], LR: 0.000036, Loss: 0.1681
Epoch: 167, Dataset: test, Dice: 0.9343, IoU: 0.8834
Epoch: 167, Dataset: val, Dice: 0.9014, IoU: 0.8384
2026-09-18 18:06:40.852574 Epoch [168/200], Step [0062/0062], LR: 0.000034, Loss: 0.1690
Epoch: 168, Dataset: test, Dice: 0.9384, IoU: 0.8883
Epoch: 168, Dataset: val, Dice: 0.9084, IoU: 0.8490
2026-09-18 18:07:04.342634 Epoch [169/200], Step [0062/0062], LR: 0.000032, Loss: 0.1788
Epoch: 169, Dataset: test, Dice: 0.9373, IoU: 0.8869
Epoch: 169, Dataset: val, Dice: 0.9084, IoU: 0.8499
2026-09-18 18:07:27.726166 Epoch [170/200], Step [0062/0062], LR: 0.000030, Loss: 0.1620
Epoch: 170, Dataset: test, Dice: 0.9391, IoU: 0.8895
Epoch: 170, Dataset: val, Dice: 0.9045, IoU: 0.8445
2026-09-18 18:07:50.853523 Epoch [171/200], Step [0062/0062], LR: 0.000028, Loss: 0.3036
Epoch: 171, Dataset: test, Dice: 0.9334, IoU: 0.8816
Epoch: 171, Dataset: val, Dice: 0.8984, IoU: 0.8371
2026-09-18 18:08:14.238888 Epoch [172/200], Step [0062/0062], LR: 0.000026, Loss: 0.1715
Epoch: 172, Dataset: test, Dice: 0.9338, IoU: 0.8817
Epoch: 172, Dataset: val, Dice: 0.9017, IoU: 0.8393
2026-09-18 18:08:37.493691 Epoch [173/200], Step [0062/0062], LR: 0.000025, Loss: 0.1721
Epoch: 173, Dataset: test, Dice: 0.9351, IoU: 0.8843
Epoch: 173, Dataset: val, Dice: 0.9045, IoU: 0.8429
2026-09-18 18:09:00.507748 Epoch [174/200], Step [0062/0062], LR: 0.000023, Loss: 0.1594
Epoch: 174, Dataset: test, Dice: 0.9415, IoU: 0.8933
Epoch: 174, Dataset: val, Dice: 0.9015, IoU: 0.8396
2026-09-18 18:09:23.220525 Epoch [175/200], Step [0062/0062], LR: 0.000022, Loss: 0.1772
Epoch: 175, Dataset: test, Dice: 0.9395, IoU: 0.8894
Epoch: 175, Dataset: val, Dice: 0.9042, IoU: 0.8436
2026-09-18 18:09:45.745206 Epoch [176/200], Step [0062/0062], LR: 0.000020, Loss: 0.1654
Epoch: 176, Dataset: test, Dice: 0.9408, IoU: 0.8916
Epoch: 176, Dataset: val, Dice: 0.8990, IoU: 0.8374
2026-09-18 18:10:08.614371 Epoch [177/200], Step [0062/0062], LR: 0.000019, Loss: 0.1677
Epoch: 177, Dataset: test, Dice: 0.9369, IoU: 0.8871
Epoch: 177, Dataset: val, Dice: 0.9089, IoU: 0.8495
### Best Model Saved (Dice improved from 0.9089 to 0.9089) ###
2026-09-18 18:10:31.232451 Epoch [178/200], Step [0062/0062], LR: 0.000017, Loss: 0.1667
Epoch: 178, Dataset: test, Dice: 0.9377, IoU: 0.8873
Epoch: 178, Dataset: val, Dice: 0.9078, IoU: 0.8480
2026-09-18 18:10:53.769557 Epoch [179/200], Step [0062/0062], LR: 0.000016, Loss: 0.1688
Epoch: 179, Dataset: test, Dice: 0.9300, IoU: 0.8787
Epoch: 179, Dataset: val, Dice: 0.8980, IoU: 0.8352
2026-09-18 18:11:16.365603 Epoch [180/200], Step [0062/0062], LR: 0.000014, Loss: 0.1714
Epoch: 180, Dataset: test, Dice: 0.9390, IoU: 0.8893
Epoch: 180, Dataset: val, Dice: 0.8922, IoU: 0.8283
2026-09-18 18:11:38.980625 Epoch [181/200], Step [0062/0062], LR: 0.000013, Loss: 0.1644
Epoch: 181, Dataset: test, Dice: 0.9391, IoU: 0.8890
Epoch: 181, Dataset: val, Dice: 0.9011, IoU: 0.8396
2026-09-18 18:12:01.436497 Epoch [182/200], Step [0062/0062], LR: 0.000012, Loss: 0.1631
Epoch: 182, Dataset: test, Dice: 0.9346, IoU: 0.8820
Epoch: 182, Dataset: val, Dice: 0.9071, IoU: 0.8477
2026-09-18 18:12:23.861441 Epoch [183/200], Step [0062/0062], LR: 0.000011, Loss: 0.1637
Epoch: 183, Dataset: test, Dice: 0.9320, IoU: 0.8804
Epoch: 183, Dataset: val, Dice: 0.8976, IoU: 0.8364
2026-09-18 18:12:46.242211 Epoch [184/200], Step [0062/0062], LR: 0.000010, Loss: 0.1676
Epoch: 184, Dataset: test, Dice: 0.9373, IoU: 0.8867
Epoch: 184, Dataset: val, Dice: 0.9029, IoU: 0.8423
2026-09-18 18:13:08.233431 Epoch [185/200], Step [0062/0062], LR: 0.000009, Loss: 0.1854
Epoch: 185, Dataset: test, Dice: 0.9358, IoU: 0.8847
Epoch: 185, Dataset: val, Dice: 0.8999, IoU: 0.8408
2026-09-18 18:13:30.454932 Epoch [186/200], Step [0062/0062], LR: 0.000008, Loss: 0.1670
Epoch: 186, Dataset: test, Dice: 0.9379, IoU: 0.8872
Epoch: 186, Dataset: val, Dice: 0.8967, IoU: 0.8375
2026-09-18 18:13:52.715817 Epoch [187/200], Step [0062/0062], LR: 0.000007, Loss: 0.1677
Epoch: 187, Dataset: test, Dice: 0.9374, IoU: 0.8871
Epoch: 187, Dataset: val, Dice: 0.9059, IoU: 0.8462
2026-09-18 18:14:14.518734 Epoch [188/200], Step [0062/0062], LR: 0.000006, Loss: 0.1777
Epoch: 188, Dataset: test, Dice: 0.9378, IoU: 0.8869
Epoch: 188, Dataset: val, Dice: 0.9028, IoU: 0.8426
2026-09-18 18:14:37.128122 Epoch [189/200], Step [0062/0062], LR: 0.000005, Loss: 0.1634
Epoch: 189, Dataset: test, Dice: 0.9388, IoU: 0.8897
Epoch: 189, Dataset: val, Dice: 0.9060, IoU: 0.8455
2026-09-18 18:14:59.162451 Epoch [190/200], Step [0062/0062], LR: 0.000005, Loss: 0.1661
Epoch: 190, Dataset: test, Dice: 0.9360, IoU: 0.8844
Epoch: 190, Dataset: val, Dice: 0.8979, IoU: 0.8380
2026-09-18 18:15:21.526473 Epoch [191/200], Step [0062/0062], LR: 0.000004, Loss: 0.1749
Epoch: 191, Dataset: test, Dice: 0.9378, IoU: 0.8868
Epoch: 191, Dataset: val, Dice: 0.8987, IoU: 0.8386
2026-09-18 18:15:43.864886 Epoch [192/200], Step [0062/0062], LR: 0.000003, Loss: 0.1688
Epoch: 192, Dataset: test, Dice: 0.9350, IoU: 0.8834
Epoch: 192, Dataset: val, Dice: 0.9051, IoU: 0.8450
2026-09-18 18:16:06.641729 Epoch [193/200], Step [0062/0062], LR: 0.000003, Loss: 0.1631
Epoch: 193, Dataset: test, Dice: 0.9334, IoU: 0.8813
Epoch: 193, Dataset: val, Dice: 0.8995, IoU: 0.8378
2026-09-18 18:16:29.157791 Epoch [194/200], Step [0062/0062], LR: 0.000003, Loss: 0.1668
Epoch: 194, Dataset: test, Dice: 0.9379, IoU: 0.8886
Epoch: 194, Dataset: val, Dice: 0.8979, IoU: 0.8376
2026-09-18 18:16:53.323576 Epoch [195/200], Step [0062/0062], LR: 0.000002, Loss: 0.1610
Epoch: 195, Dataset: test, Dice: 0.9364, IoU: 0.8864
Epoch: 195, Dataset: val, Dice: 0.8971, IoU: 0.8336
2026-09-18 18:17:15.767150 Epoch [196/200], Step [0062/0062], LR: 0.000002, Loss: 0.1687
Epoch: 196, Dataset: test, Dice: 0.9390, IoU: 0.8892
Epoch: 196, Dataset: val, Dice: 0.8909, IoU: 0.8270
2026-09-18 18:17:38.101106 Epoch [197/200], Step [0062/0062], LR: 0.000001, Loss: 0.1621
Epoch: 197, Dataset: test, Dice: 0.9354, IoU: 0.8840
Epoch: 197, Dataset: val, Dice: 0.9009, IoU: 0.8407
2026-09-18 18:18:00.460890 Epoch [198/200], Step [0062/0062], LR: 0.000001, Loss: 0.1649
Epoch: 198, Dataset: test, Dice: 0.9377, IoU: 0.8876
Epoch: 198, Dataset: val, Dice: 0.9062, IoU: 0.8458
2026-09-18 18:18:23.815773 Epoch [199/200], Step [0062/0062], LR: 0.000001, Loss: 0.1626
Epoch: 199, Dataset: test, Dice: 0.9345, IoU: 0.8837
Epoch: 199, Dataset: val, Dice: 0.9028, IoU: 0.8407
2026-09-18 18:18:46.737004 Epoch [200/200], Step [0062/0062], LR: 0.000001, Loss: 0.1654
Epoch: 200, Dataset: test, Dice: 0.9369, IoU: 0.8864
Epoch: 200, Dataset: val, Dice: 0.9063, IoU: 0.8462

========================================
FINAL RESULTS: ClinicDB_MK_UNet_bs8_lr0.0005_e200_augTrue_run1_t170213
Best Val Dice: 0.9089
Test Dice at Best Val: 0.9369
Total Train Time: 4227.88s
========================================
Network: MK_UNet | Channels: [16, 32, 64, 96, 160]
[INFO] Register count_convNd() for <class 'torch.nn.modules.conv.Conv2d'>.
[INFO] Register count_normalization() for <class 'torch.nn.modules.batchnorm.BatchNorm2d'>.
[INFO] Register zero_ops() for <class 'torch.nn.modules.activation.ReLU6'>.
[INFO] Register zero_ops() for <class 'torch.nn.modules.container.Sequential'>.
[INFO] Register zero_ops() for <class 'torch.nn.modules.activation.ReLU'>.
[INFO] Register count_adap_avgpool() for <class 'torch.nn.modules.pooling.AdaptiveAvgPool2d'>.
[INFO] Register zero_ops() for <class 'torch.nn.modules.pooling.AdaptiveMaxPool2d'>.
flops 0.619251354
params 0.315566
Total params: 0.32M
2026-09-18 18:19:13.656628 Epoch [001/200], Step [0062/0062], LR: 0.000500, Loss: 1.1478
Epoch: 1, Dataset: test, Dice: 0.4127, IoU: 0.2860
Epoch: 1, Dataset: val, Dice: 0.4067, IoU: 0.2772
### Best Model Saved (Dice improved from 0.0000 to 0.4067) ###
2026-09-18 18:19:38.111373 Epoch [002/200], Step [0062/0062], LR: 0.000500, Loss: 1.0284
Epoch: 2, Dataset: test, Dice: 0.2263, IoU: 0.1457
Epoch: 2, Dataset: val, Dice: 0.1708, IoU: 0.1026
2026-09-18 18:20:00.542185 Epoch [003/200], Step [0062/0062], LR: 0.000500, Loss: 0.9808
Epoch: 3, Dataset: test, Dice: 0.5519, IoU: 0.4109
Epoch: 3, Dataset: val, Dice: 0.4982, IoU: 0.3701
### Best Model Saved (Dice improved from 0.4067 to 0.4982) ###
2026-09-18 18:20:23.030266 Epoch [004/200], Step [0062/0062], LR: 0.000500, Loss: 0.9007
Epoch: 4, Dataset: test, Dice: 0.5089, IoU: 0.3776
Epoch: 4, Dataset: val, Dice: 0.5060, IoU: 0.3826
### Best Model Saved (Dice improved from 0.4982 to 0.5060) ###
2026-09-18 18:20:46.805396 Epoch [005/200], Step [0062/0062], LR: 0.000500, Loss: 0.9055
Epoch: 5, Dataset: test, Dice: 0.5759, IoU: 0.4546
Epoch: 5, Dataset: val, Dice: 0.5331, IoU: 0.4148
### Best Model Saved (Dice improved from 0.5060 to 0.5331) ###
2026-09-18 18:21:12.438429 Epoch [006/200], Step [0062/0062], LR: 0.000499, Loss: 0.8115
Epoch: 6, Dataset: test, Dice: 0.6650, IoU: 0.5515
Epoch: 6, Dataset: val, Dice: 0.6374, IoU: 0.5209
### Best Model Saved (Dice improved from 0.5331 to 0.6374) ###
2026-09-18 18:21:41.011547 Epoch [007/200], Step [0062/0062], LR: 0.000499, Loss: 0.7981
Epoch: 7, Dataset: test, Dice: 0.5962, IoU: 0.4613
Epoch: 7, Dataset: val, Dice: 0.5857, IoU: 0.4549
2026-09-18 18:22:03.083268 Epoch [008/200], Step [0062/0062], LR: 0.000498, Loss: 0.7628
Epoch: 8, Dataset: test, Dice: 0.6646, IoU: 0.5381
Epoch: 8, Dataset: val, Dice: 0.6203, IoU: 0.4975
2026-09-18 18:22:25.209020 Epoch [009/200], Step [0062/0062], LR: 0.000498, Loss: 0.7195
Epoch: 9, Dataset: test, Dice: 0.6829, IoU: 0.5665
Epoch: 9, Dataset: val, Dice: 0.6267, IoU: 0.5057
2026-09-18 18:22:46.995267 Epoch [010/200], Step [0062/0062], LR: 0.000498, Loss: 0.6906
Epoch: 10, Dataset: test, Dice: 0.7365, IoU: 0.6222
Epoch: 10, Dataset: val, Dice: 0.6808, IoU: 0.5653
### Best Model Saved (Dice improved from 0.6374 to 0.6808) ###
2026-09-18 18:23:08.889852 Epoch [011/200], Step [0062/0062], LR: 0.000497, Loss: 0.6702
Epoch: 11, Dataset: test, Dice: 0.6765, IoU: 0.5430
Epoch: 11, Dataset: val, Dice: 0.6713, IoU: 0.5462
2026-09-18 18:23:30.392242 Epoch [012/200], Step [0062/0062], LR: 0.000496, Loss: 0.6329
Epoch: 12, Dataset: test, Dice: 0.7978, IoU: 0.6890
Epoch: 12, Dataset: val, Dice: 0.7070, IoU: 0.5899
### Best Model Saved (Dice improved from 0.6808 to 0.7070) ###
2026-09-18 18:23:52.492231 Epoch [013/200], Step [0062/0062], LR: 0.000496, Loss: 0.5916
Epoch: 13, Dataset: test, Dice: 0.7523, IoU: 0.6441
Epoch: 13, Dataset: val, Dice: 0.6372, IoU: 0.5258
2026-09-18 18:24:14.382712 Epoch [014/200], Step [0062/0062], LR: 0.000495, Loss: 0.6081
Epoch: 14, Dataset: test, Dice: 0.7992, IoU: 0.7084
Epoch: 14, Dataset: val, Dice: 0.7192, IoU: 0.6068
### Best Model Saved (Dice improved from 0.7070 to 0.7192) ###
2026-09-18 18:24:37.100680 Epoch [015/200], Step [0062/0062], LR: 0.000494, Loss: 0.6012
Epoch: 15, Dataset: test, Dice: 0.8350, IoU: 0.7402
Epoch: 15, Dataset: val, Dice: 0.7478, IoU: 0.6419
### Best Model Saved (Dice improved from 0.7192 to 0.7478) ###
2026-09-18 18:24:58.882620 Epoch [016/200], Step [0062/0062], LR: 0.000493, Loss: 0.5441
Epoch: 16, Dataset: test, Dice: 0.7997, IoU: 0.6969
Epoch: 16, Dataset: val, Dice: 0.7402, IoU: 0.6265
2026-09-18 18:25:21.020732 Epoch [017/200], Step [0062/0062], LR: 0.000492, Loss: 0.5557
Epoch: 17, Dataset: test, Dice: 0.7984, IoU: 0.7045
Epoch: 17, Dataset: val, Dice: 0.7904, IoU: 0.6862
### Best Model Saved (Dice improved from 0.7478 to 0.7904) ###
2026-09-18 18:25:43.490544 Epoch [018/200], Step [0062/0062], LR: 0.000491, Loss: 0.5496
Epoch: 18, Dataset: test, Dice: 0.8184, IoU: 0.7209
Epoch: 18, Dataset: val, Dice: 0.7341, IoU: 0.6239
2026-09-18 18:26:05.668556 Epoch [019/200], Step [0062/0062], LR: 0.000490, Loss: 0.5137
Epoch: 19, Dataset: test, Dice: 0.7906, IoU: 0.6908
Epoch: 19, Dataset: val, Dice: 0.7455, IoU: 0.6354
2026-09-18 18:26:28.121680 Epoch [020/200], Step [0062/0062], LR: 0.000489, Loss: 0.5026
Epoch: 20, Dataset: test, Dice: 0.5361, IoU: 0.4151
Epoch: 20, Dataset: val, Dice: 0.5370, IoU: 0.4127
2026-09-18 18:26:50.316641 Epoch [021/200], Step [0062/0062], LR: 0.000488, Loss: 0.4945
Epoch: 21, Dataset: test, Dice: 0.8510, IoU: 0.7664
Epoch: 21, Dataset: val, Dice: 0.8095, IoU: 0.7145
### Best Model Saved (Dice improved from 0.7904 to 0.8095) ###
2026-09-18 18:27:12.831989 Epoch [022/200], Step [0062/0062], LR: 0.000487, Loss: 0.5187
Epoch: 22, Dataset: test, Dice: 0.8032, IoU: 0.7072
Epoch: 22, Dataset: val, Dice: 0.7468, IoU: 0.6419
2026-09-18 18:27:35.689192 Epoch [023/200], Step [0062/0062], LR: 0.000485, Loss: 0.4735
Epoch: 23, Dataset: test, Dice: 0.8449, IoU: 0.7563
Epoch: 23, Dataset: val, Dice: 0.7955, IoU: 0.6993
2026-09-18 18:27:58.462978 Epoch [024/200], Step [0062/0062], LR: 0.000484, Loss: 0.4827
Epoch: 24, Dataset: test, Dice: 0.8222, IoU: 0.7266
Epoch: 24, Dataset: val, Dice: 0.7471, IoU: 0.6344
2026-09-18 18:28:20.609205 Epoch [025/200], Step [0062/0062], LR: 0.000482, Loss: 0.4655
Epoch: 25, Dataset: test, Dice: 0.6811, IoU: 0.5607
Epoch: 25, Dataset: val, Dice: 0.6598, IoU: 0.5348
2026-09-18 18:28:44.665491 Epoch [026/200], Step [0062/0062], LR: 0.000481, Loss: 0.4799
Epoch: 26, Dataset: test, Dice: 0.8200, IoU: 0.7205
Epoch: 26, Dataset: val, Dice: 0.7453, IoU: 0.6304
2026-09-18 18:29:12.103517 Epoch [027/200], Step [0062/0062], LR: 0.000479, Loss: 0.4553
Epoch: 27, Dataset: test, Dice: 0.8280, IoU: 0.7422
Epoch: 27, Dataset: val, Dice: 0.7766, IoU: 0.6792
2026-09-18 18:29:35.205969 Epoch [028/200], Step [0062/0062], LR: 0.000478, Loss: 0.4295
Epoch: 28, Dataset: test, Dice: 0.8848, IoU: 0.8066
Epoch: 28, Dataset: val, Dice: 0.7957, IoU: 0.7078
2026-09-18 18:29:57.661628 Epoch [029/200], Step [0062/0062], LR: 0.000476, Loss: 0.4282
Epoch: 29, Dataset: test, Dice: 0.8455, IoU: 0.7596
Epoch: 29, Dataset: val, Dice: 0.8065, IoU: 0.7134
2026-09-18 18:30:20.863639 Epoch [030/200], Step [0062/0062], LR: 0.000475, Loss: 0.4487
Epoch: 30, Dataset: test, Dice: 0.8841, IoU: 0.8067
Epoch: 30, Dataset: val, Dice: 0.7968, IoU: 0.7019
2026-09-18 18:30:48.387446 Epoch [031/200], Step [0062/0062], LR: 0.000473, Loss: 0.4320
Epoch: 31, Dataset: test, Dice: 0.8914, IoU: 0.8137
Epoch: 31, Dataset: val, Dice: 0.8247, IoU: 0.7369
### Best Model Saved (Dice improved from 0.8095 to 0.8247) ###
2026-09-18 18:31:14.840907 Epoch [032/200], Step [0062/0062], LR: 0.000471, Loss: 0.4168
Epoch: 32, Dataset: test, Dice: 0.9058, IoU: 0.8363
Epoch: 32, Dataset: val, Dice: 0.8364, IoU: 0.7492
### Best Model Saved (Dice improved from 0.8247 to 0.8364) ###
2026-09-18 18:31:38.023854 Epoch [033/200], Step [0062/0062], LR: 0.000469, Loss: 0.4207
Epoch: 33, Dataset: test, Dice: 0.8635, IoU: 0.7850
Epoch: 33, Dataset: val, Dice: 0.8212, IoU: 0.7257
2026-09-18 18:32:00.421397 Epoch [034/200], Step [0062/0062], LR: 0.000467, Loss: 0.3922
Epoch: 34, Dataset: test, Dice: 0.8232, IoU: 0.7275
Epoch: 34, Dataset: val, Dice: 0.7609, IoU: 0.6532
2026-09-18 18:32:23.301837 Epoch [035/200], Step [0062/0062], LR: 0.000465, Loss: 0.3902
Epoch: 35, Dataset: test, Dice: 0.8683, IoU: 0.7894
Epoch: 35, Dataset: val, Dice: 0.7981, IoU: 0.7025
2026-09-18 18:32:47.891767 Epoch [036/200], Step [0062/0062], LR: 0.000463, Loss: 0.3833
Epoch: 36, Dataset: test, Dice: 0.8895, IoU: 0.8161
Epoch: 36, Dataset: val, Dice: 0.8084, IoU: 0.7180
2026-09-18 18:33:16.304964 Epoch [037/200], Step [0062/0062], LR: 0.000461, Loss: 0.3433
Epoch: 37, Dataset: test, Dice: 0.9228, IoU: 0.8629
Epoch: 37, Dataset: val, Dice: 0.8371, IoU: 0.7522
### Best Model Saved (Dice improved from 0.8364 to 0.8371) ###
2026-09-18 18:33:39.969745 Epoch [038/200], Step [0062/0062], LR: 0.000459, Loss: 0.3711
Epoch: 38, Dataset: test, Dice: 0.8454, IoU: 0.7653
Epoch: 38, Dataset: val, Dice: 0.8088, IoU: 0.7153
2026-09-18 18:34:02.513749 Epoch [039/200], Step [0062/0062], LR: 0.000457, Loss: 0.3968
Epoch: 39, Dataset: test, Dice: 0.9103, IoU: 0.8433
Epoch: 39, Dataset: val, Dice: 0.8387, IoU: 0.7522
### Best Model Saved (Dice improved from 0.8371 to 0.8387) ###
2026-09-18 18:34:25.025956 Epoch [040/200], Step [0062/0062], LR: 0.000455, Loss: 0.3675
Epoch: 40, Dataset: test, Dice: 0.8800, IoU: 0.8129
Epoch: 40, Dataset: val, Dice: 0.8419, IoU: 0.7582
### Best Model Saved (Dice improved from 0.8387 to 0.8419) ###
2026-09-18 18:34:47.098717 Epoch [041/200], Step [0062/0062], LR: 0.000452, Loss: 0.3520
Epoch: 41, Dataset: test, Dice: 0.8780, IoU: 0.7993
Epoch: 41, Dataset: val, Dice: 0.8313, IoU: 0.7467
2026-09-18 18:35:09.041079 Epoch [042/200], Step [0062/0062], LR: 0.000450, Loss: 0.3745
Epoch: 42, Dataset: test, Dice: 0.8773, IoU: 0.8076
Epoch: 42, Dataset: val, Dice: 0.8302, IoU: 0.7423
2026-09-18 18:35:31.790758 Epoch [043/200], Step [0062/0062], LR: 0.000448, Loss: 0.3395
Epoch: 43, Dataset: test, Dice: 0.8531, IoU: 0.7719
Epoch: 43, Dataset: val, Dice: 0.8110, IoU: 0.7127
2026-09-18 18:35:53.896402 Epoch [044/200], Step [0062/0062], LR: 0.000445, Loss: 0.3323
Epoch: 44, Dataset: test, Dice: 0.8922, IoU: 0.8223
Epoch: 44, Dataset: val, Dice: 0.8212, IoU: 0.7236
2026-09-18 18:36:16.139781 Epoch [045/200], Step [0062/0062], LR: 0.000443, Loss: 0.3420
Epoch: 45, Dataset: test, Dice: 0.8782, IoU: 0.8061
Epoch: 45, Dataset: val, Dice: 0.8153, IoU: 0.7272
2026-09-18 18:36:38.167867 Epoch [046/200], Step [0062/0062], LR: 0.000440, Loss: 0.3326
Epoch: 46, Dataset: test, Dice: 0.8873, IoU: 0.8135
Epoch: 46, Dataset: val, Dice: 0.7982, IoU: 0.6960
2026-09-18 18:37:00.477560 Epoch [047/200], Step [0062/0062], LR: 0.000438, Loss: 0.3285
Epoch: 47, Dataset: test, Dice: 0.8261, IoU: 0.7345
Epoch: 47, Dataset: val, Dice: 0.7788, IoU: 0.6744
2026-09-18 18:37:23.268358 Epoch [048/200], Step [0062/0062], LR: 0.000435, Loss: 0.3349
Epoch: 48, Dataset: test, Dice: 0.8793, IoU: 0.7997
Epoch: 48, Dataset: val, Dice: 0.8045, IoU: 0.7115
2026-09-18 18:37:45.188029 Epoch [049/200], Step [0062/0062], LR: 0.000432, Loss: 0.3455
Epoch: 49, Dataset: test, Dice: 0.9138, IoU: 0.8548
Epoch: 49, Dataset: val, Dice: 0.8464, IoU: 0.7623
### Best Model Saved (Dice improved from 0.8419 to 0.8464) ###
2026-09-18 18:38:07.320825 Epoch [050/200], Step [0062/0062], LR: 0.000430, Loss: 0.4028
Epoch: 50, Dataset: test, Dice: 0.8728, IoU: 0.7908
Epoch: 50, Dataset: val, Dice: 0.8222, IoU: 0.7331
2026-09-18 18:38:29.070168 Epoch [051/200], Step [0062/0062], LR: 0.000427, Loss: 0.3196
Epoch: 51, Dataset: test, Dice: 0.9173, IoU: 0.8560
Epoch: 51, Dataset: val, Dice: 0.8649, IoU: 0.7875
### Best Model Saved (Dice improved from 0.8464 to 0.8649) ###
2026-09-18 18:38:51.986527 Epoch [052/200], Step [0062/0062], LR: 0.000424, Loss: 0.3079
Epoch: 52, Dataset: test, Dice: 0.8812, IoU: 0.8126
Epoch: 52, Dataset: val, Dice: 0.8189, IoU: 0.7313
2026-09-18 18:39:15.203071 Epoch [053/200], Step [0062/0062], LR: 0.000421, Loss: 0.3101
Epoch: 53, Dataset: test, Dice: 0.9004, IoU: 0.8318
Epoch: 53, Dataset: val, Dice: 0.8605, IoU: 0.7779
2026-09-18 18:39:37.257142 Epoch [054/200], Step [0062/0062], LR: 0.000418, Loss: 0.3146
Epoch: 54, Dataset: test, Dice: 0.8929, IoU: 0.8351
Epoch: 54, Dataset: val, Dice: 0.8482, IoU: 0.7707
2026-09-18 18:39:59.994689 Epoch [055/200], Step [0062/0062], LR: 0.000415, Loss: 0.3001
Epoch: 55, Dataset: test, Dice: 0.9042, IoU: 0.8420
Epoch: 55, Dataset: val, Dice: 0.8412, IoU: 0.7629
2026-09-18 18:40:22.664471 Epoch [056/200], Step [0062/0062], LR: 0.000413, Loss: 0.2823
Epoch: 56, Dataset: test, Dice: 0.8975, IoU: 0.8369
Epoch: 56, Dataset: val, Dice: 0.8505, IoU: 0.7727
2026-09-18 18:40:45.032225 Epoch [057/200], Step [0062/0062], LR: 0.000410, Loss: 0.2918
Epoch: 57, Dataset: test, Dice: 0.9232, IoU: 0.8657
Epoch: 57, Dataset: val, Dice: 0.8643, IoU: 0.7880
2026-09-18 18:41:07.396795 Epoch [058/200], Step [0062/0062], LR: 0.000406, Loss: 0.2873
Epoch: 58, Dataset: test, Dice: 0.9147, IoU: 0.8549
Epoch: 58, Dataset: val, Dice: 0.8682, IoU: 0.7993
### Best Model Saved (Dice improved from 0.8649 to 0.8682) ###
2026-09-18 18:41:29.529747 Epoch [059/200], Step [0062/0062], LR: 0.000403, Loss: 0.2867
Epoch: 59, Dataset: test, Dice: 0.9118, IoU: 0.8519
Epoch: 59, Dataset: val, Dice: 0.8667, IoU: 0.7884
2026-09-18 18:41:52.155068 Epoch [060/200], Step [0062/0062], LR: 0.000400, Loss: 0.3001
Epoch: 60, Dataset: test, Dice: 0.8906, IoU: 0.8174
Epoch: 60, Dataset: val, Dice: 0.8376, IoU: 0.7516
2026-09-18 18:42:14.785166 Epoch [061/200], Step [0062/0062], LR: 0.000397, Loss: 0.2952
Epoch: 61, Dataset: test, Dice: 0.9120, IoU: 0.8470
Epoch: 61, Dataset: val, Dice: 0.8647, IoU: 0.7890
2026-09-18 18:42:37.481592 Epoch [062/200], Step [0062/0062], LR: 0.000394, Loss: 0.2840
Epoch: 62, Dataset: test, Dice: 0.9103, IoU: 0.8476
Epoch: 62, Dataset: val, Dice: 0.8771, IoU: 0.8048
### Best Model Saved (Dice improved from 0.8682 to 0.8771) ###
2026-09-18 18:43:00.483091 Epoch [063/200], Step [0062/0062], LR: 0.000391, Loss: 0.2685
Epoch: 63, Dataset: test, Dice: 0.8546, IoU: 0.7736
Epoch: 63, Dataset: val, Dice: 0.8106, IoU: 0.7188
2026-09-18 18:43:23.484957 Epoch [064/200], Step [0062/0062], LR: 0.000387, Loss: 0.2833
Epoch: 64, Dataset: test, Dice: 0.9226, IoU: 0.8681
Epoch: 64, Dataset: val, Dice: 0.8523, IoU: 0.7728
2026-09-18 18:43:46.441250 Epoch [065/200], Step [0062/0062], LR: 0.000384, Loss: 0.2716
Epoch: 65, Dataset: test, Dice: 0.9301, IoU: 0.8763
Epoch: 65, Dataset: val, Dice: 0.8741, IoU: 0.7976
2026-09-18 18:44:09.688699 Epoch [066/200], Step [0062/0062], LR: 0.000381, Loss: 0.2778
Epoch: 66, Dataset: test, Dice: 0.9105, IoU: 0.8537
Epoch: 66, Dataset: val, Dice: 0.8633, IoU: 0.7912
2026-09-18 18:44:32.560269 Epoch [067/200], Step [0062/0062], LR: 0.000378, Loss: 0.2746
Epoch: 67, Dataset: test, Dice: 0.9301, IoU: 0.8751
Epoch: 67, Dataset: val, Dice: 0.8778, IoU: 0.8120
### Best Model Saved (Dice improved from 0.8771 to 0.8778) ###
2026-09-18 18:44:54.950655 Epoch [068/200], Step [0062/0062], LR: 0.000374, Loss: 0.3279
Epoch: 68, Dataset: test, Dice: 0.8867, IoU: 0.8150
Epoch: 68, Dataset: val, Dice: 0.8469, IoU: 0.7643
2026-09-18 18:45:17.705227 Epoch [069/200], Step [0062/0062], LR: 0.000371, Loss: 0.2812
Epoch: 69, Dataset: test, Dice: 0.9142, IoU: 0.8523
Epoch: 69, Dataset: val, Dice: 0.8540, IoU: 0.7797
2026-09-18 18:45:41.426217 Epoch [070/200], Step [0062/0062], LR: 0.000367, Loss: 0.2837
Epoch: 70, Dataset: test, Dice: 0.8920, IoU: 0.8265
Epoch: 70, Dataset: val, Dice: 0.8563, IoU: 0.7776
2026-09-18 18:46:04.033882 Epoch [071/200], Step [0062/0062], LR: 0.000364, Loss: 0.2552
Epoch: 71, Dataset: test, Dice: 0.9306, IoU: 0.8754
Epoch: 71, Dataset: val, Dice: 0.8604, IoU: 0.7870
2026-09-18 18:46:26.699524 Epoch [072/200], Step [0062/0062], LR: 0.000360, Loss: 0.2491
Epoch: 72, Dataset: test, Dice: 0.9198, IoU: 0.8644
Epoch: 72, Dataset: val, Dice: 0.8558, IoU: 0.7747
2026-09-18 18:46:49.423752 Epoch [073/200], Step [0062/0062], LR: 0.000357, Loss: 0.2530
Epoch: 73, Dataset: test, Dice: 0.9144, IoU: 0.8587
Epoch: 73, Dataset: val, Dice: 0.8695, IoU: 0.7967
2026-09-18 18:47:12.158656 Epoch [074/200], Step [0062/0062], LR: 0.000353, Loss: 0.2714
Epoch: 74, Dataset: test, Dice: 0.8874, IoU: 0.8260
Epoch: 74, Dataset: val, Dice: 0.8602, IoU: 0.7835
2026-09-18 18:47:34.327340 Epoch [075/200], Step [0062/0062], LR: 0.000350, Loss: 0.2502
Epoch: 75, Dataset: test, Dice: 0.9183, IoU: 0.8611
Epoch: 75, Dataset: val, Dice: 0.8698, IoU: 0.7998
2026-09-18 18:47:56.720382 Epoch [076/200], Step [0062/0062], LR: 0.000346, Loss: 0.2646
Epoch: 76, Dataset: test, Dice: 0.9253, IoU: 0.8703
Epoch: 76, Dataset: val, Dice: 0.8644, IoU: 0.7955
2026-09-18 18:48:19.118909 Epoch [077/200], Step [0062/0062], LR: 0.000342, Loss: 0.2561
Epoch: 77, Dataset: test, Dice: 0.9085, IoU: 0.8435
Epoch: 77, Dataset: val, Dice: 0.8277, IoU: 0.7467
2026-09-18 18:48:41.739970 Epoch [078/200], Step [0062/0062], LR: 0.000339, Loss: 0.2704
Epoch: 78, Dataset: test, Dice: 0.9004, IoU: 0.8323
Epoch: 78, Dataset: val, Dice: 0.8236, IoU: 0.7353
2026-09-18 18:49:04.354065 Epoch [079/200], Step [0062/0062], LR: 0.000335, Loss: 0.2696
Epoch: 79, Dataset: test, Dice: 0.9172, IoU: 0.8565
Epoch: 79, Dataset: val, Dice: 0.8720, IoU: 0.7978
2026-09-18 18:49:26.798982 Epoch [080/200], Step [0062/0062], LR: 0.000331, Loss: 0.2436
Epoch: 80, Dataset: test, Dice: 0.9278, IoU: 0.8734
Epoch: 80, Dataset: val, Dice: 0.8456, IoU: 0.7767
2026-09-18 18:49:49.107681 Epoch [081/200], Step [0062/0062], LR: 0.000328, Loss: 0.2413
Epoch: 81, Dataset: test, Dice: 0.9237, IoU: 0.8692
Epoch: 81, Dataset: val, Dice: 0.8752, IoU: 0.8056
2026-09-18 18:50:11.602537 Epoch [082/200], Step [0062/0062], LR: 0.000324, Loss: 0.2440
Epoch: 82, Dataset: test, Dice: 0.9099, IoU: 0.8522
Epoch: 82, Dataset: val, Dice: 0.8528, IoU: 0.7819
2026-09-18 18:50:34.610988 Epoch [083/200], Step [0062/0062], LR: 0.000320, Loss: 0.2469
Epoch: 83, Dataset: test, Dice: 0.9193, IoU: 0.8628
Epoch: 83, Dataset: val, Dice: 0.8517, IoU: 0.7730
2026-09-18 18:50:57.112500 Epoch [084/200], Step [0062/0062], LR: 0.000316, Loss: 0.2332
Epoch: 84, Dataset: test, Dice: 0.9282, IoU: 0.8738
Epoch: 84, Dataset: val, Dice: 0.8793, IoU: 0.8127
### Best Model Saved (Dice improved from 0.8778 to 0.8793) ###
2026-09-18 18:51:19.931554 Epoch [085/200], Step [0062/0062], LR: 0.000313, Loss: 0.2516
Epoch: 85, Dataset: test, Dice: 0.9232, IoU: 0.8644
Epoch: 85, Dataset: val, Dice: 0.8711, IoU: 0.8009
2026-09-18 18:51:42.835275 Epoch [086/200], Step [0062/0062], LR: 0.000309, Loss: 0.2462
Epoch: 86, Dataset: test, Dice: 0.9248, IoU: 0.8687
Epoch: 86, Dataset: val, Dice: 0.8671, IoU: 0.7935
2026-09-18 18:52:05.901114 Epoch [087/200], Step [0062/0062], LR: 0.000305, Loss: 0.2371
Epoch: 87, Dataset: test, Dice: 0.9157, IoU: 0.8570
Epoch: 87, Dataset: val, Dice: 0.8731, IoU: 0.7991
2026-09-18 18:52:28.925352 Epoch [088/200], Step [0062/0062], LR: 0.000301, Loss: 0.2318
Epoch: 88, Dataset: test, Dice: 0.9265, IoU: 0.8727
Epoch: 88, Dataset: val, Dice: 0.8757, IoU: 0.8070
2026-09-18 18:52:52.158443 Epoch [089/200], Step [0062/0062], LR: 0.000297, Loss: 0.2367
Epoch: 89, Dataset: test, Dice: 0.9111, IoU: 0.8559
Epoch: 89, Dataset: val, Dice: 0.8503, IoU: 0.7726
2026-09-18 18:53:15.132845 Epoch [090/200], Step [0062/0062], LR: 0.000293, Loss: 0.2499
Epoch: 90, Dataset: test, Dice: 0.9218, IoU: 0.8631
Epoch: 90, Dataset: val, Dice: 0.8530, IoU: 0.7756
2026-09-18 18:53:38.395644 Epoch [091/200], Step [0062/0062], LR: 0.000290, Loss: 0.2423
Epoch: 91, Dataset: test, Dice: 0.9154, IoU: 0.8591
Epoch: 91, Dataset: val, Dice: 0.8764, IoU: 0.8089
2026-09-18 18:54:01.566446 Epoch [092/200], Step [0062/0062], LR: 0.000286, Loss: 0.2287
Epoch: 92, Dataset: test, Dice: 0.9327, IoU: 0.8809
Epoch: 92, Dataset: val, Dice: 0.8791, IoU: 0.8050
2026-09-18 18:54:24.673607 Epoch [093/200], Step [0062/0062], LR: 0.000282, Loss: 0.2232
Epoch: 93, Dataset: test, Dice: 0.9359, IoU: 0.8844
Epoch: 93, Dataset: val, Dice: 0.8772, IoU: 0.8065
2026-09-18 18:54:48.013708 Epoch [094/200], Step [0062/0062], LR: 0.000278, Loss: 0.2387
Epoch: 94, Dataset: test, Dice: 0.9250, IoU: 0.8712
Epoch: 94, Dataset: val, Dice: 0.8764, IoU: 0.8058
2026-09-18 18:55:11.493370 Epoch [095/200], Step [0062/0062], LR: 0.000274, Loss: 0.2301
Epoch: 95, Dataset: test, Dice: 0.9319, IoU: 0.8820
Epoch: 95, Dataset: val, Dice: 0.8737, IoU: 0.8053
2026-09-18 18:55:35.126788 Epoch [096/200], Step [0062/0062], LR: 0.000270, Loss: 0.2214
Epoch: 96, Dataset: test, Dice: 0.9226, IoU: 0.8704
Epoch: 96, Dataset: val, Dice: 0.8752, IoU: 0.8002
2026-09-18 18:55:58.482914 Epoch [097/200], Step [0062/0062], LR: 0.000266, Loss: 0.2207
Epoch: 97, Dataset: test, Dice: 0.9301, IoU: 0.8752
Epoch: 97, Dataset: val, Dice: 0.8813, IoU: 0.8127
### Best Model Saved (Dice improved from 0.8793 to 0.8813) ###
2026-09-18 18:56:22.304647 Epoch [098/200], Step [0062/0062], LR: 0.000262, Loss: 0.2190
Epoch: 98, Dataset: test, Dice: 0.9290, IoU: 0.8765
Epoch: 98, Dataset: val, Dice: 0.8644, IoU: 0.7946
2026-09-18 18:56:45.560170 Epoch [099/200], Step [0062/0062], LR: 0.000258, Loss: 0.2285
Epoch: 99, Dataset: test, Dice: 0.9204, IoU: 0.8676
Epoch: 99, Dataset: val, Dice: 0.8643, IoU: 0.7909
2026-09-18 18:57:08.753326 Epoch [100/200], Step [0062/0062], LR: 0.000254, Loss: 0.2202
Epoch: 100, Dataset: test, Dice: 0.9387, IoU: 0.8882
Epoch: 100, Dataset: val, Dice: 0.8761, IoU: 0.8071
2026-09-18 18:57:32.091041 Epoch [101/200], Step [0062/0062], LR: 0.000250, Loss: 0.2323
Epoch: 101, Dataset: test, Dice: 0.9219, IoU: 0.8653
Epoch: 101, Dataset: val, Dice: 0.8833, IoU: 0.8178
### Best Model Saved (Dice improved from 0.8813 to 0.8833) ###
2026-09-18 18:57:56.469849 Epoch [102/200], Step [0062/0062], LR: 0.000247, Loss: 0.2198
Epoch: 102, Dataset: test, Dice: 0.9247, IoU: 0.8680
Epoch: 102, Dataset: val, Dice: 0.8810, IoU: 0.8120
2026-09-18 18:58:20.550369 Epoch [103/200], Step [0062/0062], LR: 0.000243, Loss: 0.2443
Epoch: 103, Dataset: test, Dice: 0.9162, IoU: 0.8611
Epoch: 103, Dataset: val, Dice: 0.8724, IoU: 0.7968
2026-09-18 18:58:44.624278 Epoch [104/200], Step [0062/0062], LR: 0.000239, Loss: 0.2290
Epoch: 104, Dataset: test, Dice: 0.9232, IoU: 0.8667
Epoch: 104, Dataset: val, Dice: 0.8648, IoU: 0.7962
2026-09-18 18:59:07.963028 Epoch [105/200], Step [0062/0062], LR: 0.000235, Loss: 0.2165
Epoch: 105, Dataset: test, Dice: 0.9275, IoU: 0.8728
Epoch: 105, Dataset: val, Dice: 0.8771, IoU: 0.8082
2026-09-18 18:59:31.984681 Epoch [106/200], Step [0062/0062], LR: 0.000231, Loss: 0.2101
Epoch: 106, Dataset: test, Dice: 0.9315, IoU: 0.8784
Epoch: 106, Dataset: val, Dice: 0.8740, IoU: 0.8040
2026-09-18 18:59:55.592329 Epoch [107/200], Step [0062/0062], LR: 0.000227, Loss: 0.2118
Epoch: 107, Dataset: test, Dice: 0.9225, IoU: 0.8686
Epoch: 107, Dataset: val, Dice: 0.8772, IoU: 0.8086
2026-09-18 19:00:18.762923 Epoch [108/200], Step [0062/0062], LR: 0.000223, Loss: 0.2119
Epoch: 108, Dataset: test, Dice: 0.9331, IoU: 0.8800
Epoch: 108, Dataset: val, Dice: 0.8854, IoU: 0.8236
### Best Model Saved (Dice improved from 0.8833 to 0.8854) ###
2026-09-18 19:00:42.186399 Epoch [109/200], Step [0062/0062], LR: 0.000219, Loss: 0.2117
Epoch: 109, Dataset: test, Dice: 0.9355, IoU: 0.8837
Epoch: 109, Dataset: val, Dice: 0.8821, IoU: 0.8155
2026-09-18 19:01:05.617267 Epoch [110/200], Step [0062/0062], LR: 0.000215, Loss: 0.2121
Epoch: 110, Dataset: test, Dice: 0.9266, IoU: 0.8720
Epoch: 110, Dataset: val, Dice: 0.8802, IoU: 0.8132
2026-09-18 19:01:28.603366 Epoch [111/200], Step [0062/0062], LR: 0.000211, Loss: 0.2093
Epoch: 111, Dataset: test, Dice: 0.9319, IoU: 0.8788
Epoch: 111, Dataset: val, Dice: 0.8874, IoU: 0.8215
### Best Model Saved (Dice improved from 0.8854 to 0.8874) ###
2026-09-18 19:01:51.625758 Epoch [112/200], Step [0062/0062], LR: 0.000208, Loss: 0.2048
Epoch: 112, Dataset: test, Dice: 0.9297, IoU: 0.8763
Epoch: 112, Dataset: val, Dice: 0.8883, IoU: 0.8228
### Best Model Saved (Dice improved from 0.8874 to 0.8883) ###
2026-09-18 19:02:14.510071 Epoch [113/200], Step [0062/0062], LR: 0.000204, Loss: 0.2058
Epoch: 113, Dataset: test, Dice: 0.9346, IoU: 0.8824
Epoch: 113, Dataset: val, Dice: 0.8859, IoU: 0.8204
2026-09-18 19:02:37.664700 Epoch [114/200], Step [0062/0062], LR: 0.000200, Loss: 0.2021
Epoch: 114, Dataset: test, Dice: 0.9350, IoU: 0.8833
Epoch: 114, Dataset: val, Dice: 0.8993, IoU: 0.8346
### Best Model Saved (Dice improved from 0.8883 to 0.8993) ###
2026-09-18 19:03:01.152310 Epoch [115/200], Step [0062/0062], LR: 0.000196, Loss: 0.2044
Epoch: 115, Dataset: test, Dice: 0.9283, IoU: 0.8748
Epoch: 115, Dataset: val, Dice: 0.8980, IoU: 0.8312
2026-09-18 19:03:28.421510 Epoch [116/200], Step [0062/0062], LR: 0.000192, Loss: 0.2028
Epoch: 116, Dataset: test, Dice: 0.9331, IoU: 0.8816
Epoch: 116, Dataset: val, Dice: 0.8970, IoU: 0.8330
2026-09-18 19:03:51.773911 Epoch [117/200], Step [0062/0062], LR: 0.000188, Loss: 0.2090
Epoch: 117, Dataset: test, Dice: 0.9146, IoU: 0.8608
Epoch: 117, Dataset: val, Dice: 0.8911, IoU: 0.8248
2026-09-18 19:04:14.315228 Epoch [118/200], Step [0062/0062], LR: 0.000185, Loss: 0.2030
Epoch: 118, Dataset: test, Dice: 0.9267, IoU: 0.8731
Epoch: 118, Dataset: val, Dice: 0.8906, IoU: 0.8243
2026-09-18 19:04:37.179355 Epoch [119/200], Step [0062/0062], LR: 0.000181, Loss: 0.1982
Epoch: 119, Dataset: test, Dice: 0.9372, IoU: 0.8873
Epoch: 119, Dataset: val, Dice: 0.9004, IoU: 0.8380
### Best Model Saved (Dice improved from 0.8993 to 0.9004) ###
2026-09-18 19:05:01.447853 Epoch [120/200], Step [0062/0062], LR: 0.000177, Loss: 0.2020
Epoch: 120, Dataset: test, Dice: 0.9363, IoU: 0.8853
Epoch: 120, Dataset: val, Dice: 0.8958, IoU: 0.8351
2026-09-18 19:05:27.922829 Epoch [121/200], Step [0062/0062], LR: 0.000173, Loss: 0.2072
Epoch: 121, Dataset: test, Dice: 0.9294, IoU: 0.8761
Epoch: 121, Dataset: val, Dice: 0.8934, IoU: 0.8301
2026-09-18 19:05:56.556225 Epoch [122/200], Step [0062/0062], LR: 0.000170, Loss: 0.1911
Epoch: 122, Dataset: test, Dice: 0.9347, IoU: 0.8831
Epoch: 122, Dataset: val, Dice: 0.8926, IoU: 0.8282
2026-09-18 19:06:18.996216 Epoch [123/200], Step [0062/0062], LR: 0.000166, Loss: 0.1894
Epoch: 123, Dataset: test, Dice: 0.9323, IoU: 0.8809
Epoch: 123, Dataset: val, Dice: 0.8725, IoU: 0.8046
2026-09-18 19:06:41.703969 Epoch [124/200], Step [0062/0062], LR: 0.000162, Loss: 0.1981
Epoch: 124, Dataset: test, Dice: 0.9330, IoU: 0.8813
Epoch: 124, Dataset: val, Dice: 0.8847, IoU: 0.8177
2026-09-18 19:07:03.910693 Epoch [125/200], Step [0062/0062], LR: 0.000159, Loss: 0.1985
Epoch: 125, Dataset: test, Dice: 0.9350, IoU: 0.8837
Epoch: 125, Dataset: val, Dice: 0.8824, IoU: 0.8153
2026-09-18 19:07:25.714287 Epoch [126/200], Step [0062/0062], LR: 0.000155, Loss: 0.1946
Epoch: 126, Dataset: test, Dice: 0.9351, IoU: 0.8839
Epoch: 126, Dataset: val, Dice: 0.8860, IoU: 0.8220
2026-09-18 19:07:47.798150 Epoch [127/200], Step [0062/0062], LR: 0.000151, Loss: 0.1922
Epoch: 127, Dataset: test, Dice: 0.9331, IoU: 0.8806
Epoch: 127, Dataset: val, Dice: 0.8903, IoU: 0.8254
2026-09-18 19:08:09.882902 Epoch [128/200], Step [0062/0062], LR: 0.000148, Loss: 0.1948
Epoch: 128, Dataset: test, Dice: 0.9222, IoU: 0.8632
Epoch: 128, Dataset: val, Dice: 0.8951, IoU: 0.8297
2026-09-18 19:08:31.927010 Epoch [129/200], Step [0062/0062], LR: 0.000144, Loss: 0.1965
Epoch: 129, Dataset: test, Dice: 0.9356, IoU: 0.8843
Epoch: 129, Dataset: val, Dice: 0.8969, IoU: 0.8307
2026-09-18 19:08:53.992822 Epoch [130/200], Step [0062/0062], LR: 0.000141, Loss: 0.1875
Epoch: 130, Dataset: test, Dice: 0.9355, IoU: 0.8861
Epoch: 130, Dataset: val, Dice: 0.8863, IoU: 0.8231
2026-09-18 19:09:15.934250 Epoch [131/200], Step [0062/0062], LR: 0.000137, Loss: 0.1872
Epoch: 131, Dataset: test, Dice: 0.9295, IoU: 0.8753
Epoch: 131, Dataset: val, Dice: 0.8873, IoU: 0.8204
2026-09-18 19:09:37.904147 Epoch [132/200], Step [0062/0062], LR: 0.000134, Loss: 0.1925
Epoch: 132, Dataset: test, Dice: 0.9325, IoU: 0.8802
Epoch: 132, Dataset: val, Dice: 0.8913, IoU: 0.8253
2026-09-18 19:09:59.815870 Epoch [133/200], Step [0062/0062], LR: 0.000130, Loss: 0.1927
Epoch: 133, Dataset: test, Dice: 0.9251, IoU: 0.8733
Epoch: 133, Dataset: val, Dice: 0.8926, IoU: 0.8268
2026-09-18 19:10:21.807733 Epoch [134/200], Step [0062/0062], LR: 0.000127, Loss: 0.1920
Epoch: 134, Dataset: test, Dice: 0.9294, IoU: 0.8774
Epoch: 134, Dataset: val, Dice: 0.8901, IoU: 0.8228
2026-09-18 19:10:44.491692 Epoch [135/200], Step [0062/0062], LR: 0.000123, Loss: 0.1931
Epoch: 135, Dataset: test, Dice: 0.9355, IoU: 0.8845
Epoch: 135, Dataset: val, Dice: 0.8876, IoU: 0.8172
2026-09-18 19:11:06.316845 Epoch [136/200], Step [0062/0062], LR: 0.000120, Loss: 0.1952
Epoch: 136, Dataset: test, Dice: 0.9372, IoU: 0.8864
Epoch: 136, Dataset: val, Dice: 0.8987, IoU: 0.8349
2026-09-18 19:11:28.750522 Epoch [137/200], Step [0062/0062], LR: 0.000117, Loss: 0.2037
Epoch: 137, Dataset: test, Dice: 0.9214, IoU: 0.8670
Epoch: 137, Dataset: val, Dice: 0.8953, IoU: 0.8322
2026-09-18 19:11:51.621894 Epoch [138/200], Step [0062/0062], LR: 0.000114, Loss: 0.1976
Epoch: 138, Dataset: test, Dice: 0.9304, IoU: 0.8780
Epoch: 138, Dataset: val, Dice: 0.8848, IoU: 0.8199
2026-09-18 19:12:13.425030 Epoch [139/200], Step [0062/0062], LR: 0.000110, Loss: 0.1883
Epoch: 139, Dataset: test, Dice: 0.9226, IoU: 0.8711
Epoch: 139, Dataset: val, Dice: 0.8956, IoU: 0.8339
2026-09-18 19:12:36.303776 Epoch [140/200], Step [0062/0062], LR: 0.000107, Loss: 0.1858
Epoch: 140, Dataset: test, Dice: 0.9282, IoU: 0.8765
Epoch: 140, Dataset: val, Dice: 0.8965, IoU: 0.8332
2026-09-18 19:12:58.154308 Epoch [141/200], Step [0062/0062], LR: 0.000104, Loss: 0.1892
Epoch: 141, Dataset: test, Dice: 0.9140, IoU: 0.8593
Epoch: 141, Dataset: val, Dice: 0.8871, IoU: 0.8213
2026-09-18 19:13:19.713524 Epoch [142/200], Step [0062/0062], LR: 0.000101, Loss: 0.1967
Epoch: 142, Dataset: test, Dice: 0.9306, IoU: 0.8802
Epoch: 142, Dataset: val, Dice: 0.8938, IoU: 0.8325
2026-09-18 19:13:40.824381 Epoch [143/200], Step [0062/0062], LR: 0.000098, Loss: 0.1903
Epoch: 143, Dataset: test, Dice: 0.9312, IoU: 0.8819
Epoch: 143, Dataset: val, Dice: 0.8950, IoU: 0.8325
2026-09-18 19:14:04.008381 Epoch [144/200], Step [0062/0062], LR: 0.000095, Loss: 0.1840
Epoch: 144, Dataset: test, Dice: 0.9364, IoU: 0.8866
Epoch: 144, Dataset: val, Dice: 0.8983, IoU: 0.8383
2026-09-18 19:14:26.392611 Epoch [145/200], Step [0062/0062], LR: 0.000091, Loss: 0.1871
Epoch: 145, Dataset: test, Dice: 0.9335, IoU: 0.8819
Epoch: 145, Dataset: val, Dice: 0.8857, IoU: 0.8191
2026-09-18 19:14:48.995547 Epoch [146/200], Step [0062/0062], LR: 0.000088, Loss: 0.1849
Epoch: 146, Dataset: test, Dice: 0.9334, IoU: 0.8824
Epoch: 146, Dataset: val, Dice: 0.8914, IoU: 0.8281
2026-09-18 19:15:11.311143 Epoch [147/200], Step [0062/0062], LR: 0.000086, Loss: 0.1886
Epoch: 147, Dataset: test, Dice: 0.9269, IoU: 0.8746
Epoch: 147, Dataset: val, Dice: 0.8861, IoU: 0.8223
2026-09-18 19:15:36.548558 Epoch [148/200], Step [0062/0062], LR: 0.000083, Loss: 0.1879
Epoch: 148, Dataset: test, Dice: 0.9377, IoU: 0.8882
Epoch: 148, Dataset: val, Dice: 0.8923, IoU: 0.8291
2026-09-18 19:16:02.760293 Epoch [149/200], Step [0062/0062], LR: 0.000080, Loss: 0.1808
Epoch: 149, Dataset: test, Dice: 0.9376, IoU: 0.8867
Epoch: 149, Dataset: val, Dice: 0.8909, IoU: 0.8271
2026-09-18 19:16:24.693585 Epoch [150/200], Step [0062/0062], LR: 0.000077, Loss: 0.1870
Epoch: 150, Dataset: test, Dice: 0.9336, IoU: 0.8822
Epoch: 150, Dataset: val, Dice: 0.8925, IoU: 0.8297
2026-09-18 19:16:46.992175 Epoch [151/200], Step [0062/0062], LR: 0.000074, Loss: 0.1742
Epoch: 151, Dataset: test, Dice: 0.9327, IoU: 0.8825
Epoch: 151, Dataset: val, Dice: 0.8955, IoU: 0.8339
2026-09-18 19:17:09.357774 Epoch [152/200], Step [0062/0062], LR: 0.000071, Loss: 0.2505
Epoch: 152, Dataset: test, Dice: 0.9321, IoU: 0.8808
Epoch: 152, Dataset: val, Dice: 0.8958, IoU: 0.8343
2026-09-18 19:17:34.860058 Epoch [153/200], Step [0062/0062], LR: 0.000069, Loss: 0.1848
Epoch: 153, Dataset: test, Dice: 0.9287, IoU: 0.8767
Epoch: 153, Dataset: val, Dice: 0.8949, IoU: 0.8343
2026-09-18 19:18:03.563771 Epoch [154/200], Step [0062/0062], LR: 0.000066, Loss: 0.1887
Epoch: 154, Dataset: test, Dice: 0.9305, IoU: 0.8814
Epoch: 154, Dataset: val, Dice: 0.8918, IoU: 0.8268
2026-09-18 19:18:27.092202 Epoch [155/200], Step [0062/0062], LR: 0.000063, Loss: 0.1830
Epoch: 155, Dataset: test, Dice: 0.9305, IoU: 0.8795
Epoch: 155, Dataset: val, Dice: 0.8965, IoU: 0.8346
2026-09-18 19:18:49.531530 Epoch [156/200], Step [0062/0062], LR: 0.000061, Loss: 0.1851
Epoch: 156, Dataset: test, Dice: 0.9315, IoU: 0.8800
Epoch: 156, Dataset: val, Dice: 0.8906, IoU: 0.8258
2026-09-18 19:19:12.009594 Epoch [157/200], Step [0062/0062], LR: 0.000058, Loss: 0.1912
Epoch: 157, Dataset: test, Dice: 0.9300, IoU: 0.8792
Epoch: 157, Dataset: val, Dice: 0.8983, IoU: 0.8372
2026-09-18 19:19:34.645030 Epoch [158/200], Step [0062/0062], LR: 0.000056, Loss: 0.1844
Epoch: 158, Dataset: test, Dice: 0.9323, IoU: 0.8823
Epoch: 158, Dataset: val, Dice: 0.8970, IoU: 0.8342
2026-09-18 19:19:56.972975 Epoch [159/200], Step [0062/0062], LR: 0.000053, Loss: 0.1808
Epoch: 159, Dataset: test, Dice: 0.9270, IoU: 0.8742
Epoch: 159, Dataset: val, Dice: 0.8949, IoU: 0.8333
2026-09-18 19:20:18.568047 Epoch [160/200], Step [0062/0062], LR: 0.000051, Loss: 0.2250
Epoch: 160, Dataset: test, Dice: 0.9331, IoU: 0.8809
Epoch: 160, Dataset: val, Dice: 0.8956, IoU: 0.8338
2026-09-18 19:20:41.328105 Epoch [161/200], Step [0062/0062], LR: 0.000049, Loss: 0.1828
Epoch: 161, Dataset: test, Dice: 0.9315, IoU: 0.8820
Epoch: 161, Dataset: val, Dice: 0.9011, IoU: 0.8388
### Best Model Saved (Dice improved from 0.9004 to 0.9011) ###
2026-09-18 19:21:07.823745 Epoch [162/200], Step [0062/0062], LR: 0.000046, Loss: 0.1765
Epoch: 162, Dataset: test, Dice: 0.9335, IoU: 0.8828
Epoch: 162, Dataset: val, Dice: 0.8967, IoU: 0.8354
2026-09-18 19:21:33.030710 Epoch [163/200], Step [0062/0062], LR: 0.000044, Loss: 0.1709
Epoch: 163, Dataset: test, Dice: 0.9308, IoU: 0.8789
Epoch: 163, Dataset: val, Dice: 0.8955, IoU: 0.8338
2026-09-18 19:21:55.432007 Epoch [164/200], Step [0062/0062], LR: 0.000042, Loss: 0.1851
Epoch: 164, Dataset: test, Dice: 0.9324, IoU: 0.8809
Epoch: 164, Dataset: val, Dice: 0.8960, IoU: 0.8345
2026-09-18 19:22:17.926332 Epoch [165/200], Step [0062/0062], LR: 0.000040, Loss: 0.2236
Epoch: 165, Dataset: test, Dice: 0.9328, IoU: 0.8818
Epoch: 165, Dataset: val, Dice: 0.8954, IoU: 0.8326
2026-09-18 19:22:42.238789 Epoch [166/200], Step [0062/0062], LR: 0.000038, Loss: 0.1815
Epoch: 166, Dataset: test, Dice: 0.9320, IoU: 0.8809
Epoch: 166, Dataset: val, Dice: 0.8900, IoU: 0.8264
2026-09-18 19:23:08.113179 Epoch [167/200], Step [0062/0062], LR: 0.000036, Loss: 0.1807
Epoch: 167, Dataset: test, Dice: 0.9334, IoU: 0.8831
Epoch: 167, Dataset: val, Dice: 0.8884, IoU: 0.8219
2026-09-18 19:23:37.208224 Epoch [168/200], Step [0062/0062], LR: 0.000034, Loss: 0.1975
Epoch: 168, Dataset: test, Dice: 0.9308, IoU: 0.8793
Epoch: 168, Dataset: val, Dice: 0.8970, IoU: 0.8368
2026-09-18 19:24:00.267776 Epoch [169/200], Step [0062/0062], LR: 0.000032, Loss: 0.1781
Epoch: 169, Dataset: test, Dice: 0.9358, IoU: 0.8862
Epoch: 169, Dataset: val, Dice: 0.8978, IoU: 0.8352
2026-09-18 19:24:22.986056 Epoch [170/200], Step [0062/0062], LR: 0.000030, Loss: 0.1752
Epoch: 170, Dataset: test, Dice: 0.9237, IoU: 0.8722
Epoch: 170, Dataset: val, Dice: 0.8877, IoU: 0.8219
2026-09-18 19:24:46.016621 Epoch [171/200], Step [0062/0062], LR: 0.000028, Loss: 0.1839
Epoch: 171, Dataset: test, Dice: 0.9336, IoU: 0.8833
Epoch: 171, Dataset: val, Dice: 0.9000, IoU: 0.8390
2026-09-18 19:25:08.764163 Epoch [172/200], Step [0062/0062], LR: 0.000026, Loss: 0.1778
Epoch: 172, Dataset: test, Dice: 0.9344, IoU: 0.8849
Epoch: 172, Dataset: val, Dice: 0.8919, IoU: 0.8275
2026-09-18 19:25:31.755833 Epoch [173/200], Step [0062/0062], LR: 0.000025, Loss: 0.1817
Epoch: 173, Dataset: test, Dice: 0.9355, IoU: 0.8846
Epoch: 173, Dataset: val, Dice: 0.8906, IoU: 0.8267
2026-09-18 19:25:55.265790 Epoch [174/200], Step [0062/0062], LR: 0.000023, Loss: 0.1752
Epoch: 174, Dataset: test, Dice: 0.9318, IoU: 0.8810
Epoch: 174, Dataset: val, Dice: 0.8922, IoU: 0.8290
2026-09-18 19:26:18.197885 Epoch [175/200], Step [0062/0062], LR: 0.000022, Loss: 0.2265
Epoch: 175, Dataset: test, Dice: 0.9367, IoU: 0.8863
Epoch: 175, Dataset: val, Dice: 0.8920, IoU: 0.8272
2026-09-18 19:26:41.271885 Epoch [176/200], Step [0062/0062], LR: 0.000020, Loss: 0.1765
Epoch: 176, Dataset: test, Dice: 0.9303, IoU: 0.8780
Epoch: 176, Dataset: val, Dice: 0.9009, IoU: 0.8399
2026-09-18 19:27:04.958602 Epoch [177/200], Step [0062/0062], LR: 0.000019, Loss: 0.1783
Epoch: 177, Dataset: test, Dice: 0.9323, IoU: 0.8814
Epoch: 177, Dataset: val, Dice: 0.9007, IoU: 0.8402
2026-09-18 19:27:28.127001 Epoch [178/200], Step [0062/0062], LR: 0.000017, Loss: 0.1836
Epoch: 178, Dataset: test, Dice: 0.9310, IoU: 0.8785
Epoch: 178, Dataset: val, Dice: 0.8970, IoU: 0.8355
2026-09-18 19:27:51.643540 Epoch [179/200], Step [0062/0062], LR: 0.000016, Loss: 0.1741
Epoch: 179, Dataset: test, Dice: 0.9297, IoU: 0.8796
Epoch: 179, Dataset: val, Dice: 0.8986, IoU: 0.8355
2026-09-18 19:28:15.171727 Epoch [180/200], Step [0062/0062], LR: 0.000014, Loss: 0.1732
Epoch: 180, Dataset: test, Dice: 0.9235, IoU: 0.8690
Epoch: 180, Dataset: val, Dice: 0.8872, IoU: 0.8188
2026-09-18 19:28:38.454380 Epoch [181/200], Step [0062/0062], LR: 0.000013, Loss: 0.1812
Epoch: 181, Dataset: test, Dice: 0.9344, IoU: 0.8826
Epoch: 181, Dataset: val, Dice: 0.8892, IoU: 0.8227
2026-09-18 19:29:01.731896 Epoch [182/200], Step [0062/0062], LR: 0.000012, Loss: 0.1812
Epoch: 182, Dataset: test, Dice: 0.9331, IoU: 0.8827
Epoch: 182, Dataset: val, Dice: 0.8826, IoU: 0.8165
2026-09-18 19:29:24.586449 Epoch [183/200], Step [0062/0062], LR: 0.000011, Loss: 0.1737
Epoch: 183, Dataset: test, Dice: 0.9321, IoU: 0.8806
Epoch: 183, Dataset: val, Dice: 0.9009, IoU: 0.8405
2026-09-18 19:29:48.067317 Epoch [184/200], Step [0062/0062], LR: 0.000010, Loss: 0.1721
Epoch: 184, Dataset: test, Dice: 0.9253, IoU: 0.8726
Epoch: 184, Dataset: val, Dice: 0.8887, IoU: 0.8237
2026-09-18 19:30:11.633242 Epoch [185/200], Step [0062/0062], LR: 0.000009, Loss: 0.1718
Epoch: 185, Dataset: test, Dice: 0.9313, IoU: 0.8797
Epoch: 185, Dataset: val, Dice: 0.8989, IoU: 0.8381
2026-09-18 19:30:34.420020 Epoch [186/200], Step [0062/0062], LR: 0.000008, Loss: 0.1715
Epoch: 186, Dataset: test, Dice: 0.9295, IoU: 0.8779
Epoch: 186, Dataset: val, Dice: 0.8977, IoU: 0.8362
2026-09-18 19:30:57.765124 Epoch [187/200], Step [0062/0062], LR: 0.000007, Loss: 0.1771
Epoch: 187, Dataset: test, Dice: 0.9312, IoU: 0.8799
Epoch: 187, Dataset: val, Dice: 0.8947, IoU: 0.8321
2026-09-18 19:31:20.131479 Epoch [188/200], Step [0062/0062], LR: 0.000006, Loss: 0.1752
Epoch: 188, Dataset: test, Dice: 0.9294, IoU: 0.8783
Epoch: 188, Dataset: val, Dice: 0.8901, IoU: 0.8254
2026-09-18 19:31:42.945728 Epoch [189/200], Step [0062/0062], LR: 0.000005, Loss: 0.1768
Epoch: 189, Dataset: test, Dice: 0.9332, IoU: 0.8826
Epoch: 189, Dataset: val, Dice: 0.8918, IoU: 0.8287
2026-09-18 19:32:05.065936 Epoch [190/200], Step [0062/0062], LR: 0.000005, Loss: 0.1780
Epoch: 190, Dataset: test, Dice: 0.9302, IoU: 0.8793
Epoch: 190, Dataset: val, Dice: 0.9013, IoU: 0.8413
### Best Model Saved (Dice improved from 0.9011 to 0.9013) ###
2026-09-18 19:32:27.504863 Epoch [191/200], Step [0062/0062], LR: 0.000004, Loss: 0.1726
Epoch: 191, Dataset: test, Dice: 0.9291, IoU: 0.8774
Epoch: 191, Dataset: val, Dice: 0.8916, IoU: 0.8275
2026-09-18 19:32:49.744710 Epoch [192/200], Step [0062/0062], LR: 0.000003, Loss: 0.1782
Epoch: 192, Dataset: test, Dice: 0.9292, IoU: 0.8776
Epoch: 192, Dataset: val, Dice: 0.8937, IoU: 0.8304
2026-09-18 19:33:11.825021 Epoch [193/200], Step [0062/0062], LR: 0.000003, Loss: 0.2016
Epoch: 193, Dataset: test, Dice: 0.9323, IoU: 0.8798
Epoch: 193, Dataset: val, Dice: 0.8896, IoU: 0.8263
2026-09-18 19:33:34.646598 Epoch [194/200], Step [0062/0062], LR: 0.000003, Loss: 0.1947
Epoch: 194, Dataset: test, Dice: 0.9298, IoU: 0.8772
Epoch: 194, Dataset: val, Dice: 0.8929, IoU: 0.8311
2026-09-18 19:33:58.311730 Epoch [195/200], Step [0062/0062], LR: 0.000002, Loss: 0.1810
Epoch: 195, Dataset: test, Dice: 0.9292, IoU: 0.8763
Epoch: 195, Dataset: val, Dice: 0.8866, IoU: 0.8209
2026-09-18 19:34:21.891993 Epoch [196/200], Step [0062/0062], LR: 0.000002, Loss: 0.1729
Epoch: 196, Dataset: test, Dice: 0.9325, IoU: 0.8822
Epoch: 196, Dataset: val, Dice: 0.8920, IoU: 0.8273
2026-09-18 19:34:44.843433 Epoch [197/200], Step [0062/0062], LR: 0.000001, Loss: 0.1919
Epoch: 197, Dataset: test, Dice: 0.9315, IoU: 0.8800
Epoch: 197, Dataset: val, Dice: 0.8841, IoU: 0.8176
2026-09-18 19:35:07.796316 Epoch [198/200], Step [0062/0062], LR: 0.000001, Loss: 0.1781
Epoch: 198, Dataset: test, Dice: 0.9181, IoU: 0.8641
Epoch: 198, Dataset: val, Dice: 0.8876, IoU: 0.8217
2026-09-18 19:35:30.894619 Epoch [199/200], Step [0062/0062], LR: 0.000001, Loss: 0.1824
Epoch: 199, Dataset: test, Dice: 0.9362, IoU: 0.8875
Epoch: 199, Dataset: val, Dice: 0.8872, IoU: 0.8210
2026-09-18 19:35:53.693736 Epoch [200/200], Step [0062/0062], LR: 0.000001, Loss: 0.1773
Epoch: 200, Dataset: test, Dice: 0.9273, IoU: 0.8755
Epoch: 200, Dataset: val, Dice: 0.8912, IoU: 0.8270

========================================
FINAL RESULTS: ClinicDB_MK_UNet_bs8_lr0.0005_e200_augTrue_run2_t181848
Best Val Dice: 0.9013
Test Dice at Best Val: 0.9302
Total Train Time: 4273.96s
========================================
Network: MK_UNet | Channels: [16, 32, 64, 96, 160]
[INFO] Register count_convNd() for <class 'torch.nn.modules.conv.Conv2d'>.
[INFO] Register count_normalization() for <class 'torch.nn.modules.batchnorm.BatchNorm2d'>.
[INFO] Register zero_ops() for <class 'torch.nn.modules.activation.ReLU6'>.
[INFO] Register zero_ops() for <class 'torch.nn.modules.container.Sequential'>.
[INFO] Register zero_ops() for <class 'torch.nn.modules.activation.ReLU'>.
[INFO] Register count_adap_avgpool() for <class 'torch.nn.modules.pooling.AdaptiveAvgPool2d'>.
[INFO] Register zero_ops() for <class 'torch.nn.modules.pooling.AdaptiveMaxPool2d'>.
flops 0.619251354
params 0.315566
Total params: 0.32M
2026-09-18 19:36:17.362229 Epoch [001/200], Step [0062/0062], LR: 0.000500, Loss: 1.1510
Epoch: 1, Dataset: test, Dice: 0.3073, IoU: 0.1971
Epoch: 1, Dataset: val, Dice: 0.3295, IoU: 0.2128
### Best Model Saved (Dice improved from 0.0000 to 0.3295) ###
2026-09-18 19:36:40.638506 Epoch [002/200], Step [0062/0062], LR: 0.000500, Loss: 1.0515
Epoch: 2, Dataset: test, Dice: 0.4084, IoU: 0.3094
Epoch: 2, Dataset: val, Dice: 0.4503, IoU: 0.3471
### Best Model Saved (Dice improved from 0.3295 to 0.4503) ###
2026-09-18 19:37:04.469438 Epoch [003/200], Step [0062/0062], LR: 0.000500, Loss: 0.9731
Epoch: 3, Dataset: test, Dice: 0.3588, IoU: 0.2470
Epoch: 3, Dataset: val, Dice: 0.3567, IoU: 0.2402
2026-09-18 19:37:27.997828 Epoch [004/200], Step [0062/0062], LR: 0.000500, Loss: 0.9524
Epoch: 4, Dataset: test, Dice: 0.4931, IoU: 0.3613
Epoch: 4, Dataset: val, Dice: 0.5114, IoU: 0.3910
### Best Model Saved (Dice improved from 0.4503 to 0.5114) ###
2026-09-18 19:37:51.608354 Epoch [005/200], Step [0062/0062], LR: 0.000500, Loss: 0.8984
Epoch: 5, Dataset: test, Dice: 0.4869, IoU: 0.3540
Epoch: 5, Dataset: val, Dice: 0.5172, IoU: 0.3888
### Best Model Saved (Dice improved from 0.5114 to 0.5172) ###
2026-09-18 19:38:14.732898 Epoch [006/200], Step [0062/0062], LR: 0.000499, Loss: 0.8158
Epoch: 6, Dataset: test, Dice: 0.7037, IoU: 0.5792
Epoch: 6, Dataset: val, Dice: 0.6256, IoU: 0.5013
### Best Model Saved (Dice improved from 0.5172 to 0.6256) ###
2026-09-18 19:38:37.792813 Epoch [007/200], Step [0062/0062], LR: 0.000499, Loss: 0.8246
Epoch: 7, Dataset: test, Dice: 0.6800, IoU: 0.5544
Epoch: 7, Dataset: val, Dice: 0.6564, IoU: 0.5394
### Best Model Saved (Dice improved from 0.6256 to 0.6564) ###
2026-09-18 19:39:01.017189 Epoch [008/200], Step [0062/0062], LR: 0.000498, Loss: 0.7557
Epoch: 8, Dataset: test, Dice: 0.7265, IoU: 0.6132
Epoch: 8, Dataset: val, Dice: 0.6292, IoU: 0.5259
2026-09-18 19:39:24.025987 Epoch [009/200], Step [0062/0062], LR: 0.000498, Loss: 0.6916
Epoch: 9, Dataset: test, Dice: 0.7038, IoU: 0.5815
Epoch: 9, Dataset: val, Dice: 0.6412, IoU: 0.5260
2026-09-18 19:39:47.128592 Epoch [010/200], Step [0062/0062], LR: 0.000498, Loss: 0.7127
Epoch: 10, Dataset: test, Dice: 0.6013, IoU: 0.4710
Epoch: 10, Dataset: val, Dice: 0.5846, IoU: 0.4650
2026-09-18 19:40:10.027092 Epoch [011/200], Step [0062/0062], LR: 0.000497, Loss: 0.6596
Epoch: 11, Dataset: test, Dice: 0.7901, IoU: 0.6877
Epoch: 11, Dataset: val, Dice: 0.6800, IoU: 0.5671
### Best Model Saved (Dice improved from 0.6564 to 0.6800) ###
2026-09-18 19:40:33.765902 Epoch [012/200], Step [0062/0062], LR: 0.000496, Loss: 0.6488
Epoch: 12, Dataset: test, Dice: 0.7370, IoU: 0.6201
Epoch: 12, Dataset: val, Dice: 0.6892, IoU: 0.5751
### Best Model Saved (Dice improved from 0.6800 to 0.6892) ###
2026-09-18 19:40:57.103570 Epoch [013/200], Step [0062/0062], LR: 0.000496, Loss: 0.6196
Epoch: 13, Dataset: test, Dice: 0.8153, IoU: 0.7214
Epoch: 13, Dataset: val, Dice: 0.7324, IoU: 0.6305
### Best Model Saved (Dice improved from 0.6892 to 0.7324) ###
2026-09-18 19:41:20.691950 Epoch [014/200], Step [0062/0062], LR: 0.000495, Loss: 0.5661
Epoch: 14, Dataset: test, Dice: 0.7214, IoU: 0.6194
Epoch: 14, Dataset: val, Dice: 0.6426, IoU: 0.5243
2026-09-18 19:41:44.307205 Epoch [015/200], Step [0062/0062], LR: 0.000494, Loss: 0.5623
Epoch: 15, Dataset: test, Dice: 0.8356, IoU: 0.7509
Epoch: 15, Dataset: val, Dice: 0.7174, IoU: 0.6164
2026-09-18 19:42:07.550044 Epoch [016/200], Step [0062/0062], LR: 0.000493, Loss: 0.6022
Epoch: 16, Dataset: test, Dice: 0.8051, IoU: 0.7143
Epoch: 16, Dataset: val, Dice: 0.7454, IoU: 0.6476
### Best Model Saved (Dice improved from 0.7324 to 0.7454) ###
2026-09-18 19:42:30.954921 Epoch [017/200], Step [0062/0062], LR: 0.000492, Loss: 0.5619
Epoch: 17, Dataset: test, Dice: 0.8190, IoU: 0.7206
Epoch: 17, Dataset: val, Dice: 0.7572, IoU: 0.6500
### Best Model Saved (Dice improved from 0.7454 to 0.7572) ###
2026-09-18 19:42:54.276244 Epoch [018/200], Step [0062/0062], LR: 0.000491, Loss: 0.5495
Epoch: 18, Dataset: test, Dice: 0.8192, IoU: 0.7234
Epoch: 18, Dataset: val, Dice: 0.7549, IoU: 0.6583
2026-09-18 19:43:17.878003 Epoch [019/200], Step [0062/0062], LR: 0.000490, Loss: 0.5406
Epoch: 19, Dataset: test, Dice: 0.8440, IoU: 0.7553
Epoch: 19, Dataset: val, Dice: 0.6905, IoU: 0.5924
2026-09-18 19:43:41.505094 Epoch [020/200], Step [0062/0062], LR: 0.000489, Loss: 0.5219
Epoch: 20, Dataset: test, Dice: 0.8376, IoU: 0.7490
Epoch: 20, Dataset: val, Dice: 0.7310, IoU: 0.6296
2026-09-18 19:44:04.698027 Epoch [021/200], Step [0062/0062], LR: 0.000488, Loss: 0.4908
Epoch: 21, Dataset: test, Dice: 0.8253, IoU: 0.7343
Epoch: 21, Dataset: val, Dice: 0.7633, IoU: 0.6610
### Best Model Saved (Dice improved from 0.7572 to 0.7633) ###
2026-09-18 19:44:28.250240 Epoch [022/200], Step [0062/0062], LR: 0.000487, Loss: 0.4565
Epoch: 22, Dataset: test, Dice: 0.8196, IoU: 0.7261
Epoch: 22, Dataset: val, Dice: 0.7163, IoU: 0.6239
2026-09-18 19:44:51.881045 Epoch [023/200], Step [0062/0062], LR: 0.000485, Loss: 0.4715
Epoch: 23, Dataset: test, Dice: 0.8401, IoU: 0.7553
Epoch: 23, Dataset: val, Dice: 0.7862, IoU: 0.6918
### Best Model Saved (Dice improved from 0.7633 to 0.7862) ###
2026-09-18 19:45:15.049190 Epoch [024/200], Step [0062/0062], LR: 0.000484, Loss: 0.4626
Epoch: 24, Dataset: test, Dice: 0.8388, IoU: 0.7499
Epoch: 24, Dataset: val, Dice: 0.7783, IoU: 0.6861
2026-09-18 19:45:38.466450 Epoch [025/200], Step [0062/0062], LR: 0.000482, Loss: 0.4528
Epoch: 25, Dataset: test, Dice: 0.8517, IoU: 0.7658
Epoch: 25, Dataset: val, Dice: 0.7563, IoU: 0.6564
2026-09-18 19:46:01.517055 Epoch [026/200], Step [0062/0062], LR: 0.000481, Loss: 0.4342
Epoch: 26, Dataset: test, Dice: 0.8147, IoU: 0.7313
Epoch: 26, Dataset: val, Dice: 0.7628, IoU: 0.6620
2026-09-18 19:46:24.978446 Epoch [027/200], Step [0062/0062], LR: 0.000479, Loss: 0.4269
Epoch: 27, Dataset: test, Dice: 0.7970, IoU: 0.6979
Epoch: 27, Dataset: val, Dice: 0.7205, IoU: 0.6233
2026-09-18 19:46:48.271077 Epoch [028/200], Step [0062/0062], LR: 0.000478, Loss: 0.4134
Epoch: 28, Dataset: test, Dice: 0.8692, IoU: 0.7845
Epoch: 28, Dataset: val, Dice: 0.8205, IoU: 0.7308
### Best Model Saved (Dice improved from 0.7862 to 0.8205) ###
2026-09-18 19:47:11.670548 Epoch [029/200], Step [0062/0062], LR: 0.000476, Loss: 0.4305
Epoch: 29, Dataset: test, Dice: 0.8441, IoU: 0.7532
Epoch: 29, Dataset: val, Dice: 0.7954, IoU: 0.7021
2026-09-18 19:47:35.029874 Epoch [030/200], Step [0062/0062], LR: 0.000475, Loss: 0.4190
Epoch: 30, Dataset: test, Dice: 0.8729, IoU: 0.7961
Epoch: 30, Dataset: val, Dice: 0.8121, IoU: 0.7232
2026-09-18 19:47:58.586209 Epoch [031/200], Step [0062/0062], LR: 0.000473, Loss: 0.4052
Epoch: 31, Dataset: test, Dice: 0.8028, IoU: 0.7031
Epoch: 31, Dataset: val, Dice: 0.7508, IoU: 0.6472
2026-09-18 19:48:21.491742 Epoch [032/200], Step [0062/0062], LR: 0.000471, Loss: 0.3987
Epoch: 32, Dataset: test, Dice: 0.8019, IoU: 0.7058
Epoch: 32, Dataset: val, Dice: 0.7547, IoU: 0.6530
2026-09-18 19:48:44.536155 Epoch [033/200], Step [0062/0062], LR: 0.000469, Loss: 0.3927
Epoch: 33, Dataset: test, Dice: 0.8709, IoU: 0.7913
Epoch: 33, Dataset: val, Dice: 0.7889, IoU: 0.6967
2026-09-18 19:49:07.887739 Epoch [034/200], Step [0062/0062], LR: 0.000467, Loss: 0.3717
Epoch: 34, Dataset: test, Dice: 0.8699, IoU: 0.7909
Epoch: 34, Dataset: val, Dice: 0.8139, IoU: 0.7180
2026-09-18 19:49:31.050580 Epoch [035/200], Step [0062/0062], LR: 0.000465, Loss: 0.3739
Epoch: 35, Dataset: test, Dice: 0.8784, IoU: 0.8026
Epoch: 35, Dataset: val, Dice: 0.8177, IoU: 0.7312
2026-09-18 19:49:54.464411 Epoch [036/200], Step [0062/0062], LR: 0.000463, Loss: 0.3680
Epoch: 36, Dataset: test, Dice: 0.8779, IoU: 0.8000
Epoch: 36, Dataset: val, Dice: 0.8237, IoU: 0.7386
### Best Model Saved (Dice improved from 0.8205 to 0.8237) ###
2026-09-18 19:50:18.079093 Epoch [037/200], Step [0062/0062], LR: 0.000461, Loss: 0.3828
Epoch: 37, Dataset: test, Dice: 0.8868, IoU: 0.8145
Epoch: 37, Dataset: val, Dice: 0.8341, IoU: 0.7476
### Best Model Saved (Dice improved from 0.8237 to 0.8341) ###
2026-09-18 19:50:41.352792 Epoch [038/200], Step [0062/0062], LR: 0.000459, Loss: 0.3532
Epoch: 38, Dataset: test, Dice: 0.8742, IoU: 0.7977
Epoch: 38, Dataset: val, Dice: 0.8034, IoU: 0.7120
2026-09-18 19:51:05.378485 Epoch [039/200], Step [0062/0062], LR: 0.000457, Loss: 0.3651
Epoch: 39, Dataset: test, Dice: 0.8874, IoU: 0.8152
Epoch: 39, Dataset: val, Dice: 0.8180, IoU: 0.7334
2026-09-18 19:51:29.078660 Epoch [040/200], Step [0062/0062], LR: 0.000455, Loss: 0.3472
Epoch: 40, Dataset: test, Dice: 0.8970, IoU: 0.8284
Epoch: 40, Dataset: val, Dice: 0.8289, IoU: 0.7407
2026-09-18 19:51:52.867400 Epoch [041/200], Step [0062/0062], LR: 0.000452, Loss: 0.3458
Epoch: 41, Dataset: test, Dice: 0.8555, IoU: 0.7700
Epoch: 41, Dataset: val, Dice: 0.8069, IoU: 0.7072
2026-09-18 19:52:16.998761 Epoch [042/200], Step [0062/0062], LR: 0.000450, Loss: 0.3297
Epoch: 42, Dataset: test, Dice: 0.9222, IoU: 0.8611
Epoch: 42, Dataset: val, Dice: 0.8562, IoU: 0.7802
### Best Model Saved (Dice improved from 0.8341 to 0.8562) ###
2026-09-18 19:52:40.235881 Epoch [043/200], Step [0062/0062], LR: 0.000448, Loss: 0.3135
Epoch: 43, Dataset: test, Dice: 0.8923, IoU: 0.8235
Epoch: 43, Dataset: val, Dice: 0.8208, IoU: 0.7305
2026-09-18 19:53:03.519411 Epoch [044/200], Step [0062/0062], LR: 0.000445, Loss: 0.3253
Epoch: 44, Dataset: test, Dice: 0.8799, IoU: 0.8045
Epoch: 44, Dataset: val, Dice: 0.8056, IoU: 0.7121
2026-09-18 19:53:26.811481 Epoch [045/200], Step [0062/0062], LR: 0.000443, Loss: 0.3111
Epoch: 45, Dataset: test, Dice: 0.8953, IoU: 0.8280
Epoch: 45, Dataset: val, Dice: 0.8492, IoU: 0.7708
2026-09-18 19:53:50.761692 Epoch [046/200], Step [0062/0062], LR: 0.000440, Loss: 0.3169
Epoch: 46, Dataset: test, Dice: 0.8698, IoU: 0.7957
Epoch: 46, Dataset: val, Dice: 0.8192, IoU: 0.7304
2026-09-18 19:54:17.436164 Epoch [047/200], Step [0062/0062], LR: 0.000438, Loss: 0.3168
Epoch: 47, Dataset: test, Dice: 0.8874, IoU: 0.8176
Epoch: 47, Dataset: val, Dice: 0.8214, IoU: 0.7423
2026-09-18 19:54:43.680551 Epoch [048/200], Step [0062/0062], LR: 0.000435, Loss: 0.3071
Epoch: 48, Dataset: test, Dice: 0.8708, IoU: 0.7955
Epoch: 48, Dataset: val, Dice: 0.7988, IoU: 0.7117
2026-09-18 19:55:06.723708 Epoch [049/200], Step [0062/0062], LR: 0.000432, Loss: 0.3713
Epoch: 49, Dataset: test, Dice: 0.8484, IoU: 0.7658
Epoch: 49, Dataset: val, Dice: 0.8101, IoU: 0.7186
2026-09-18 19:55:29.657503 Epoch [050/200], Step [0062/0062], LR: 0.000430, Loss: 0.3415
Epoch: 50, Dataset: test, Dice: 0.9199, IoU: 0.8626
Epoch: 50, Dataset: val, Dice: 0.8684, IoU: 0.7932
### Best Model Saved (Dice improved from 0.8562 to 0.8684) ###
2026-09-18 19:55:53.645533 Epoch [051/200], Step [0062/0062], LR: 0.000427, Loss: 0.3070
Epoch: 51, Dataset: test, Dice: 0.8913, IoU: 0.8189
Epoch: 51, Dataset: val, Dice: 0.8411, IoU: 0.7584
2026-09-18 19:56:19.398000 Epoch [052/200], Step [0062/0062], LR: 0.000424, Loss: 0.3386
Epoch: 52, Dataset: test, Dice: 0.9081, IoU: 0.8465
Epoch: 52, Dataset: val, Dice: 0.8545, IoU: 0.7769
2026-09-18 19:56:48.077620 Epoch [053/200], Step [0062/0062], LR: 0.000421, Loss: 0.2970
Epoch: 53, Dataset: test, Dice: 0.8910, IoU: 0.8209
Epoch: 53, Dataset: val, Dice: 0.8295, IoU: 0.7408
2026-09-18 19:57:11.547453 Epoch [054/200], Step [0062/0062], LR: 0.000418, Loss: 0.2978
Epoch: 54, Dataset: test, Dice: 0.9245, IoU: 0.8664
Epoch: 54, Dataset: val, Dice: 0.8437, IoU: 0.7648
2026-09-18 19:57:34.146238 Epoch [055/200], Step [0062/0062], LR: 0.000415, Loss: 0.3006
Epoch: 55, Dataset: test, Dice: 0.9021, IoU: 0.8371
Epoch: 55, Dataset: val, Dice: 0.8586, IoU: 0.7800
2026-09-18 19:57:56.852353 Epoch [056/200], Step [0062/0062], LR: 0.000413, Loss: 0.2922
Epoch: 56, Dataset: test, Dice: 0.8848, IoU: 0.8195
Epoch: 56, Dataset: val, Dice: 0.8369, IoU: 0.7564
2026-09-18 19:58:19.556110 Epoch [057/200], Step [0062/0062], LR: 0.000410, Loss: 0.2939
Epoch: 57, Dataset: test, Dice: 0.9130, IoU: 0.8489
Epoch: 57, Dataset: val, Dice: 0.8575, IoU: 0.7766
2026-09-18 19:58:42.212551 Epoch [058/200], Step [0062/0062], LR: 0.000406, Loss: 0.2991
Epoch: 58, Dataset: test, Dice: 0.8921, IoU: 0.8236
Epoch: 58, Dataset: val, Dice: 0.8307, IoU: 0.7479
2026-09-18 19:59:04.794624 Epoch [059/200], Step [0062/0062], LR: 0.000403, Loss: 0.2766
Epoch: 59, Dataset: test, Dice: 0.8699, IoU: 0.7963
Epoch: 59, Dataset: val, Dice: 0.8350, IoU: 0.7516
2026-09-18 19:59:27.784814 Epoch [060/200], Step [0062/0062], LR: 0.000400, Loss: 0.2896
Epoch: 60, Dataset: test, Dice: 0.9208, IoU: 0.8635
Epoch: 60, Dataset: val, Dice: 0.8558, IoU: 0.7818
2026-09-18 19:59:50.830271 Epoch [061/200], Step [0062/0062], LR: 0.000397, Loss: 0.2781
Epoch: 61, Dataset: test, Dice: 0.9311, IoU: 0.8779
Epoch: 61, Dataset: val, Dice: 0.8528, IoU: 0.7725
2026-09-18 20:00:13.448870 Epoch [062/200], Step [0062/0062], LR: 0.000394, Loss: 0.2792
Epoch: 62, Dataset: test, Dice: 0.9092, IoU: 0.8464
Epoch: 62, Dataset: val, Dice: 0.8267, IoU: 0.7435
2026-09-18 20:00:36.236347 Epoch [063/200], Step [0062/0062], LR: 0.000391, Loss: 0.2832
Epoch: 63, Dataset: test, Dice: 0.8905, IoU: 0.8210
Epoch: 63, Dataset: val, Dice: 0.8454, IoU: 0.7603
2026-09-18 20:00:59.152068 Epoch [064/200], Step [0062/0062], LR: 0.000387, Loss: 0.2619
Epoch: 64, Dataset: test, Dice: 0.9071, IoU: 0.8422
Epoch: 64, Dataset: val, Dice: 0.8361, IoU: 0.7510
2026-09-18 20:01:22.075872 Epoch [065/200], Step [0062/0062], LR: 0.000384, Loss: 0.2651
Epoch: 65, Dataset: test, Dice: 0.9080, IoU: 0.8432
Epoch: 65, Dataset: val, Dice: 0.8462, IoU: 0.7679
2026-09-18 20:01:45.366609 Epoch [066/200], Step [0062/0062], LR: 0.000381, Loss: 0.2543
Epoch: 66, Dataset: test, Dice: 0.9196, IoU: 0.8626
Epoch: 66, Dataset: val, Dice: 0.8653, IoU: 0.7939
2026-09-18 20:02:08.370424 Epoch [067/200], Step [0062/0062], LR: 0.000378, Loss: 0.2672
Epoch: 67, Dataset: test, Dice: 0.9163, IoU: 0.8567
Epoch: 67, Dataset: val, Dice: 0.8570, IoU: 0.7786
2026-09-18 20:02:31.373666 Epoch [068/200], Step [0062/0062], LR: 0.000374, Loss: 0.2633
Epoch: 68, Dataset: test, Dice: 0.9124, IoU: 0.8504
Epoch: 68, Dataset: val, Dice: 0.8678, IoU: 0.7934
2026-09-18 20:02:54.387494 Epoch [069/200], Step [0062/0062], LR: 0.000371, Loss: 0.2669
Epoch: 69, Dataset: test, Dice: 0.9141, IoU: 0.8525
Epoch: 69, Dataset: val, Dice: 0.8645, IoU: 0.7942
2026-09-18 20:03:16.942915 Epoch [070/200], Step [0062/0062], LR: 0.000367, Loss: 0.2683
Epoch: 70, Dataset: test, Dice: 0.9277, IoU: 0.8703
Epoch: 70, Dataset: val, Dice: 0.8677, IoU: 0.7920
2026-09-18 20:03:39.899028 Epoch [071/200], Step [0062/0062], LR: 0.000364, Loss: 0.2683
Epoch: 71, Dataset: test, Dice: 0.9366, IoU: 0.8850
Epoch: 71, Dataset: val, Dice: 0.8797, IoU: 0.8078
### Best Model Saved (Dice improved from 0.8684 to 0.8797) ###
2026-09-18 20:04:06.873232 Epoch [072/200], Step [0062/0062], LR: 0.000360, Loss: 0.2598
Epoch: 72, Dataset: test, Dice: 0.9079, IoU: 0.8517
Epoch: 72, Dataset: val, Dice: 0.8562, IoU: 0.7758
2026-09-18 20:04:32.205237 Epoch [073/200], Step [0062/0062], LR: 0.000357, Loss: 0.2540
Epoch: 73, Dataset: test, Dice: 0.9222, IoU: 0.8641
Epoch: 73, Dataset: val, Dice: 0.8763, IoU: 0.8013
2026-09-18 20:04:54.766440 Epoch [074/200], Step [0062/0062], LR: 0.000353, Loss: 0.2467
Epoch: 74, Dataset: test, Dice: 0.8981, IoU: 0.8322
Epoch: 74, Dataset: val, Dice: 0.8732, IoU: 0.7989
2026-09-18 20:05:16.959957 Epoch [075/200], Step [0062/0062], LR: 0.000350, Loss: 0.2541
Epoch: 75, Dataset: test, Dice: 0.9017, IoU: 0.8421
Epoch: 75, Dataset: val, Dice: 0.8722, IoU: 0.7982
2026-09-18 20:05:40.123078 Epoch [076/200], Step [0062/0062], LR: 0.000346, Loss: 0.2329
Epoch: 76, Dataset: test, Dice: 0.9115, IoU: 0.8539
Epoch: 76, Dataset: val, Dice: 0.8873, IoU: 0.8174
### Best Model Saved (Dice improved from 0.8797 to 0.8873) ###
2026-09-18 20:06:05.474811 Epoch [077/200], Step [0062/0062], LR: 0.000342, Loss: 0.2495
Epoch: 77, Dataset: test, Dice: 0.9147, IoU: 0.8552
Epoch: 77, Dataset: val, Dice: 0.8824, IoU: 0.8183
2026-09-18 20:06:34.529883 Epoch [078/200], Step [0062/0062], LR: 0.000339, Loss: 0.2403
Epoch: 78, Dataset: test, Dice: 0.9343, IoU: 0.8803
Epoch: 78, Dataset: val, Dice: 0.8829, IoU: 0.8127
2026-09-18 20:06:58.892890 Epoch [079/200], Step [0062/0062], LR: 0.000335, Loss: 0.2462
Epoch: 79, Dataset: test, Dice: 0.9083, IoU: 0.8481
Epoch: 79, Dataset: val, Dice: 0.8702, IoU: 0.7959
2026-09-18 20:07:21.585176 Epoch [080/200], Step [0062/0062], LR: 0.000331, Loss: 0.2546
Epoch: 80, Dataset: test, Dice: 0.9185, IoU: 0.8597
Epoch: 80, Dataset: val, Dice: 0.8688, IoU: 0.7921
2026-09-18 20:07:44.118738 Epoch [081/200], Step [0062/0062], LR: 0.000328, Loss: 0.2361
Epoch: 81, Dataset: test, Dice: 0.9193, IoU: 0.8610
Epoch: 81, Dataset: val, Dice: 0.8731, IoU: 0.8003
2026-09-18 20:08:06.644016 Epoch [082/200], Step [0062/0062], LR: 0.000324, Loss: 0.2230
Epoch: 82, Dataset: test, Dice: 0.8986, IoU: 0.8336
Epoch: 82, Dataset: val, Dice: 0.8640, IoU: 0.7889
2026-09-18 20:08:29.651848 Epoch [083/200], Step [0062/0062], LR: 0.000320, Loss: 0.2243
Epoch: 83, Dataset: test, Dice: 0.9107, IoU: 0.8476
Epoch: 83, Dataset: val, Dice: 0.8755, IoU: 0.8020
2026-09-18 20:08:52.315437 Epoch [084/200], Step [0062/0062], LR: 0.000316, Loss: 0.2339
Epoch: 84, Dataset: test, Dice: 0.9233, IoU: 0.8659
Epoch: 84, Dataset: val, Dice: 0.8759, IoU: 0.8056
2026-09-18 20:09:14.957148 Epoch [085/200], Step [0062/0062], LR: 0.000313, Loss: 0.2244
Epoch: 85, Dataset: test, Dice: 0.9171, IoU: 0.8636
Epoch: 85, Dataset: val, Dice: 0.8833, IoU: 0.8133
2026-09-18 20:09:38.052941 Epoch [086/200], Step [0062/0062], LR: 0.000309, Loss: 0.2216
Epoch: 86, Dataset: test, Dice: 0.9242, IoU: 0.8682
Epoch: 86, Dataset: val, Dice: 0.8711, IoU: 0.7998
2026-09-18 20:10:01.657814 Epoch [087/200], Step [0062/0062], LR: 0.000305, Loss: 0.2273
Epoch: 87, Dataset: test, Dice: 0.9179, IoU: 0.8603
Epoch: 87, Dataset: val, Dice: 0.8829, IoU: 0.8140
2026-09-18 20:10:24.945037 Epoch [088/200], Step [0062/0062], LR: 0.000301, Loss: 0.2242
Epoch: 88, Dataset: test, Dice: 0.8987, IoU: 0.8389
Epoch: 88, Dataset: val, Dice: 0.8708, IoU: 0.8016
2026-09-18 20:10:47.974900 Epoch [089/200], Step [0062/0062], LR: 0.000297, Loss: 0.2185
Epoch: 89, Dataset: test, Dice: 0.9133, IoU: 0.8566
Epoch: 89, Dataset: val, Dice: 0.8804, IoU: 0.8125
2026-09-18 20:11:11.075579 Epoch [090/200], Step [0062/0062], LR: 0.000293, Loss: 0.2197
Epoch: 90, Dataset: test, Dice: 0.9101, IoU: 0.8536
Epoch: 90, Dataset: val, Dice: 0.8871, IoU: 0.8234
2026-09-18 20:11:33.659396 Epoch [091/200], Step [0062/0062], LR: 0.000290, Loss: 0.2281
Epoch: 91, Dataset: test, Dice: 0.9254, IoU: 0.8690
Epoch: 91, Dataset: val, Dice: 0.8857, IoU: 0.8152
2026-09-18 20:11:56.750890 Epoch [092/200], Step [0062/0062], LR: 0.000286, Loss: 0.2177
Epoch: 92, Dataset: test, Dice: 0.9216, IoU: 0.8673
Epoch: 92, Dataset: val, Dice: 0.8805, IoU: 0.8131
2026-09-18 20:12:22.960741 Epoch [093/200], Step [0062/0062], LR: 0.000282, Loss: 0.2311
Epoch: 93, Dataset: test, Dice: 0.9237, IoU: 0.8690
Epoch: 93, Dataset: val, Dice: 0.8888, IoU: 0.8221
### Best Model Saved (Dice improved from 0.8873 to 0.8888) ###
2026-09-18 20:12:49.476516 Epoch [094/200], Step [0062/0062], LR: 0.000278, Loss: 0.2259
Epoch: 94, Dataset: test, Dice: 0.9247, IoU: 0.8692
Epoch: 94, Dataset: val, Dice: 0.8839, IoU: 0.8137
2026-09-18 20:13:13.166067 Epoch [095/200], Step [0062/0062], LR: 0.000274, Loss: 0.2239
Epoch: 95, Dataset: test, Dice: 0.9154, IoU: 0.8582
Epoch: 95, Dataset: val, Dice: 0.8726, IoU: 0.7970
2026-09-18 20:13:36.061209 Epoch [096/200], Step [0062/0062], LR: 0.000270, Loss: 0.2220
Epoch: 96, Dataset: test, Dice: 0.9274, IoU: 0.8734
Epoch: 96, Dataset: val, Dice: 0.8821, IoU: 0.8124
2026-09-18 20:13:59.620726 Epoch [097/200], Step [0062/0062], LR: 0.000266, Loss: 0.2201
Epoch: 97, Dataset: test, Dice: 0.9136, IoU: 0.8547
Epoch: 97, Dataset: val, Dice: 0.8898, IoU: 0.8207
### Best Model Saved (Dice improved from 0.8888 to 0.8898) ###
2026-09-18 20:14:25.520903 Epoch [098/200], Step [0062/0062], LR: 0.000262, Loss: 0.2203
Epoch: 98, Dataset: test, Dice: 0.9235, IoU: 0.8694
Epoch: 98, Dataset: val, Dice: 0.8817, IoU: 0.8163
2026-09-18 20:14:54.823855 Epoch [099/200], Step [0062/0062], LR: 0.000258, Loss: 0.2162
Epoch: 99, Dataset: test, Dice: 0.9213, IoU: 0.8670
Epoch: 99, Dataset: val, Dice: 0.8761, IoU: 0.8083
2026-09-18 20:15:19.158485 Epoch [100/200], Step [0062/0062], LR: 0.000254, Loss: 0.2237
Epoch: 100, Dataset: test, Dice: 0.9163, IoU: 0.8586
Epoch: 100, Dataset: val, Dice: 0.8773, IoU: 0.8116
2026-09-18 20:15:41.479348 Epoch [101/200], Step [0062/0062], LR: 0.000250, Loss: 0.2269
Epoch: 101, Dataset: test, Dice: 0.9059, IoU: 0.8464
Epoch: 101, Dataset: val, Dice: 0.8825, IoU: 0.8127
2026-09-18 20:16:04.279831 Epoch [102/200], Step [0062/0062], LR: 0.000247, Loss: 0.2314
Epoch: 102, Dataset: test, Dice: 0.9261, IoU: 0.8684
Epoch: 102, Dataset: val, Dice: 0.8682, IoU: 0.7944
2026-09-18 20:16:28.152030 Epoch [103/200], Step [0062/0062], LR: 0.000243, Loss: 0.2165
Epoch: 103, Dataset: test, Dice: 0.9152, IoU: 0.8589
Epoch: 103, Dataset: val, Dice: 0.8922, IoU: 0.8249
### Best Model Saved (Dice improved from 0.8898 to 0.8922) ###
2026-09-18 20:16:51.729763 Epoch [104/200], Step [0062/0062], LR: 0.000239, Loss: 0.2160
Epoch: 104, Dataset: test, Dice: 0.9286, IoU: 0.8774
Epoch: 104, Dataset: val, Dice: 0.8878, IoU: 0.8184
2026-09-18 20:17:14.897967 Epoch [105/200], Step [0062/0062], LR: 0.000235, Loss: 0.2231
Epoch: 105, Dataset: test, Dice: 0.9302, IoU: 0.8796
Epoch: 105, Dataset: val, Dice: 0.8765, IoU: 0.8071
2026-09-18 20:17:38.148693 Epoch [106/200], Step [0062/0062], LR: 0.000231, Loss: 0.2134
Epoch: 106, Dataset: test, Dice: 0.9292, IoU: 0.8728
Epoch: 106, Dataset: val, Dice: 0.8816, IoU: 0.8147
2026-09-18 20:18:01.548115 Epoch [107/200], Step [0062/0062], LR: 0.000227, Loss: 0.2095
Epoch: 107, Dataset: test, Dice: 0.9339, IoU: 0.8818
Epoch: 107, Dataset: val, Dice: 0.8942, IoU: 0.8297
### Best Model Saved (Dice improved from 0.8922 to 0.8942) ###
2026-09-18 20:18:24.817210 Epoch [108/200], Step [0062/0062], LR: 0.000223, Loss: 0.2052
Epoch: 108, Dataset: test, Dice: 0.8959, IoU: 0.8323
Epoch: 108, Dataset: val, Dice: 0.8737, IoU: 0.8011
2026-09-18 20:18:47.883183 Epoch [109/200], Step [0062/0062], LR: 0.000219, Loss: 0.2014
Epoch: 109, Dataset: test, Dice: 0.9256, IoU: 0.8698
Epoch: 109, Dataset: val, Dice: 0.8748, IoU: 0.8030
2026-09-18 20:19:11.498026 Epoch [110/200], Step [0062/0062], LR: 0.000215, Loss: 0.1995
Epoch: 110, Dataset: test, Dice: 0.9305, IoU: 0.8793
Epoch: 110, Dataset: val, Dice: 0.8853, IoU: 0.8178
2026-09-18 20:19:34.915671 Epoch [111/200], Step [0062/0062], LR: 0.000211, Loss: 0.2026
Epoch: 111, Dataset: test, Dice: 0.9209, IoU: 0.8682
Epoch: 111, Dataset: val, Dice: 0.8914, IoU: 0.8277
2026-09-18 20:19:58.025952 Epoch [112/200], Step [0062/0062], LR: 0.000208, Loss: 0.2007
Epoch: 112, Dataset: test, Dice: 0.9217, IoU: 0.8675
Epoch: 112, Dataset: val, Dice: 0.8900, IoU: 0.8226
2026-09-18 20:20:21.251735 Epoch [113/200], Step [0062/0062], LR: 0.000204, Loss: 0.1973
Epoch: 113, Dataset: test, Dice: 0.9043, IoU: 0.8448
Epoch: 113, Dataset: val, Dice: 0.8882, IoU: 0.8163
2026-09-18 20:20:44.303305 Epoch [114/200], Step [0062/0062], LR: 0.000200, Loss: 0.1999
Epoch: 114, Dataset: test, Dice: 0.9235, IoU: 0.8700
Epoch: 114, Dataset: val, Dice: 0.8968, IoU: 0.8313
### Best Model Saved (Dice improved from 0.8942 to 0.8968) ###
2026-09-18 20:21:07.435849 Epoch [115/200], Step [0062/0062], LR: 0.000196, Loss: 0.2085
Epoch: 115, Dataset: test, Dice: 0.9248, IoU: 0.8716
Epoch: 115, Dataset: val, Dice: 0.8967, IoU: 0.8345
2026-09-18 20:21:30.611259 Epoch [116/200], Step [0062/0062], LR: 0.000192, Loss: 0.2036
Epoch: 116, Dataset: test, Dice: 0.9272, IoU: 0.8739
Epoch: 116, Dataset: val, Dice: 0.8833, IoU: 0.8178
2026-09-18 20:21:54.185040 Epoch [117/200], Step [0062/0062], LR: 0.000188, Loss: 0.1979
Epoch: 117, Dataset: test, Dice: 0.9196, IoU: 0.8641
Epoch: 117, Dataset: val, Dice: 0.8869, IoU: 0.8234
2026-09-18 20:22:17.319170 Epoch [118/200], Step [0062/0062], LR: 0.000185, Loss: 0.2032
Epoch: 118, Dataset: test, Dice: 0.9327, IoU: 0.8816
Epoch: 118, Dataset: val, Dice: 0.8754, IoU: 0.8035
2026-09-18 20:22:40.512909 Epoch [119/200], Step [0062/0062], LR: 0.000181, Loss: 0.1913
Epoch: 119, Dataset: test, Dice: 0.9274, IoU: 0.8726
Epoch: 119, Dataset: val, Dice: 0.9030, IoU: 0.8419
### Best Model Saved (Dice improved from 0.8968 to 0.9030) ###
2026-09-18 20:23:04.338681 Epoch [120/200], Step [0062/0062], LR: 0.000177, Loss: 0.1958
Epoch: 120, Dataset: test, Dice: 0.9307, IoU: 0.8786
Epoch: 120, Dataset: val, Dice: 0.8879, IoU: 0.8225
2026-09-18 20:23:27.817280 Epoch [121/200], Step [0062/0062], LR: 0.000173, Loss: 0.1937
Epoch: 121, Dataset: test, Dice: 0.9265, IoU: 0.8710
Epoch: 121, Dataset: val, Dice: 0.9058, IoU: 0.8424
### Best Model Saved (Dice improved from 0.9030 to 0.9058) ###
2026-09-18 20:23:50.940090 Epoch [122/200], Step [0062/0062], LR: 0.000170, Loss: 0.1993
Epoch: 122, Dataset: test, Dice: 0.9223, IoU: 0.8666
Epoch: 122, Dataset: val, Dice: 0.8952, IoU: 0.8286
2026-09-18 20:24:14.367361 Epoch [123/200], Step [0062/0062], LR: 0.000166, Loss: 0.1920
Epoch: 123, Dataset: test, Dice: 0.9249, IoU: 0.8728
Epoch: 123, Dataset: val, Dice: 0.8925, IoU: 0.8252
2026-09-18 20:24:37.929908 Epoch [124/200], Step [0062/0062], LR: 0.000162, Loss: 0.1992
Epoch: 124, Dataset: test, Dice: 0.9218, IoU: 0.8670
Epoch: 124, Dataset: val, Dice: 0.8950, IoU: 0.8270
2026-09-18 20:25:01.400861 Epoch [125/200], Step [0062/0062], LR: 0.000159, Loss: 0.2093
Epoch: 125, Dataset: test, Dice: 0.9196, IoU: 0.8622
Epoch: 125, Dataset: val, Dice: 0.8816, IoU: 0.8113
2026-09-18 20:25:24.830655 Epoch [126/200], Step [0062/0062], LR: 0.000155, Loss: 0.2188
Epoch: 126, Dataset: test, Dice: 0.9341, IoU: 0.8812
Epoch: 126, Dataset: val, Dice: 0.8914, IoU: 0.8238
2026-09-18 20:25:49.423488 Epoch [127/200], Step [0062/0062], LR: 0.000151, Loss: 0.2041
Epoch: 127, Dataset: test, Dice: 0.9360, IoU: 0.8853
Epoch: 127, Dataset: val, Dice: 0.9006, IoU: 0.8376
2026-09-18 20:26:13.930927 Epoch [128/200], Step [0062/0062], LR: 0.000148, Loss: 0.2004
Epoch: 128, Dataset: test, Dice: 0.9152, IoU: 0.8597
Epoch: 128, Dataset: val, Dice: 0.8829, IoU: 0.8119
2026-09-18 20:26:38.045436 Epoch [129/200], Step [0062/0062], LR: 0.000144, Loss: 0.1965
Epoch: 129, Dataset: test, Dice: 0.9316, IoU: 0.8813
Epoch: 129, Dataset: val, Dice: 0.9051, IoU: 0.8433
2026-09-18 20:27:02.358790 Epoch [130/200], Step [0062/0062], LR: 0.000141, Loss: 0.1963
Epoch: 130, Dataset: test, Dice: 0.9239, IoU: 0.8704
Epoch: 130, Dataset: val, Dice: 0.8999, IoU: 0.8360
2026-09-18 20:27:26.621964 Epoch [131/200], Step [0062/0062], LR: 0.000137, Loss: 0.1978
Epoch: 131, Dataset: test, Dice: 0.9277, IoU: 0.8771
Epoch: 131, Dataset: val, Dice: 0.8977, IoU: 0.8321
2026-09-18 20:27:50.451728 Epoch [132/200], Step [0062/0062], LR: 0.000134, Loss: 0.1852
Epoch: 132, Dataset: test, Dice: 0.9343, IoU: 0.8822
Epoch: 132, Dataset: val, Dice: 0.8878, IoU: 0.8191
2026-09-18 20:28:14.050130 Epoch [133/200], Step [0062/0062], LR: 0.000130, Loss: 0.1871
Epoch: 133, Dataset: test, Dice: 0.9317, IoU: 0.8799
Epoch: 133, Dataset: val, Dice: 0.9076, IoU: 0.8467
### Best Model Saved (Dice improved from 0.9058 to 0.9076) ###
2026-09-18 20:28:37.483444 Epoch [134/200], Step [0062/0062], LR: 0.000127, Loss: 0.1936
Epoch: 134, Dataset: test, Dice: 0.9231, IoU: 0.8689
Epoch: 134, Dataset: val, Dice: 0.9065, IoU: 0.8459
2026-09-18 20:29:01.097610 Epoch [135/200], Step [0062/0062], LR: 0.000123, Loss: 0.1861
Epoch: 135, Dataset: test, Dice: 0.9356, IoU: 0.8842
Epoch: 135, Dataset: val, Dice: 0.8985, IoU: 0.8336
2026-09-18 20:29:24.149730 Epoch [136/200], Step [0062/0062], LR: 0.000120, Loss: 0.1782
Epoch: 136, Dataset: test, Dice: 0.9375, IoU: 0.8869
Epoch: 136, Dataset: val, Dice: 0.8991, IoU: 0.8373
2026-09-18 20:29:47.507652 Epoch [137/200], Step [0062/0062], LR: 0.000117, Loss: 0.1878
Epoch: 137, Dataset: test, Dice: 0.9284, IoU: 0.8743
Epoch: 137, Dataset: val, Dice: 0.9021, IoU: 0.8379
2026-09-18 20:30:10.041213 Epoch [138/200], Step [0062/0062], LR: 0.000114, Loss: 0.1850
Epoch: 138, Dataset: test, Dice: 0.9283, IoU: 0.8745
Epoch: 138, Dataset: val, Dice: 0.9053, IoU: 0.8437
2026-09-18 20:30:33.015429 Epoch [139/200], Step [0062/0062], LR: 0.000110, Loss: 0.1818
Epoch: 139, Dataset: test, Dice: 0.9320, IoU: 0.8790
Epoch: 139, Dataset: val, Dice: 0.8951, IoU: 0.8287
2026-09-18 20:30:56.504042 Epoch [140/200], Step [0062/0062], LR: 0.000107, Loss: 0.1851
Epoch: 140, Dataset: test, Dice: 0.9347, IoU: 0.8826
Epoch: 140, Dataset: val, Dice: 0.8996, IoU: 0.8350
2026-09-18 20:31:19.969685 Epoch [141/200], Step [0062/0062], LR: 0.000104, Loss: 0.1742
Epoch: 141, Dataset: test, Dice: 0.9334, IoU: 0.8820
Epoch: 141, Dataset: val, Dice: 0.9010, IoU: 0.8364
2026-09-18 20:31:43.466472 Epoch [142/200], Step [0062/0062], LR: 0.000101, Loss: 0.1955
Epoch: 142, Dataset: test, Dice: 0.9253, IoU: 0.8698
Epoch: 142, Dataset: val, Dice: 0.8864, IoU: 0.8168
2026-09-18 20:32:06.944255 Epoch [143/200], Step [0062/0062], LR: 0.000098, Loss: 0.1884
Epoch: 143, Dataset: test, Dice: 0.9321, IoU: 0.8795
Epoch: 143, Dataset: val, Dice: 0.8929, IoU: 0.8302
2026-09-18 20:32:30.015882 Epoch [144/200], Step [0062/0062], LR: 0.000095, Loss: 0.1794
Epoch: 144, Dataset: test, Dice: 0.9293, IoU: 0.8755
Epoch: 144, Dataset: val, Dice: 0.8938, IoU: 0.8311
2026-09-18 20:32:53.190092 Epoch [145/200], Step [0062/0062], LR: 0.000091, Loss: 0.1805
Epoch: 145, Dataset: test, Dice: 0.9335, IoU: 0.8809
Epoch: 145, Dataset: val, Dice: 0.8921, IoU: 0.8272
2026-09-18 20:33:16.524640 Epoch [146/200], Step [0062/0062], LR: 0.000088, Loss: 0.1898
Epoch: 146, Dataset: test, Dice: 0.9247, IoU: 0.8711
Epoch: 146, Dataset: val, Dice: 0.9083, IoU: 0.8488
### Best Model Saved (Dice improved from 0.9076 to 0.9083) ###
2026-09-18 20:33:40.001251 Epoch [147/200], Step [0062/0062], LR: 0.000086, Loss: 0.1775
Epoch: 147, Dataset: test, Dice: 0.9274, IoU: 0.8732
Epoch: 147, Dataset: val, Dice: 0.8954, IoU: 0.8301
2026-09-18 20:34:03.603474 Epoch [148/200], Step [0062/0062], LR: 0.000083, Loss: 0.1823
Epoch: 148, Dataset: test, Dice: 0.9252, IoU: 0.8700
Epoch: 148, Dataset: val, Dice: 0.9003, IoU: 0.8373
2026-09-18 20:34:26.872261 Epoch [149/200], Step [0062/0062], LR: 0.000080, Loss: 0.1863
Epoch: 149, Dataset: test, Dice: 0.9292, IoU: 0.8747
Epoch: 149, Dataset: val, Dice: 0.8970, IoU: 0.8324
2026-09-18 20:34:49.755887 Epoch [150/200], Step [0062/0062], LR: 0.000077, Loss: 0.1839
Epoch: 150, Dataset: test, Dice: 0.9294, IoU: 0.8761
Epoch: 150, Dataset: val, Dice: 0.8969, IoU: 0.8328
2026-09-18 20:35:12.902193 Epoch [151/200], Step [0062/0062], LR: 0.000074, Loss: 0.1834
Epoch: 151, Dataset: test, Dice: 0.9358, IoU: 0.8834
Epoch: 151, Dataset: val, Dice: 0.8889, IoU: 0.8226
2026-09-18 20:35:36.178393 Epoch [152/200], Step [0062/0062], LR: 0.000071, Loss: 0.1777
Epoch: 152, Dataset: test, Dice: 0.9317, IoU: 0.8804
Epoch: 152, Dataset: val, Dice: 0.8968, IoU: 0.8318
2026-09-18 20:35:59.513890 Epoch [153/200], Step [0062/0062], LR: 0.000069, Loss: 0.1742
Epoch: 153, Dataset: test, Dice: 0.9291, IoU: 0.8763
Epoch: 153, Dataset: val, Dice: 0.8990, IoU: 0.8373
2026-09-18 20:36:22.704648 Epoch [154/200], Step [0062/0062], LR: 0.000066, Loss: 0.1870
Epoch: 154, Dataset: test, Dice: 0.9312, IoU: 0.8779
Epoch: 154, Dataset: val, Dice: 0.8999, IoU: 0.8362
2026-09-18 20:36:45.519243 Epoch [155/200], Step [0062/0062], LR: 0.000063, Loss: 0.1742
Epoch: 155, Dataset: test, Dice: 0.9353, IoU: 0.8831
Epoch: 155, Dataset: val, Dice: 0.8914, IoU: 0.8265
2026-09-18 20:37:08.841468 Epoch [156/200], Step [0062/0062], LR: 0.000061, Loss: 0.1810
Epoch: 156, Dataset: test, Dice: 0.9325, IoU: 0.8804
Epoch: 156, Dataset: val, Dice: 0.9009, IoU: 0.8373
2026-09-18 20:37:32.586733 Epoch [157/200], Step [0062/0062], LR: 0.000058, Loss: 0.1782
Epoch: 157, Dataset: test, Dice: 0.9254, IoU: 0.8702
Epoch: 157, Dataset: val, Dice: 0.8954, IoU: 0.8300
2026-09-18 20:37:55.631276 Epoch [158/200], Step [0062/0062], LR: 0.000056, Loss: 0.1794
Epoch: 158, Dataset: test, Dice: 0.9268, IoU: 0.8726
Epoch: 158, Dataset: val, Dice: 0.9032, IoU: 0.8422
2026-09-18 20:38:19.149126 Epoch [159/200], Step [0062/0062], LR: 0.000053, Loss: 0.1706
Epoch: 159, Dataset: test, Dice: 0.9243, IoU: 0.8703
Epoch: 159, Dataset: val, Dice: 0.8931, IoU: 0.8283
2026-09-18 20:38:42.472171 Epoch [160/200], Step [0062/0062], LR: 0.000051, Loss: 0.1803
Epoch: 160, Dataset: test, Dice: 0.9301, IoU: 0.8767
Epoch: 160, Dataset: val, Dice: 0.8928, IoU: 0.8301
2026-09-18 20:39:05.604051 Epoch [161/200], Step [0062/0062], LR: 0.000049, Loss: 0.1722
Epoch: 161, Dataset: test, Dice: 0.9343, IoU: 0.8830
Epoch: 161, Dataset: val, Dice: 0.8929, IoU: 0.8272
2026-09-18 20:39:28.907641 Epoch [162/200], Step [0062/0062], LR: 0.000046, Loss: 0.1776
Epoch: 162, Dataset: test, Dice: 0.9240, IoU: 0.8705
Epoch: 162, Dataset: val, Dice: 0.8866, IoU: 0.8229
2026-09-18 20:39:52.520444 Epoch [163/200], Step [0062/0062], LR: 0.000044, Loss: 0.1793
Epoch: 163, Dataset: test, Dice: 0.9361, IoU: 0.8865
Epoch: 163, Dataset: val, Dice: 0.9000, IoU: 0.8364
2026-09-18 20:40:15.588905 Epoch [164/200], Step [0062/0062], LR: 0.000042, Loss: 0.1720
Epoch: 164, Dataset: test, Dice: 0.9285, IoU: 0.8753
Epoch: 164, Dataset: val, Dice: 0.8995, IoU: 0.8376
2026-09-18 20:40:39.349005 Epoch [165/200], Step [0062/0062], LR: 0.000040, Loss: 0.1699
Epoch: 165, Dataset: test, Dice: 0.9284, IoU: 0.8760
Epoch: 165, Dataset: val, Dice: 0.8977, IoU: 0.8360
2026-09-18 20:41:02.798435 Epoch [166/200], Step [0062/0062], LR: 0.000038, Loss: 0.1829
Epoch: 166, Dataset: test, Dice: 0.9281, IoU: 0.8741
Epoch: 166, Dataset: val, Dice: 0.8959, IoU: 0.8322
2026-09-18 20:41:25.833034 Epoch [167/200], Step [0062/0062], LR: 0.000036, Loss: 0.1901
Epoch: 167, Dataset: test, Dice: 0.9315, IoU: 0.8790
Epoch: 167, Dataset: val, Dice: 0.8971, IoU: 0.8336
2026-09-18 20:41:49.138980 Epoch [168/200], Step [0062/0062], LR: 0.000034, Loss: 0.1778
Epoch: 168, Dataset: test, Dice: 0.9199, IoU: 0.8644
Epoch: 168, Dataset: val, Dice: 0.8874, IoU: 0.8230
2026-09-18 20:42:12.649908 Epoch [169/200], Step [0062/0062], LR: 0.000032, Loss: 0.1778
Epoch: 169, Dataset: test, Dice: 0.9372, IoU: 0.8869
Epoch: 169, Dataset: val, Dice: 0.9003, IoU: 0.8376
2026-09-18 20:42:36.101381 Epoch [170/200], Step [0062/0062], LR: 0.000030, Loss: 0.1933
Epoch: 170, Dataset: test, Dice: 0.9330, IoU: 0.8808
Epoch: 170, Dataset: val, Dice: 0.8965, IoU: 0.8324
2026-09-18 20:42:58.924223 Epoch [171/200], Step [0062/0062], LR: 0.000028, Loss: 0.1901
Epoch: 171, Dataset: test, Dice: 0.9334, IoU: 0.8817
Epoch: 171, Dataset: val, Dice: 0.8989, IoU: 0.8346
2026-09-18 20:43:22.330262 Epoch [172/200], Step [0062/0062], LR: 0.000026, Loss: 0.1723
Epoch: 172, Dataset: test, Dice: 0.9280, IoU: 0.8743
Epoch: 172, Dataset: val, Dice: 0.8944, IoU: 0.8293
2026-09-18 20:43:45.956954 Epoch [173/200], Step [0062/0062], LR: 0.000025, Loss: 0.1731
Epoch: 173, Dataset: test, Dice: 0.9355, IoU: 0.8842
Epoch: 173, Dataset: val, Dice: 0.8882, IoU: 0.8222
2026-09-18 20:44:09.264077 Epoch [174/200], Step [0062/0062], LR: 0.000023, Loss: 0.1660
Epoch: 174, Dataset: test, Dice: 0.9373, IoU: 0.8867
Epoch: 174, Dataset: val, Dice: 0.8941, IoU: 0.8311
2026-09-18 20:44:32.683309 Epoch [175/200], Step [0062/0062], LR: 0.000022, Loss: 0.1745
Epoch: 175, Dataset: test, Dice: 0.9319, IoU: 0.8792
Epoch: 175, Dataset: val, Dice: 0.9042, IoU: 0.8421
2026-09-18 20:44:56.040184 Epoch [176/200], Step [0062/0062], LR: 0.000020, Loss: 0.1817
Epoch: 176, Dataset: test, Dice: 0.9262, IoU: 0.8709
Epoch: 176, Dataset: val, Dice: 0.8948, IoU: 0.8303
2026-09-18 20:45:18.922688 Epoch [177/200], Step [0062/0062], LR: 0.000019, Loss: 0.1790
Epoch: 177, Dataset: test, Dice: 0.9287, IoU: 0.8738
Epoch: 177, Dataset: val, Dice: 0.9003, IoU: 0.8361
2026-09-18 20:45:41.609805 Epoch [178/200], Step [0062/0062], LR: 0.000017, Loss: 0.1661
Epoch: 178, Dataset: test, Dice: 0.9295, IoU: 0.8743
Epoch: 178, Dataset: val, Dice: 0.8929, IoU: 0.8264
2026-09-18 20:46:04.506096 Epoch [179/200], Step [0062/0062], LR: 0.000016, Loss: 0.1793
Epoch: 179, Dataset: test, Dice: 0.9298, IoU: 0.8772
Epoch: 179, Dataset: val, Dice: 0.9051, IoU: 0.8440
2026-09-18 20:46:27.099619 Epoch [180/200], Step [0062/0062], LR: 0.000014, Loss: 0.1696
Epoch: 180, Dataset: test, Dice: 0.9342, IoU: 0.8832
Epoch: 180, Dataset: val, Dice: 0.8919, IoU: 0.8303
2026-09-18 20:46:49.980440 Epoch [181/200], Step [0062/0062], LR: 0.000013, Loss: 0.1724
Epoch: 181, Dataset: test, Dice: 0.9249, IoU: 0.8707
Epoch: 181, Dataset: val, Dice: 0.8938, IoU: 0.8278
2026-09-18 20:47:12.974715 Epoch [182/200], Step [0062/0062], LR: 0.000012, Loss: 0.1822
Epoch: 182, Dataset: test, Dice: 0.9176, IoU: 0.8624
Epoch: 182, Dataset: val, Dice: 0.8866, IoU: 0.8208
2026-09-18 20:47:35.878829 Epoch [183/200], Step [0062/0062], LR: 0.000011, Loss: 0.1970
Epoch: 183, Dataset: test, Dice: 0.9363, IoU: 0.8862
Epoch: 183, Dataset: val, Dice: 0.8973, IoU: 0.8338
2026-09-18 20:47:58.977225 Epoch [184/200], Step [0062/0062], LR: 0.000010, Loss: 0.1764
Epoch: 184, Dataset: test, Dice: 0.9361, IoU: 0.8854
Epoch: 184, Dataset: val, Dice: 0.8936, IoU: 0.8279
2026-09-18 20:48:22.066849 Epoch [185/200], Step [0062/0062], LR: 0.000009, Loss: 0.1772
Epoch: 185, Dataset: test, Dice: 0.9323, IoU: 0.8792
Epoch: 185, Dataset: val, Dice: 0.9003, IoU: 0.8380
2026-09-18 20:48:45.033640 Epoch [186/200], Step [0062/0062], LR: 0.000008, Loss: 0.1986
Epoch: 186, Dataset: test, Dice: 0.9343, IoU: 0.8823
Epoch: 186, Dataset: val, Dice: 0.8946, IoU: 0.8315
2026-09-18 20:49:07.730404 Epoch [187/200], Step [0062/0062], LR: 0.000007, Loss: 0.1711
Epoch: 187, Dataset: test, Dice: 0.9338, IoU: 0.8823
Epoch: 187, Dataset: val, Dice: 0.9014, IoU: 0.8392
2026-09-18 20:49:30.301456 Epoch [188/200], Step [0062/0062], LR: 0.000006, Loss: 0.1725
Epoch: 188, Dataset: test, Dice: 0.9290, IoU: 0.8769
Epoch: 188, Dataset: val, Dice: 0.8855, IoU: 0.8224
2026-09-18 20:49:53.501442 Epoch [189/200], Step [0062/0062], LR: 0.000005, Loss: 0.1724
Epoch: 189, Dataset: test, Dice: 0.9315, IoU: 0.8787
Epoch: 189, Dataset: val, Dice: 0.9005, IoU: 0.8379
2026-09-18 20:50:16.238277 Epoch [190/200], Step [0062/0062], LR: 0.000005, Loss: 0.1702
Epoch: 190, Dataset: test, Dice: 0.9227, IoU: 0.8673
Epoch: 190, Dataset: val, Dice: 0.8998, IoU: 0.8365
2026-09-18 20:50:39.404723 Epoch [191/200], Step [0062/0062], LR: 0.000004, Loss: 0.1836
Epoch: 191, Dataset: test, Dice: 0.9295, IoU: 0.8783
Epoch: 191, Dataset: val, Dice: 0.8902, IoU: 0.8271
2026-09-18 20:51:02.554756 Epoch [192/200], Step [0062/0062], LR: 0.000003, Loss: 0.1668
Epoch: 192, Dataset: test, Dice: 0.9359, IoU: 0.8851
Epoch: 192, Dataset: val, Dice: 0.8985, IoU: 0.8339
2026-09-18 20:51:25.308618 Epoch [193/200], Step [0062/0062], LR: 0.000003, Loss: 0.1716
Epoch: 193, Dataset: test, Dice: 0.9325, IoU: 0.8800
Epoch: 193, Dataset: val, Dice: 0.9003, IoU: 0.8375
2026-09-18 20:51:47.873194 Epoch [194/200], Step [0062/0062], LR: 0.000003, Loss: 0.1732
Epoch: 194, Dataset: test, Dice: 0.9318, IoU: 0.8797
Epoch: 194, Dataset: val, Dice: 0.8981, IoU: 0.8363
2026-09-18 20:52:11.232661 Epoch [195/200], Step [0062/0062], LR: 0.000002, Loss: 0.1752
Epoch: 195, Dataset: test, Dice: 0.9211, IoU: 0.8629
Epoch: 195, Dataset: val, Dice: 0.8932, IoU: 0.8280
2026-09-18 20:52:34.951943 Epoch [196/200], Step [0062/0062], LR: 0.000002, Loss: 0.1710
Epoch: 196, Dataset: test, Dice: 0.9310, IoU: 0.8785
Epoch: 196, Dataset: val, Dice: 0.8905, IoU: 0.8291
2026-09-18 20:52:58.466212 Epoch [197/200], Step [0062/0062], LR: 0.000001, Loss: 0.1688
Epoch: 197, Dataset: test, Dice: 0.9285, IoU: 0.8752
Epoch: 197, Dataset: val, Dice: 0.9019, IoU: 0.8399
2026-09-18 20:53:22.004384 Epoch [198/200], Step [0062/0062], LR: 0.000001, Loss: 0.1755
Epoch: 198, Dataset: test, Dice: 0.9341, IoU: 0.8827
Epoch: 198, Dataset: val, Dice: 0.8955, IoU: 0.8318
2026-09-18 20:53:44.858235 Epoch [199/200], Step [0062/0062], LR: 0.000001, Loss: 0.1707
Epoch: 199, Dataset: test, Dice: 0.9281, IoU: 0.8757
Epoch: 199, Dataset: val, Dice: 0.8913, IoU: 0.8263
2026-09-18 20:54:08.488117 Epoch [200/200], Step [0062/0062], LR: 0.000001, Loss: 0.1682
Epoch: 200, Dataset: test, Dice: 0.9309, IoU: 0.8772
Epoch: 200, Dataset: val, Dice: 0.8932, IoU: 0.8276

========================================
FINAL RESULTS: ClinicDB_MK_UNet_bs8_lr0.0005_e200_augTrue_run3_t193555
Best Val Dice: 0.9083
Test Dice at Best Val: 0.9247
Total Train Time: 4324.04s
========================================
Network: MK_UNet | Channels: [16, 32, 64, 96, 160]
[INFO] Register count_convNd() for <class 'torch.nn.modules.conv.Conv2d'>.
[INFO] Register count_normalization() for <class 'torch.nn.modules.batchnorm.BatchNorm2d'>.
[INFO] Register zero_ops() for <class 'torch.nn.modules.activation.ReLU6'>.
[INFO] Register zero_ops() for <class 'torch.nn.modules.container.Sequential'>.
[INFO] Register zero_ops() for <class 'torch.nn.modules.activation.ReLU'>.
[INFO] Register count_adap_avgpool() for <class 'torch.nn.modules.pooling.AdaptiveAvgPool2d'>.
[INFO] Register zero_ops() for <class 'torch.nn.modules.pooling.AdaptiveMaxPool2d'>.
flops 0.619251354
params 0.315566
Total params: 0.32M
2026-09-18 20:54:31.782895 Epoch [001/200], Step [0062/0062], LR: 0.000500, Loss: 1.1348
Epoch: 1, Dataset: test, Dice: 0.1590, IoU: 0.1005
Epoch: 1, Dataset: val, Dice: 0.2137, IoU: 0.1357
### Best Model Saved (Dice improved from 0.0000 to 0.2137) ###
2026-09-18 20:54:57.681232 Epoch [002/200], Step [0062/0062], LR: 0.000500, Loss: 1.0387
Epoch: 2, Dataset: test, Dice: 0.4560, IoU: 0.3210
Epoch: 2, Dataset: val, Dice: 0.4651, IoU: 0.3367
### Best Model Saved (Dice improved from 0.2137 to 0.4651) ###
2026-09-18 20:55:25.061822 Epoch [003/200], Step [0062/0062], LR: 0.000500, Loss: 1.0206
Epoch: 3, Dataset: test, Dice: 0.5207, IoU: 0.3828
Epoch: 3, Dataset: val, Dice: 0.5004, IoU: 0.3782
### Best Model Saved (Dice improved from 0.4651 to 0.5004) ###
2026-09-18 20:55:48.629868 Epoch [004/200], Step [0062/0062], LR: 0.000500, Loss: 0.9678
Epoch: 4, Dataset: test, Dice: 0.3684, IoU: 0.2528
Epoch: 4, Dataset: val, Dice: 0.4300, IoU: 0.3040
2026-09-18 20:56:12.179275 Epoch [005/200], Step [0062/0062], LR: 0.000500, Loss: 0.9259
Epoch: 5, Dataset: test, Dice: 0.3995, IoU: 0.2945
Epoch: 5, Dataset: val, Dice: 0.3888, IoU: 0.2962
2026-09-18 20:56:35.565150 Epoch [006/200], Step [0062/0062], LR: 0.000499, Loss: 0.9203
Epoch: 6, Dataset: test, Dice: 0.6107, IoU: 0.4789
Epoch: 6, Dataset: val, Dice: 0.5984, IoU: 0.4722
### Best Model Saved (Dice improved from 0.5004 to 0.5984) ###
2026-09-18 20:57:01.123721 Epoch [007/200], Step [0062/0062], LR: 0.000499, Loss: 0.8381
Epoch: 7, Dataset: test, Dice: 0.3636, IoU: 0.2471
Epoch: 7, Dataset: val, Dice: 0.4032, IoU: 0.2804
2026-09-18 20:57:30.250144 Epoch [008/200], Step [0062/0062], LR: 0.000498, Loss: 0.8159
Epoch: 8, Dataset: test, Dice: 0.6850, IoU: 0.5556
Epoch: 8, Dataset: val, Dice: 0.6020, IoU: 0.4733
### Best Model Saved (Dice improved from 0.5984 to 0.6020) ###
2026-09-18 20:57:55.295183 Epoch [009/200], Step [0062/0062], LR: 0.000498, Loss: 0.8093
Epoch: 9, Dataset: test, Dice: 0.6896, IoU: 0.5693
Epoch: 9, Dataset: val, Dice: 0.5827, IoU: 0.4625
2026-09-18 20:58:18.482463 Epoch [010/200], Step [0062/0062], LR: 0.000498, Loss: 0.7227
Epoch: 10, Dataset: test, Dice: 0.7403, IoU: 0.6232
Epoch: 10, Dataset: val, Dice: 0.6368, IoU: 0.5106
### Best Model Saved (Dice improved from 0.6020 to 0.6368) ###
2026-09-18 20:58:41.964407 Epoch [011/200], Step [0062/0062], LR: 0.000497, Loss: 0.7069
Epoch: 11, Dataset: test, Dice: 0.7265, IoU: 0.6069
Epoch: 11, Dataset: val, Dice: 0.6690, IoU: 0.5395
### Best Model Saved (Dice improved from 0.6368 to 0.6690) ###
2026-09-18 20:59:07.990129 Epoch [012/200], Step [0062/0062], LR: 0.000496, Loss: 0.6817
Epoch: 12, Dataset: test, Dice: 0.7199, IoU: 0.5973
Epoch: 12, Dataset: val, Dice: 0.7219, IoU: 0.6019
### Best Model Saved (Dice improved from 0.6690 to 0.7219) ###
2026-09-18 20:59:35.307622 Epoch [013/200], Step [0062/0062], LR: 0.000496, Loss: 0.6416
Epoch: 13, Dataset: test, Dice: 0.7631, IoU: 0.6550
Epoch: 13, Dataset: val, Dice: 0.7093, IoU: 0.5937
2026-09-18 20:59:58.316452 Epoch [014/200], Step [0062/0062], LR: 0.000495, Loss: 0.6216
Epoch: 14, Dataset: test, Dice: 0.7355, IoU: 0.6128
Epoch: 14, Dataset: val, Dice: 0.7060, IoU: 0.5820
2026-09-18 21:00:21.713697 Epoch [015/200], Step [0062/0062], LR: 0.000494, Loss: 0.6282
Epoch: 15, Dataset: test, Dice: 0.7692, IoU: 0.6608
Epoch: 15, Dataset: val, Dice: 0.7313, IoU: 0.6151
### Best Model Saved (Dice improved from 0.7219 to 0.7313) ###
2026-09-18 21:00:45.373463 Epoch [016/200], Step [0062/0062], LR: 0.000493, Loss: 0.5830
Epoch: 16, Dataset: test, Dice: 0.7615, IoU: 0.6590
Epoch: 16, Dataset: val, Dice: 0.6977, IoU: 0.5865
2026-09-18 21:01:11.657455 Epoch [017/200], Step [0062/0062], LR: 0.000492, Loss: 0.5918
Epoch: 17, Dataset: test, Dice: 0.7915, IoU: 0.6900
Epoch: 17, Dataset: val, Dice: 0.7098, IoU: 0.5964
2026-09-18 21:01:40.627693 Epoch [018/200], Step [0062/0062], LR: 0.000491, Loss: 0.5317
Epoch: 18, Dataset: test, Dice: 0.7333, IoU: 0.6147
Epoch: 18, Dataset: val, Dice: 0.6715, IoU: 0.5479
2026-09-18 21:02:03.930021 Epoch [019/200], Step [0062/0062], LR: 0.000490, Loss: 0.5462
Epoch: 19, Dataset: test, Dice: 0.8114, IoU: 0.7183
Epoch: 19, Dataset: val, Dice: 0.7245, IoU: 0.6148
2026-09-18 21:02:27.092704 Epoch [020/200], Step [0062/0062], LR: 0.000489, Loss: 0.5449
Epoch: 20, Dataset: test, Dice: 0.7783, IoU: 0.6767
Epoch: 20, Dataset: val, Dice: 0.7129, IoU: 0.6060
2026-09-18 21:02:49.927672 Epoch [021/200], Step [0062/0062], LR: 0.000488, Loss: 0.5245
Epoch: 21, Dataset: test, Dice: 0.7418, IoU: 0.6376
Epoch: 21, Dataset: val, Dice: 0.6989, IoU: 0.5746
2026-09-18 21:03:12.808999 Epoch [022/200], Step [0062/0062], LR: 0.000487, Loss: 0.5148
Epoch: 22, Dataset: test, Dice: 0.8140, IoU: 0.7194
Epoch: 22, Dataset: val, Dice: 0.7756, IoU: 0.6790
### Best Model Saved (Dice improved from 0.7313 to 0.7756) ###
2026-09-18 21:03:35.676242 Epoch [023/200], Step [0062/0062], LR: 0.000485, Loss: 0.4901
Epoch: 23, Dataset: test, Dice: 0.8413, IoU: 0.7488
Epoch: 23, Dataset: val, Dice: 0.7881, IoU: 0.6896
### Best Model Saved (Dice improved from 0.7756 to 0.7881) ###
2026-09-18 21:03:58.818796 Epoch [024/200], Step [0062/0062], LR: 0.000484, Loss: 0.4917
Epoch: 24, Dataset: test, Dice: 0.8531, IoU: 0.7679
Epoch: 24, Dataset: val, Dice: 0.8077, IoU: 0.7085
### Best Model Saved (Dice improved from 0.7881 to 0.8077) ###
2026-09-18 21:04:22.307653 Epoch [025/200], Step [0062/0062], LR: 0.000482, Loss: 0.4804
Epoch: 25, Dataset: test, Dice: 0.8607, IoU: 0.7786
Epoch: 25, Dataset: val, Dice: 0.7936, IoU: 0.6964
2026-09-18 21:04:45.784566 Epoch [026/200], Step [0062/0062], LR: 0.000481, Loss: 0.4451
Epoch: 26, Dataset: test, Dice: 0.8396, IoU: 0.7582
Epoch: 26, Dataset: val, Dice: 0.7865, IoU: 0.6856
2026-09-18 21:05:09.338542 Epoch [027/200], Step [0062/0062], LR: 0.000479, Loss: 0.4572
Epoch: 27, Dataset: test, Dice: 0.7585, IoU: 0.6489
Epoch: 27, Dataset: val, Dice: 0.7087, IoU: 0.5818
2026-09-18 21:05:32.421421 Epoch [028/200], Step [0062/0062], LR: 0.000478, Loss: 0.4256
Epoch: 28, Dataset: test, Dice: 0.8709, IoU: 0.7881
Epoch: 28, Dataset: val, Dice: 0.8218, IoU: 0.7209
### Best Model Saved (Dice improved from 0.8077 to 0.8218) ###
2026-09-18 21:05:55.641783 Epoch [029/200], Step [0062/0062], LR: 0.000476, Loss: 0.4291
Epoch: 29, Dataset: test, Dice: 0.7288, IoU: 0.6129
Epoch: 29, Dataset: val, Dice: 0.6367, IoU: 0.5066
2026-09-18 21:06:19.083651 Epoch [030/200], Step [0062/0062], LR: 0.000475, Loss: 0.4351
Epoch: 30, Dataset: test, Dice: 0.8669, IoU: 0.7852
Epoch: 30, Dataset: val, Dice: 0.8049, IoU: 0.7055
2026-09-18 21:06:43.290529 Epoch [031/200], Step [0062/0062], LR: 0.000473, Loss: 0.4072
Epoch: 31, Dataset: test, Dice: 0.8626, IoU: 0.7892
Epoch: 31, Dataset: val, Dice: 0.8213, IoU: 0.7276
2026-09-18 21:07:10.949243 Epoch [032/200], Step [0062/0062], LR: 0.000471, Loss: 0.4137
Epoch: 32, Dataset: test, Dice: 0.8906, IoU: 0.8158
Epoch: 32, Dataset: val, Dice: 0.8210, IoU: 0.7312
2026-09-18 21:07:34.921197 Epoch [033/200], Step [0062/0062], LR: 0.000469, Loss: 0.3835
Epoch: 33, Dataset: test, Dice: 0.8548, IoU: 0.7737
Epoch: 33, Dataset: val, Dice: 0.8065, IoU: 0.7135
2026-09-18 21:07:58.745217 Epoch [034/200], Step [0062/0062], LR: 0.000467, Loss: 0.3800
Epoch: 34, Dataset: test, Dice: 0.8722, IoU: 0.7903
Epoch: 34, Dataset: val, Dice: 0.8290, IoU: 0.7367
### Best Model Saved (Dice improved from 0.8218 to 0.8290) ###
2026-09-18 21:08:21.951349 Epoch [035/200], Step [0062/0062], LR: 0.000465, Loss: 0.3774
Epoch: 35, Dataset: test, Dice: 0.8872, IoU: 0.8133
Epoch: 35, Dataset: val, Dice: 0.8120, IoU: 0.7256
2026-09-18 21:08:46.853138 Epoch [036/200], Step [0062/0062], LR: 0.000463, Loss: 0.3956
Epoch: 36, Dataset: test, Dice: 0.8979, IoU: 0.8298
Epoch: 36, Dataset: val, Dice: 0.8326, IoU: 0.7450
### Best Model Saved (Dice improved from 0.8290 to 0.8326) ###
2026-09-18 21:09:14.703141 Epoch [037/200], Step [0062/0062], LR: 0.000461, Loss: 0.3652
Epoch: 37, Dataset: test, Dice: 0.8990, IoU: 0.8277
Epoch: 37, Dataset: val, Dice: 0.7852, IoU: 0.6998
2026-09-18 21:09:42.874790 Epoch [038/200], Step [0062/0062], LR: 0.000459, Loss: 0.3835
Epoch: 38, Dataset: test, Dice: 0.8648, IoU: 0.7910
Epoch: 38, Dataset: val, Dice: 0.8097, IoU: 0.7213
2026-09-18 21:10:05.974951 Epoch [039/200], Step [0062/0062], LR: 0.000457, Loss: 0.3581
Epoch: 39, Dataset: test, Dice: 0.9003, IoU: 0.8290
Epoch: 39, Dataset: val, Dice: 0.8285, IoU: 0.7437
2026-09-18 21:10:29.531880 Epoch [040/200], Step [0062/0062], LR: 0.000455, Loss: 0.3421
Epoch: 40, Dataset: test, Dice: 0.8677, IoU: 0.7924
Epoch: 40, Dataset: val, Dice: 0.8308, IoU: 0.7359
2026-09-18 21:10:52.270545 Epoch [041/200], Step [0062/0062], LR: 0.000452, Loss: 0.3463
Epoch: 41, Dataset: test, Dice: 0.8904, IoU: 0.8202
Epoch: 41, Dataset: val, Dice: 0.8516, IoU: 0.7717
### Best Model Saved (Dice improved from 0.8326 to 0.8516) ###
2026-09-18 21:11:15.520288 Epoch [042/200], Step [0062/0062], LR: 0.000450, Loss: 0.3800
Epoch: 42, Dataset: test, Dice: 0.8879, IoU: 0.8179
Epoch: 42, Dataset: val, Dice: 0.8351, IoU: 0.7477
2026-09-18 21:11:39.289757 Epoch [043/200], Step [0062/0062], LR: 0.000448, Loss: 0.3325
Epoch: 43, Dataset: test, Dice: 0.8663, IoU: 0.7882
Epoch: 43, Dataset: val, Dice: 0.7863, IoU: 0.6867
2026-09-18 21:12:02.513976 Epoch [044/200], Step [0062/0062], LR: 0.000445, Loss: 0.3526
Epoch: 44, Dataset: test, Dice: 0.9173, IoU: 0.8576
Epoch: 44, Dataset: val, Dice: 0.8430, IoU: 0.7649
2026-09-18 21:12:26.092520 Epoch [045/200], Step [0062/0062], LR: 0.000443, Loss: 0.3257
Epoch: 45, Dataset: test, Dice: 0.8979, IoU: 0.8276
Epoch: 45, Dataset: val, Dice: 0.8383, IoU: 0.7527
2026-09-18 21:12:48.909660 Epoch [046/200], Step [0062/0062], LR: 0.000440, Loss: 0.3306
Epoch: 46, Dataset: test, Dice: 0.9129, IoU: 0.8496
Epoch: 46, Dataset: val, Dice: 0.8450, IoU: 0.7604
2026-09-18 21:13:12.384104 Epoch [047/200], Step [0062/0062], LR: 0.000438, Loss: 0.3112
Epoch: 47, Dataset: test, Dice: 0.8940, IoU: 0.8298
Epoch: 47, Dataset: val, Dice: 0.8479, IoU: 0.7691
2026-09-18 21:13:35.236384 Epoch [048/200], Step [0062/0062], LR: 0.000435, Loss: 0.3438
Epoch: 48, Dataset: test, Dice: 0.9173, IoU: 0.8581
Epoch: 48, Dataset: val, Dice: 0.8776, IoU: 0.8037
### Best Model Saved (Dice improved from 0.8516 to 0.8776) ###
2026-09-18 21:13:58.224995 Epoch [049/200], Step [0062/0062], LR: 0.000432, Loss: 0.3003
Epoch: 49, Dataset: test, Dice: 0.8971, IoU: 0.8293
Epoch: 49, Dataset: val, Dice: 0.8389, IoU: 0.7525
2026-09-18 21:14:21.104622 Epoch [050/200], Step [0062/0062], LR: 0.000430, Loss: 0.3137
Epoch: 50, Dataset: test, Dice: 0.8992, IoU: 0.8363
Epoch: 50, Dataset: val, Dice: 0.8565, IoU: 0.7712
2026-09-18 21:14:43.569896 Epoch [051/200], Step [0062/0062], LR: 0.000427, Loss: 0.3025
Epoch: 51, Dataset: test, Dice: 0.8926, IoU: 0.8265
Epoch: 51, Dataset: val, Dice: 0.8413, IoU: 0.7624
2026-09-18 21:15:06.667483 Epoch [052/200], Step [0062/0062], LR: 0.000424, Loss: 0.2963
Epoch: 52, Dataset: test, Dice: 0.9008, IoU: 0.8384
Epoch: 52, Dataset: val, Dice: 0.8629, IoU: 0.7819
2026-09-18 21:15:29.078338 Epoch [053/200], Step [0062/0062], LR: 0.000421, Loss: 0.2820
Epoch: 53, Dataset: test, Dice: 0.8985, IoU: 0.8315
Epoch: 53, Dataset: val, Dice: 0.8462, IoU: 0.7636
2026-09-18 21:15:51.714075 Epoch [054/200], Step [0062/0062], LR: 0.000418, Loss: 0.3024
Epoch: 54, Dataset: test, Dice: 0.8985, IoU: 0.8376
Epoch: 54, Dataset: val, Dice: 0.8455, IoU: 0.7596
2026-09-18 21:16:14.405566 Epoch [055/200], Step [0062/0062], LR: 0.000415, Loss: 0.3010
Epoch: 55, Dataset: test, Dice: 0.9074, IoU: 0.8513
Epoch: 55, Dataset: val, Dice: 0.8553, IoU: 0.7765
2026-09-18 21:16:37.215471 Epoch [056/200], Step [0062/0062], LR: 0.000413, Loss: 0.2997
Epoch: 56, Dataset: test, Dice: 0.8950, IoU: 0.8296
Epoch: 56, Dataset: val, Dice: 0.8654, IoU: 0.7852
2026-09-18 21:16:59.910621 Epoch [057/200], Step [0062/0062], LR: 0.000410, Loss: 0.2920
Epoch: 57, Dataset: test, Dice: 0.8887, IoU: 0.8186
Epoch: 57, Dataset: val, Dice: 0.8083, IoU: 0.7155
2026-09-18 21:17:22.897641 Epoch [058/200], Step [0062/0062], LR: 0.000406, Loss: 0.2801
Epoch: 58, Dataset: test, Dice: 0.9014, IoU: 0.8412
Epoch: 58, Dataset: val, Dice: 0.8652, IoU: 0.7927
2026-09-18 21:17:46.118194 Epoch [059/200], Step [0062/0062], LR: 0.000403, Loss: 0.2922
Epoch: 59, Dataset: test, Dice: 0.8843, IoU: 0.8119
Epoch: 59, Dataset: val, Dice: 0.8468, IoU: 0.7602
2026-09-18 21:18:08.881596 Epoch [060/200], Step [0062/0062], LR: 0.000400, Loss: 0.2792
Epoch: 60, Dataset: test, Dice: 0.9154, IoU: 0.8565
Epoch: 60, Dataset: val, Dice: 0.8788, IoU: 0.8037
### Best Model Saved (Dice improved from 0.8776 to 0.8788) ###
2026-09-18 21:18:32.046860 Epoch [061/200], Step [0062/0062], LR: 0.000397, Loss: 0.2713
Epoch: 61, Dataset: test, Dice: 0.9170, IoU: 0.8619
Epoch: 61, Dataset: val, Dice: 0.8792, IoU: 0.8072
### Best Model Saved (Dice improved from 0.8788 to 0.8792) ###
2026-09-18 21:18:55.285283 Epoch [062/200], Step [0062/0062], LR: 0.000394, Loss: 0.2897
Epoch: 62, Dataset: test, Dice: 0.9223, IoU: 0.8642
Epoch: 62, Dataset: val, Dice: 0.8733, IoU: 0.7979
2026-09-18 21:19:18.319664 Epoch [063/200], Step [0062/0062], LR: 0.000391, Loss: 0.2678
Epoch: 63, Dataset: test, Dice: 0.9054, IoU: 0.8482
Epoch: 63, Dataset: val, Dice: 0.8594, IoU: 0.7802
2026-09-18 21:19:41.891885 Epoch [064/200], Step [0062/0062], LR: 0.000387, Loss: 0.2640
Epoch: 64, Dataset: test, Dice: 0.9179, IoU: 0.8563
Epoch: 64, Dataset: val, Dice: 0.8861, IoU: 0.8134
### Best Model Saved (Dice improved from 0.8792 to 0.8861) ###
2026-09-18 21:20:05.503818 Epoch [065/200], Step [0062/0062], LR: 0.000384, Loss: 0.2606
Epoch: 65, Dataset: test, Dice: 0.9204, IoU: 0.8613
Epoch: 65, Dataset: val, Dice: 0.8752, IoU: 0.8008
2026-09-18 21:20:29.246784 Epoch [066/200], Step [0062/0062], LR: 0.000381, Loss: 0.2601
Epoch: 66, Dataset: test, Dice: 0.9192, IoU: 0.8598
Epoch: 66, Dataset: val, Dice: 0.8798, IoU: 0.8081
2026-09-18 21:20:52.774270 Epoch [067/200], Step [0062/0062], LR: 0.000378, Loss: 0.2541
Epoch: 67, Dataset: test, Dice: 0.9138, IoU: 0.8524
Epoch: 67, Dataset: val, Dice: 0.8705, IoU: 0.7934
2026-09-18 21:21:16.609001 Epoch [068/200], Step [0062/0062], LR: 0.000374, Loss: 0.2504
Epoch: 68, Dataset: test, Dice: 0.9258, IoU: 0.8680
Epoch: 68, Dataset: val, Dice: 0.8876, IoU: 0.8130
### Best Model Saved (Dice improved from 0.8861 to 0.8876) ###
2026-09-18 21:21:41.284939 Epoch [069/200], Step [0062/0062], LR: 0.000371, Loss: 0.2598
Epoch: 69, Dataset: test, Dice: 0.9190, IoU: 0.8636
Epoch: 69, Dataset: val, Dice: 0.8920, IoU: 0.8244
### Best Model Saved (Dice improved from 0.8876 to 0.8920) ###
2026-09-18 21:22:05.396560 Epoch [070/200], Step [0062/0062], LR: 0.000367, Loss: 0.2606
Epoch: 70, Dataset: test, Dice: 0.7840, IoU: 0.6838
Epoch: 70, Dataset: val, Dice: 0.7163, IoU: 0.5964
2026-09-18 21:22:29.701292 Epoch [071/200], Step [0062/0062], LR: 0.000364, Loss: 0.2709
Epoch: 71, Dataset: test, Dice: 0.9212, IoU: 0.8635
Epoch: 71, Dataset: val, Dice: 0.8821, IoU: 0.8121
2026-09-18 21:22:53.263333 Epoch [072/200], Step [0062/0062], LR: 0.000360, Loss: 0.2680
Epoch: 72, Dataset: test, Dice: 0.9185, IoU: 0.8568
Epoch: 72, Dataset: val, Dice: 0.8674, IoU: 0.7883
2026-09-18 21:23:17.155997 Epoch [073/200], Step [0062/0062], LR: 0.000357, Loss: 0.2826
Epoch: 73, Dataset: test, Dice: 0.9125, IoU: 0.8519
Epoch: 73, Dataset: val, Dice: 0.8674, IoU: 0.7868
2026-09-18 21:23:41.023411 Epoch [074/200], Step [0062/0062], LR: 0.000353, Loss: 0.2784
Epoch: 74, Dataset: test, Dice: 0.9187, IoU: 0.8583
Epoch: 74, Dataset: val, Dice: 0.8798, IoU: 0.8060
2026-09-18 21:24:04.941904 Epoch [075/200], Step [0062/0062], LR: 0.000350, Loss: 0.2622
Epoch: 75, Dataset: test, Dice: 0.9264, IoU: 0.8702
Epoch: 75, Dataset: val, Dice: 0.8825, IoU: 0.8094
2026-09-18 21:24:28.638961 Epoch [076/200], Step [0062/0062], LR: 0.000346, Loss: 0.2474
Epoch: 76, Dataset: test, Dice: 0.9240, IoU: 0.8640
Epoch: 76, Dataset: val, Dice: 0.8840, IoU: 0.8111
2026-09-18 21:24:52.450716 Epoch [077/200], Step [0062/0062], LR: 0.000342, Loss: 0.2491
Epoch: 77, Dataset: test, Dice: 0.9180, IoU: 0.8590
Epoch: 77, Dataset: val, Dice: 0.8578, IoU: 0.7773
2026-09-18 21:25:16.339430 Epoch [078/200], Step [0062/0062], LR: 0.000339, Loss: 0.2474
Epoch: 78, Dataset: test, Dice: 0.9167, IoU: 0.8593
Epoch: 78, Dataset: val, Dice: 0.8886, IoU: 0.8197
2026-09-18 21:25:39.795033 Epoch [079/200], Step [0062/0062], LR: 0.000335, Loss: 0.2527
Epoch: 79, Dataset: test, Dice: 0.9199, IoU: 0.8609
Epoch: 79, Dataset: val, Dice: 0.8923, IoU: 0.8239
### Best Model Saved (Dice improved from 0.8920 to 0.8923) ###
2026-09-18 21:26:03.438370 Epoch [080/200], Step [0062/0062], LR: 0.000331, Loss: 0.2450
Epoch: 80, Dataset: test, Dice: 0.9104, IoU: 0.8473
Epoch: 80, Dataset: val, Dice: 0.8524, IoU: 0.7665
2026-09-18 21:26:26.937660 Epoch [081/200], Step [0062/0062], LR: 0.000328, Loss: 0.2467
Epoch: 81, Dataset: test, Dice: 0.9314, IoU: 0.8779
Epoch: 81, Dataset: val, Dice: 0.8886, IoU: 0.8196
2026-09-18 21:26:50.611748 Epoch [082/200], Step [0062/0062], LR: 0.000324, Loss: 0.2325
Epoch: 82, Dataset: test, Dice: 0.9251, IoU: 0.8662
Epoch: 82, Dataset: val, Dice: 0.8718, IoU: 0.7974
2026-09-18 21:27:14.215211 Epoch [083/200], Step [0062/0062], LR: 0.000320, Loss: 0.2336
Epoch: 83, Dataset: test, Dice: 0.9293, IoU: 0.8731
Epoch: 83, Dataset: val, Dice: 0.8698, IoU: 0.7926
2026-09-18 21:27:37.641696 Epoch [084/200], Step [0062/0062], LR: 0.000316, Loss: 0.2458
Epoch: 84, Dataset: test, Dice: 0.9224, IoU: 0.8692
Epoch: 84, Dataset: val, Dice: 0.8807, IoU: 0.8097
2026-09-18 21:28:01.514559 Epoch [085/200], Step [0062/0062], LR: 0.000313, Loss: 0.2549
Epoch: 85, Dataset: test, Dice: 0.9216, IoU: 0.8609
Epoch: 85, Dataset: val, Dice: 0.8677, IoU: 0.7893
2026-09-18 21:28:25.047488 Epoch [086/200], Step [0062/0062], LR: 0.000309, Loss: 0.2416
Epoch: 86, Dataset: test, Dice: 0.9309, IoU: 0.8756
Epoch: 86, Dataset: val, Dice: 0.8691, IoU: 0.7964
2026-09-18 21:28:48.744016 Epoch [087/200], Step [0062/0062], LR: 0.000305, Loss: 0.2389
Epoch: 87, Dataset: test, Dice: 0.9237, IoU: 0.8656
Epoch: 87, Dataset: val, Dice: 0.8796, IoU: 0.8060
2026-09-18 21:29:12.418754 Epoch [088/200], Step [0062/0062], LR: 0.000301, Loss: 0.2285
Epoch: 88, Dataset: test, Dice: 0.9284, IoU: 0.8704
Epoch: 88, Dataset: val, Dice: 0.8888, IoU: 0.8201
2026-09-18 21:29:35.989157 Epoch [089/200], Step [0062/0062], LR: 0.000297, Loss: 0.2227
Epoch: 89, Dataset: test, Dice: 0.9240, IoU: 0.8658
Epoch: 89, Dataset: val, Dice: 0.8848, IoU: 0.8131
2026-09-18 21:29:59.542667 Epoch [090/200], Step [0062/0062], LR: 0.000293, Loss: 0.2255
Epoch: 90, Dataset: test, Dice: 0.9315, IoU: 0.8790
Epoch: 90, Dataset: val, Dice: 0.8873, IoU: 0.8206
2026-09-18 21:30:22.801361 Epoch [091/200], Step [0062/0062], LR: 0.000290, Loss: 0.2205
Epoch: 91, Dataset: test, Dice: 0.9244, IoU: 0.8710
Epoch: 91, Dataset: val, Dice: 0.8858, IoU: 0.8168
2026-09-18 21:30:46.005972 Epoch [092/200], Step [0062/0062], LR: 0.000286, Loss: 0.2377
Epoch: 92, Dataset: test, Dice: 0.9348, IoU: 0.8834
Epoch: 92, Dataset: val, Dice: 0.8969, IoU: 0.8334
### Best Model Saved (Dice improved from 0.8923 to 0.8969) ###
2026-09-18 21:31:09.296325 Epoch [093/200], Step [0062/0062], LR: 0.000282, Loss: 0.2219
Epoch: 93, Dataset: test, Dice: 0.9153, IoU: 0.8554
Epoch: 93, Dataset: val, Dice: 0.8808, IoU: 0.8075
2026-09-18 21:31:32.538556 Epoch [094/200], Step [0062/0062], LR: 0.000278, Loss: 0.2186
Epoch: 94, Dataset: test, Dice: 0.9358, IoU: 0.8834
Epoch: 94, Dataset: val, Dice: 0.8797, IoU: 0.8093
2026-09-18 21:31:55.827315 Epoch [095/200], Step [0062/0062], LR: 0.000274, Loss: 0.2287
Epoch: 95, Dataset: test, Dice: 0.9246, IoU: 0.8694
Epoch: 95, Dataset: val, Dice: 0.8899, IoU: 0.8245
2026-09-18 21:32:19.315728 Epoch [096/200], Step [0062/0062], LR: 0.000270, Loss: 0.2271
Epoch: 96, Dataset: test, Dice: 0.9328, IoU: 0.8785
Epoch: 96, Dataset: val, Dice: 0.8838, IoU: 0.8155
2026-09-18 21:32:42.461802 Epoch [097/200], Step [0062/0062], LR: 0.000266, Loss: 0.2120
Epoch: 97, Dataset: test, Dice: 0.9311, IoU: 0.8786
Epoch: 97, Dataset: val, Dice: 0.8981, IoU: 0.8344
### Best Model Saved (Dice improved from 0.8969 to 0.8981) ###
2026-09-18 21:33:05.403356 Epoch [098/200], Step [0062/0062], LR: 0.000262, Loss: 0.2156
Epoch: 98, Dataset: test, Dice: 0.9312, IoU: 0.8760
Epoch: 98, Dataset: val, Dice: 0.8908, IoU: 0.8219
2026-09-18 21:33:29.181204 Epoch [099/200], Step [0062/0062], LR: 0.000258, Loss: 0.2164
Epoch: 99, Dataset: test, Dice: 0.9287, IoU: 0.8727
Epoch: 99, Dataset: val, Dice: 0.8776, IoU: 0.8076
2026-09-18 21:33:52.589675 Epoch [100/200], Step [0062/0062], LR: 0.000254, Loss: 0.2125
Epoch: 100, Dataset: test, Dice: 0.9296, IoU: 0.8743
Epoch: 100, Dataset: val, Dice: 0.8898, IoU: 0.8256
2026-09-18 21:34:16.193970 Epoch [101/200], Step [0062/0062], LR: 0.000250, Loss: 0.2204
Epoch: 101, Dataset: test, Dice: 0.9216, IoU: 0.8619
Epoch: 101, Dataset: val, Dice: 0.8850, IoU: 0.8145
2026-09-18 21:34:39.868207 Epoch [102/200], Step [0062/0062], LR: 0.000247, Loss: 0.2043
Epoch: 102, Dataset: test, Dice: 0.9377, IoU: 0.8861
Epoch: 102, Dataset: val, Dice: 0.8976, IoU: 0.8323
2026-09-18 21:35:03.088100 Epoch [103/200], Step [0062/0062], LR: 0.000243, Loss: 0.2081
Epoch: 103, Dataset: test, Dice: 0.9228, IoU: 0.8650
Epoch: 103, Dataset: val, Dice: 0.8948, IoU: 0.8312
2026-09-18 21:35:26.449590 Epoch [104/200], Step [0062/0062], LR: 0.000239, Loss: 0.2101
Epoch: 104, Dataset: test, Dice: 0.9248, IoU: 0.8693
Epoch: 104, Dataset: val, Dice: 0.8821, IoU: 0.8141
2026-09-18 21:35:50.246424 Epoch [105/200], Step [0062/0062], LR: 0.000235, Loss: 0.2152
Epoch: 105, Dataset: test, Dice: 0.9310, IoU: 0.8779
Epoch: 105, Dataset: val, Dice: 0.8887, IoU: 0.8220
2026-09-18 21:36:14.056282 Epoch [106/200], Step [0062/0062], LR: 0.000231, Loss: 0.2115
Epoch: 106, Dataset: test, Dice: 0.9249, IoU: 0.8705
Epoch: 106, Dataset: val, Dice: 0.8827, IoU: 0.8163
2026-09-18 21:36:37.155750 Epoch [107/200], Step [0062/0062], LR: 0.000227, Loss: 0.2071
Epoch: 107, Dataset: test, Dice: 0.9240, IoU: 0.8669
Epoch: 107, Dataset: val, Dice: 0.8769, IoU: 0.8075
2026-09-18 21:37:00.444020 Epoch [108/200], Step [0062/0062], LR: 0.000223, Loss: 0.2300
Epoch: 108, Dataset: test, Dice: 0.9310, IoU: 0.8759
Epoch: 108, Dataset: val, Dice: 0.8891, IoU: 0.8194
2026-09-18 21:37:23.988826 Epoch [109/200], Step [0062/0062], LR: 0.000219, Loss: 0.2119
Epoch: 109, Dataset: test, Dice: 0.9217, IoU: 0.8653
Epoch: 109, Dataset: val, Dice: 0.8942, IoU: 0.8277
2026-09-18 21:37:47.877911 Epoch [110/200], Step [0062/0062], LR: 0.000215, Loss: 0.2116
Epoch: 110, Dataset: test, Dice: 0.9292, IoU: 0.8726
Epoch: 110, Dataset: val, Dice: 0.8912, IoU: 0.8263
2026-09-18 21:38:10.815656 Epoch [111/200], Step [0062/0062], LR: 0.000211, Loss: 0.2066
Epoch: 111, Dataset: test, Dice: 0.9202, IoU: 0.8592
Epoch: 111, Dataset: val, Dice: 0.8992, IoU: 0.8350
### Best Model Saved (Dice improved from 0.8981 to 0.8992) ###
2026-09-18 21:38:34.112448 Epoch [112/200], Step [0062/0062], LR: 0.000208, Loss: 0.2063
Epoch: 112, Dataset: test, Dice: 0.9290, IoU: 0.8768
Epoch: 112, Dataset: val, Dice: 0.8927, IoU: 0.8297
2026-09-18 21:38:57.284753 Epoch [113/200], Step [0062/0062], LR: 0.000204, Loss: 0.2009
Epoch: 113, Dataset: test, Dice: 0.9292, IoU: 0.8743
Epoch: 113, Dataset: val, Dice: 0.8961, IoU: 0.8307
2026-09-18 21:39:20.349502 Epoch [114/200], Step [0062/0062], LR: 0.000200, Loss: 0.2066
Epoch: 114, Dataset: test, Dice: 0.9362, IoU: 0.8841
Epoch: 114, Dataset: val, Dice: 0.8913, IoU: 0.8277
2026-09-18 21:39:43.151700 Epoch [115/200], Step [0062/0062], LR: 0.000196, Loss: 0.2059
Epoch: 115, Dataset: test, Dice: 0.9328, IoU: 0.8779
Epoch: 115, Dataset: val, Dice: 0.8963, IoU: 0.8337
2026-09-18 21:40:06.546010 Epoch [116/200], Step [0062/0062], LR: 0.000192, Loss: 0.1993
Epoch: 116, Dataset: test, Dice: 0.9202, IoU: 0.8677
Epoch: 116, Dataset: val, Dice: 0.9025, IoU: 0.8419
### Best Model Saved (Dice improved from 0.8992 to 0.9025) ###
2026-09-18 21:40:29.813818 Epoch [117/200], Step [0062/0062], LR: 0.000188, Loss: 0.1999
Epoch: 117, Dataset: test, Dice: 0.9366, IoU: 0.8855
Epoch: 117, Dataset: val, Dice: 0.9074, IoU: 0.8492
### Best Model Saved (Dice improved from 0.9025 to 0.9074) ###
2026-09-18 21:40:53.368622 Epoch [118/200], Step [0062/0062], LR: 0.000185, Loss: 0.1958
Epoch: 118, Dataset: test, Dice: 0.9405, IoU: 0.8910
Epoch: 118, Dataset: val, Dice: 0.8965, IoU: 0.8327
2026-09-18 21:41:16.824199 Epoch [119/200], Step [0062/0062], LR: 0.000181, Loss: 0.1874
Epoch: 119, Dataset: test, Dice: 0.9341, IoU: 0.8808
Epoch: 119, Dataset: val, Dice: 0.8937, IoU: 0.8303
2026-09-18 21:41:40.191485 Epoch [120/200], Step [0062/0062], LR: 0.000177, Loss: 0.1998
Epoch: 120, Dataset: test, Dice: 0.9385, IoU: 0.8880
Epoch: 120, Dataset: val, Dice: 0.8954, IoU: 0.8361
2026-09-18 21:42:03.544870 Epoch [121/200], Step [0062/0062], LR: 0.000173, Loss: 0.1946
Epoch: 121, Dataset: test, Dice: 0.9379, IoU: 0.8874
Epoch: 121, Dataset: val, Dice: 0.8965, IoU: 0.8328
2026-09-18 21:42:27.168581 Epoch [122/200], Step [0062/0062], LR: 0.000170, Loss: 0.2021
Epoch: 122, Dataset: test, Dice: 0.9318, IoU: 0.8771
Epoch: 122, Dataset: val, Dice: 0.9066, IoU: 0.8476
2026-09-18 21:42:50.613021 Epoch [123/200], Step [0062/0062], LR: 0.000166, Loss: 0.2148
Epoch: 123, Dataset: test, Dice: 0.9384, IoU: 0.8878
Epoch: 123, Dataset: val, Dice: 0.9063, IoU: 0.8484
2026-09-18 21:43:14.056201 Epoch [124/200], Step [0062/0062], LR: 0.000162, Loss: 0.1971
Epoch: 124, Dataset: test, Dice: 0.9358, IoU: 0.8835
Epoch: 124, Dataset: val, Dice: 0.8951, IoU: 0.8285
2026-09-18 21:43:38.024956 Epoch [125/200], Step [0062/0062], LR: 0.000159, Loss: 0.2066
Epoch: 125, Dataset: test, Dice: 0.9378, IoU: 0.8868
Epoch: 125, Dataset: val, Dice: 0.9078, IoU: 0.8486
### Best Model Saved (Dice improved from 0.9074 to 0.9078) ###
2026-09-18 21:44:01.900819 Epoch [126/200], Step [0062/0062], LR: 0.000155, Loss: 0.1904
Epoch: 126, Dataset: test, Dice: 0.9391, IoU: 0.8885
Epoch: 126, Dataset: val, Dice: 0.9022, IoU: 0.8388
2026-09-18 21:44:25.884060 Epoch [127/200], Step [0062/0062], LR: 0.000151, Loss: 0.1917
Epoch: 127, Dataset: test, Dice: 0.9396, IoU: 0.8893
Epoch: 127, Dataset: val, Dice: 0.9016, IoU: 0.8374
2026-09-18 21:44:49.848597 Epoch [128/200], Step [0062/0062], LR: 0.000148, Loss: 0.2106
Epoch: 128, Dataset: test, Dice: 0.9334, IoU: 0.8793
Epoch: 128, Dataset: val, Dice: 0.8903, IoU: 0.8269
2026-09-18 21:45:13.922675 Epoch [129/200], Step [0062/0062], LR: 0.000144, Loss: 0.1934
Epoch: 129, Dataset: test, Dice: 0.9326, IoU: 0.8792
Epoch: 129, Dataset: val, Dice: 0.9020, IoU: 0.8405
2026-09-18 21:45:37.309794 Epoch [130/200], Step [0062/0062], LR: 0.000141, Loss: 0.1896
Epoch: 130, Dataset: test, Dice: 0.9325, IoU: 0.8800
Epoch: 130, Dataset: val, Dice: 0.9087, IoU: 0.8504
### Best Model Saved (Dice improved from 0.9078 to 0.9087) ###
2026-09-18 21:46:00.700288 Epoch [131/200], Step [0062/0062], LR: 0.000137, Loss: 0.1915
Epoch: 131, Dataset: test, Dice: 0.9286, IoU: 0.8742
Epoch: 131, Dataset: val, Dice: 0.8916, IoU: 0.8256
2026-09-18 21:46:24.951495 Epoch [132/200], Step [0062/0062], LR: 0.000134, Loss: 0.1879
Epoch: 132, Dataset: test, Dice: 0.9365, IoU: 0.8846
Epoch: 132, Dataset: val, Dice: 0.9043, IoU: 0.8419
2026-09-18 21:46:52.151983 Epoch [133/200], Step [0062/0062], LR: 0.000130, Loss: 0.1968
Epoch: 133, Dataset: test, Dice: 0.9353, IoU: 0.8833
Epoch: 133, Dataset: val, Dice: 0.8977, IoU: 0.8363
2026-09-18 21:47:15.497446 Epoch [134/200], Step [0062/0062], LR: 0.000127, Loss: 0.1883
Epoch: 134, Dataset: test, Dice: 0.9335, IoU: 0.8814
Epoch: 134, Dataset: val, Dice: 0.8925, IoU: 0.8311
2026-09-18 21:47:38.649010 Epoch [135/200], Step [0062/0062], LR: 0.000123, Loss: 0.1915
Epoch: 135, Dataset: test, Dice: 0.9295, IoU: 0.8736
Epoch: 135, Dataset: val, Dice: 0.8918, IoU: 0.8268
2026-09-18 21:48:01.499966 Epoch [136/200], Step [0062/0062], LR: 0.000120, Loss: 0.1858
Epoch: 136, Dataset: test, Dice: 0.9320, IoU: 0.8798
Epoch: 136, Dataset: val, Dice: 0.8993, IoU: 0.8370
2026-09-18 21:48:26.297733 Epoch [137/200], Step [0062/0062], LR: 0.000117, Loss: 0.1834
Epoch: 137, Dataset: test, Dice: 0.9342, IoU: 0.8821
Epoch: 137, Dataset: val, Dice: 0.8959, IoU: 0.8331
2026-09-18 21:48:54.626571 Epoch [138/200], Step [0062/0062], LR: 0.000114, Loss: 0.1886
Epoch: 138, Dataset: test, Dice: 0.9332, IoU: 0.8803
Epoch: 138, Dataset: val, Dice: 0.9029, IoU: 0.8412
2026-09-18 21:49:21.389462 Epoch [139/200], Step [0062/0062], LR: 0.000110, Loss: 0.1869
Epoch: 139, Dataset: test, Dice: 0.9317, IoU: 0.8780
Epoch: 139, Dataset: val, Dice: 0.8965, IoU: 0.8352
2026-09-18 21:49:44.663565 Epoch [140/200], Step [0062/0062], LR: 0.000107, Loss: 0.1829
Epoch: 140, Dataset: test, Dice: 0.9303, IoU: 0.8782
Epoch: 140, Dataset: val, Dice: 0.9085, IoU: 0.8500
2026-09-18 21:50:06.739698 Epoch [141/200], Step [0062/0062], LR: 0.000104, Loss: 0.1868
Epoch: 141, Dataset: test, Dice: 0.9316, IoU: 0.8781
Epoch: 141, Dataset: val, Dice: 0.8992, IoU: 0.8393
2026-09-18 21:50:29.403434 Epoch [142/200], Step [0062/0062], LR: 0.000101, Loss: 0.1827
Epoch: 142, Dataset: test, Dice: 0.9326, IoU: 0.8806
Epoch: 142, Dataset: val, Dice: 0.8986, IoU: 0.8347
2026-09-18 21:50:51.779158 Epoch [143/200], Step [0062/0062], LR: 0.000098, Loss: 0.1837
Epoch: 143, Dataset: test, Dice: 0.9398, IoU: 0.8898
Epoch: 143, Dataset: val, Dice: 0.8981, IoU: 0.8368
2026-09-18 21:51:15.064193 Epoch [144/200], Step [0062/0062], LR: 0.000095, Loss: 0.1834
Epoch: 144, Dataset: test, Dice: 0.9324, IoU: 0.8788
Epoch: 144, Dataset: val, Dice: 0.8974, IoU: 0.8388
2026-09-18 21:51:37.750235 Epoch [145/200], Step [0062/0062], LR: 0.000091, Loss: 0.1760
Epoch: 145, Dataset: test, Dice: 0.9384, IoU: 0.8880
Epoch: 145, Dataset: val, Dice: 0.9020, IoU: 0.8444
2026-09-18 21:52:00.468233 Epoch [146/200], Step [0062/0062], LR: 0.000088, Loss: 0.1843
Epoch: 146, Dataset: test, Dice: 0.9321, IoU: 0.8803
Epoch: 146, Dataset: val, Dice: 0.9003, IoU: 0.8388
2026-09-18 21:52:24.252078 Epoch [147/200], Step [0062/0062], LR: 0.000086, Loss: 0.1838
Epoch: 147, Dataset: test, Dice: 0.9380, IoU: 0.8876
Epoch: 147, Dataset: val, Dice: 0.8951, IoU: 0.8325
2026-09-18 21:52:48.105886 Epoch [148/200], Step [0062/0062], LR: 0.000083, Loss: 0.1830
Epoch: 148, Dataset: test, Dice: 0.9397, IoU: 0.8894
Epoch: 148, Dataset: val, Dice: 0.8900, IoU: 0.8248
2026-09-18 21:53:11.755156 Epoch [149/200], Step [0062/0062], LR: 0.000080, Loss: 0.1777
Epoch: 149, Dataset: test, Dice: 0.9385, IoU: 0.8867
Epoch: 149, Dataset: val, Dice: 0.8981, IoU: 0.8361
2026-09-18 21:53:36.647911 Epoch [150/200], Step [0062/0062], LR: 0.000077, Loss: 0.1811
Epoch: 150, Dataset: test, Dice: 0.9340, IoU: 0.8816
Epoch: 150, Dataset: val, Dice: 0.8962, IoU: 0.8325
2026-09-18 21:54:04.609888 Epoch [151/200], Step [0062/0062], LR: 0.000074, Loss: 0.1804
Epoch: 151, Dataset: test, Dice: 0.9399, IoU: 0.8899
Epoch: 151, Dataset: val, Dice: 0.9020, IoU: 0.8419
2026-09-18 21:54:27.967606 Epoch [152/200], Step [0062/0062], LR: 0.000071, Loss: 0.1752
Epoch: 152, Dataset: test, Dice: 0.9377, IoU: 0.8876
Epoch: 152, Dataset: val, Dice: 0.8997, IoU: 0.8409
2026-09-18 21:54:50.754701 Epoch [153/200], Step [0062/0062], LR: 0.000069, Loss: 0.1806
Epoch: 153, Dataset: test, Dice: 0.9351, IoU: 0.8833
Epoch: 153, Dataset: val, Dice: 0.8979, IoU: 0.8348
2026-09-18 21:55:13.632315 Epoch [154/200], Step [0062/0062], LR: 0.000066, Loss: 0.1809
Epoch: 154, Dataset: test, Dice: 0.9387, IoU: 0.8884
Epoch: 154, Dataset: val, Dice: 0.9015, IoU: 0.8437
2026-09-18 21:55:38.200497 Epoch [155/200], Step [0062/0062], LR: 0.000063, Loss: 0.1758
Epoch: 155, Dataset: test, Dice: 0.9382, IoU: 0.8880
Epoch: 155, Dataset: val, Dice: 0.8970, IoU: 0.8370
2026-09-18 21:56:06.653871 Epoch [156/200], Step [0062/0062], LR: 0.000061, Loss: 0.1770
Epoch: 156, Dataset: test, Dice: 0.9382, IoU: 0.8875
Epoch: 156, Dataset: val, Dice: 0.8963, IoU: 0.8350
2026-09-18 21:56:33.210309 Epoch [157/200], Step [0062/0062], LR: 0.000058, Loss: 0.1809
Epoch: 157, Dataset: test, Dice: 0.9356, IoU: 0.8844
Epoch: 157, Dataset: val, Dice: 0.9005, IoU: 0.8406
2026-09-18 21:56:56.113066 Epoch [158/200], Step [0062/0062], LR: 0.000056, Loss: 0.1707
Epoch: 158, Dataset: test, Dice: 0.9392, IoU: 0.8888
Epoch: 158, Dataset: val, Dice: 0.9021, IoU: 0.8431
2026-09-18 21:57:18.534608 Epoch [159/200], Step [0062/0062], LR: 0.000053, Loss: 0.1800
Epoch: 159, Dataset: test, Dice: 0.9374, IoU: 0.8859
Epoch: 159, Dataset: val, Dice: 0.8990, IoU: 0.8394
2026-09-18 21:57:41.169929 Epoch [160/200], Step [0062/0062], LR: 0.000051, Loss: 0.1783
Epoch: 160, Dataset: test, Dice: 0.9364, IoU: 0.8848
Epoch: 160, Dataset: val, Dice: 0.8937, IoU: 0.8321
2026-09-18 21:58:04.163947 Epoch [161/200], Step [0062/0062], LR: 0.000049, Loss: 0.1790
Epoch: 161, Dataset: test, Dice: 0.9346, IoU: 0.8824
Epoch: 161, Dataset: val, Dice: 0.9018, IoU: 0.8412
2026-09-18 21:58:27.181190 Epoch [162/200], Step [0062/0062], LR: 0.000046, Loss: 0.1750
Epoch: 162, Dataset: test, Dice: 0.9240, IoU: 0.8672
Epoch: 162, Dataset: val, Dice: 0.8952, IoU: 0.8320
2026-09-18 21:58:49.801249 Epoch [163/200], Step [0062/0062], LR: 0.000044, Loss: 0.1813
Epoch: 163, Dataset: test, Dice: 0.9378, IoU: 0.8863
Epoch: 163, Dataset: val, Dice: 0.9019, IoU: 0.8410
2026-09-18 21:59:12.649419 Epoch [164/200], Step [0062/0062], LR: 0.000042, Loss: 0.1748
Epoch: 164, Dataset: test, Dice: 0.9366, IoU: 0.8858
Epoch: 164, Dataset: val, Dice: 0.9028, IoU: 0.8406
2026-09-18 21:59:35.697404 Epoch [165/200], Step [0062/0062], LR: 0.000040, Loss: 0.1756
Epoch: 165, Dataset: test, Dice: 0.9346, IoU: 0.8832
Epoch: 165, Dataset: val, Dice: 0.9024, IoU: 0.8432
2026-09-18 21:59:59.130049 Epoch [166/200], Step [0062/0062], LR: 0.000038, Loss: 0.1705
Epoch: 166, Dataset: test, Dice: 0.9322, IoU: 0.8804
Epoch: 166, Dataset: val, Dice: 0.9019, IoU: 0.8433
2026-09-18 22:00:21.850567 Epoch [167/200], Step [0062/0062], LR: 0.000036, Loss: 0.1741
Epoch: 167, Dataset: test, Dice: 0.9356, IoU: 0.8842
Epoch: 167, Dataset: val, Dice: 0.8993, IoU: 0.8405
2026-09-18 22:00:45.137494 Epoch [168/200], Step [0062/0062], LR: 0.000034, Loss: 0.1694
Epoch: 168, Dataset: test, Dice: 0.9341, IoU: 0.8817
Epoch: 168, Dataset: val, Dice: 0.9017, IoU: 0.8409
2026-09-18 22:01:08.006445 Epoch [169/200], Step [0062/0062], LR: 0.000032, Loss: 0.1758
Epoch: 169, Dataset: test, Dice: 0.9374, IoU: 0.8873
Epoch: 169, Dataset: val, Dice: 0.8973, IoU: 0.8364
2026-09-18 22:01:30.728528 Epoch [170/200], Step [0062/0062], LR: 0.000030, Loss: 0.1740
Epoch: 170, Dataset: test, Dice: 0.9320, IoU: 0.8794
Epoch: 170, Dataset: val, Dice: 0.8989, IoU: 0.8384
2026-09-18 22:01:53.873185 Epoch [171/200], Step [0062/0062], LR: 0.000028, Loss: 0.1734
Epoch: 171, Dataset: test, Dice: 0.9349, IoU: 0.8830
Epoch: 171, Dataset: val, Dice: 0.8994, IoU: 0.8404
2026-09-18 22:02:16.709869 Epoch [172/200], Step [0062/0062], LR: 0.000026, Loss: 0.1682
Epoch: 172, Dataset: test, Dice: 0.9335, IoU: 0.8810
Epoch: 172, Dataset: val, Dice: 0.9041, IoU: 0.8444
2026-09-18 22:02:39.423812 Epoch [173/200], Step [0062/0062], LR: 0.000025, Loss: 0.1849
Epoch: 173, Dataset: test, Dice: 0.9340, IoU: 0.8809
Epoch: 173, Dataset: val, Dice: 0.8980, IoU: 0.8353
2026-09-18 22:03:02.153768 Epoch [174/200], Step [0062/0062], LR: 0.000023, Loss: 0.1697
Epoch: 174, Dataset: test, Dice: 0.9395, IoU: 0.8899
Epoch: 174, Dataset: val, Dice: 0.8987, IoU: 0.8394
2026-09-18 22:03:25.398785 Epoch [175/200], Step [0062/0062], LR: 0.000022, Loss: 0.1712
Epoch: 175, Dataset: test, Dice: 0.9332, IoU: 0.8802
Epoch: 175, Dataset: val, Dice: 0.8992, IoU: 0.8405
2026-09-18 22:03:48.386634 Epoch [176/200], Step [0062/0062], LR: 0.000020, Loss: 0.1696
Epoch: 176, Dataset: test, Dice: 0.9377, IoU: 0.8874
Epoch: 176, Dataset: val, Dice: 0.9027, IoU: 0.8428
2026-09-18 22:04:11.538740 Epoch [177/200], Step [0062/0062], LR: 0.000019, Loss: 0.1801
Epoch: 177, Dataset: test, Dice: 0.9366, IoU: 0.8855
Epoch: 177, Dataset: val, Dice: 0.9030, IoU: 0.8444
2026-09-18 22:04:34.425007 Epoch [178/200], Step [0062/0062], LR: 0.000017, Loss: 0.1687
Epoch: 178, Dataset: test, Dice: 0.9342, IoU: 0.8823
Epoch: 178, Dataset: val, Dice: 0.8994, IoU: 0.8400
2026-09-18 22:04:58.063551 Epoch [179/200], Step [0062/0062], LR: 0.000016, Loss: 0.1756
Epoch: 179, Dataset: test, Dice: 0.9381, IoU: 0.8877
Epoch: 179, Dataset: val, Dice: 0.8994, IoU: 0.8405
2026-09-18 22:05:20.517836 Epoch [180/200], Step [0062/0062], LR: 0.000014, Loss: 0.1910
Epoch: 180, Dataset: test, Dice: 0.9383, IoU: 0.8877
Epoch: 180, Dataset: val, Dice: 0.9054, IoU: 0.8450
2026-09-18 22:05:43.683340 Epoch [181/200], Step [0062/0062], LR: 0.000013, Loss: 0.1733
Epoch: 181, Dataset: test, Dice: 0.9340, IoU: 0.8830
Epoch: 181, Dataset: val, Dice: 0.9057, IoU: 0.8467
2026-09-18 22:06:09.020009 Epoch [182/200], Step [0062/0062], LR: 0.000012, Loss: 0.1728
Epoch: 182, Dataset: test, Dice: 0.9344, IoU: 0.8828
Epoch: 182, Dataset: val, Dice: 0.8998, IoU: 0.8406
2026-09-18 22:06:36.846462 Epoch [183/200], Step [0062/0062], LR: 0.000011, Loss: 0.1681
Epoch: 183, Dataset: test, Dice: 0.9356, IoU: 0.8837
Epoch: 183, Dataset: val, Dice: 0.9066, IoU: 0.8484
2026-09-18 22:06:59.373569 Epoch [184/200], Step [0062/0062], LR: 0.000010, Loss: 0.1727
Epoch: 184, Dataset: test, Dice: 0.9377, IoU: 0.8868
Epoch: 184, Dataset: val, Dice: 0.9018, IoU: 0.8419
2026-09-18 22:07:21.679763 Epoch [185/200], Step [0062/0062], LR: 0.000009, Loss: 0.1688
Epoch: 185, Dataset: test, Dice: 0.9340, IoU: 0.8813
Epoch: 185, Dataset: val, Dice: 0.9041, IoU: 0.8455
2026-09-18 22:07:44.432947 Epoch [186/200], Step [0062/0062], LR: 0.000008, Loss: 0.1700
Epoch: 186, Dataset: test, Dice: 0.9392, IoU: 0.8892
Epoch: 186, Dataset: val, Dice: 0.8922, IoU: 0.8298
2026-09-18 22:08:09.302663 Epoch [187/200], Step [0062/0062], LR: 0.000007, Loss: 0.1706
Epoch: 187, Dataset: test, Dice: 0.9351, IoU: 0.8840
Epoch: 187, Dataset: val, Dice: 0.9075, IoU: 0.8501
2026-09-18 22:08:38.393958 Epoch [188/200], Step [0062/0062], LR: 0.000006, Loss: 0.1715
Epoch: 188, Dataset: test, Dice: 0.9299, IoU: 0.8754
Epoch: 188, Dataset: val, Dice: 0.9000, IoU: 0.8383
2026-09-18 22:09:05.405990 Epoch [189/200], Step [0062/0062], LR: 0.000005, Loss: 0.1660
Epoch: 189, Dataset: test, Dice: 0.9361, IoU: 0.8849
Epoch: 189, Dataset: val, Dice: 0.9015, IoU: 0.8407
2026-09-18 22:09:28.250121 Epoch [190/200], Step [0062/0062], LR: 0.000005, Loss: 0.1718
Epoch: 190, Dataset: test, Dice: 0.9371, IoU: 0.8871
Epoch: 190, Dataset: val, Dice: 0.9069, IoU: 0.8486
2026-09-18 22:09:51.503906 Epoch [191/200], Step [0062/0062], LR: 0.000004, Loss: 0.1737
Epoch: 191, Dataset: test, Dice: 0.9379, IoU: 0.8872
Epoch: 191, Dataset: val, Dice: 0.9020, IoU: 0.8400
2026-09-18 22:10:15.130547 Epoch [192/200], Step [0062/0062], LR: 0.000003, Loss: 0.1807
Epoch: 192, Dataset: test, Dice: 0.9365, IoU: 0.8859
Epoch: 192, Dataset: val, Dice: 0.9031, IoU: 0.8458
2026-09-18 22:10:38.727680 Epoch [193/200], Step [0062/0062], LR: 0.000003, Loss: 0.1668
Epoch: 193, Dataset: test, Dice: 0.9347, IoU: 0.8821
Epoch: 193, Dataset: val, Dice: 0.8965, IoU: 0.8351
2026-09-18 22:11:01.342149 Epoch [194/200], Step [0062/0062], LR: 0.000003, Loss: 0.1698
Epoch: 194, Dataset: test, Dice: 0.9324, IoU: 0.8793
Epoch: 194, Dataset: val, Dice: 0.8987, IoU: 0.8388
2026-09-18 22:11:24.308517 Epoch [195/200], Step [0062/0062], LR: 0.000002, Loss: 0.1770
Epoch: 195, Dataset: test, Dice: 0.9370, IoU: 0.8856
Epoch: 195, Dataset: val, Dice: 0.8984, IoU: 0.8382
2026-09-18 22:11:47.554995 Epoch [196/200], Step [0062/0062], LR: 0.000002, Loss: 0.1661
Epoch: 196, Dataset: test, Dice: 0.9320, IoU: 0.8782
Epoch: 196, Dataset: val, Dice: 0.9001, IoU: 0.8409
2026-09-18 22:12:10.539732 Epoch [197/200], Step [0062/0062], LR: 0.000001, Loss: 0.1636
Epoch: 197, Dataset: test, Dice: 0.9385, IoU: 0.8882
Epoch: 197, Dataset: val, Dice: 0.9014, IoU: 0.8432
2026-09-18 22:12:33.756581 Epoch [198/200], Step [0062/0062], LR: 0.000001, Loss: 0.1679
Epoch: 198, Dataset: test, Dice: 0.9373, IoU: 0.8866
Epoch: 198, Dataset: val, Dice: 0.9003, IoU: 0.8411
2026-09-18 22:12:57.337223 Epoch [199/200], Step [0062/0062], LR: 0.000001, Loss: 0.1787
Epoch: 199, Dataset: test, Dice: 0.9390, IoU: 0.8881
Epoch: 199, Dataset: val, Dice: 0.9019, IoU: 0.8420
2026-09-18 22:13:20.311693 Epoch [200/200], Step [0062/0062], LR: 0.000001, Loss: 0.1697
Epoch: 200, Dataset: test, Dice: 0.9397, IoU: 0.8899
Epoch: 200, Dataset: val, Dice: 0.9026, IoU: 0.8421

========================================
FINAL RESULTS: ClinicDB_MK_UNet_bs8_lr0.0005_e200_augTrue_run4_t205410
Best Val Dice: 0.9087
Test Dice at Best Val: 0.9325
Total Train Time: 4379.57s
========================================
Network: MK_UNet | Channels: [16, 32, 64, 96, 160]
[INFO] Register count_convNd() for <class 'torch.nn.modules.conv.Conv2d'>.
[INFO] Register count_normalization() for <class 'torch.nn.modules.batchnorm.BatchNorm2d'>.
[INFO] Register zero_ops() for <class 'torch.nn.modules.activation.ReLU6'>.
[INFO] Register zero_ops() for <class 'torch.nn.modules.container.Sequential'>.
[INFO] Register zero_ops() for <class 'torch.nn.modules.activation.ReLU'>.
[INFO] Register count_adap_avgpool() for <class 'torch.nn.modules.pooling.AdaptiveAvgPool2d'>.
[INFO] Register zero_ops() for <class 'torch.nn.modules.pooling.AdaptiveMaxPool2d'>.
flops 0.619251354
params 0.315566
Total params: 0.32M
2026-09-18 22:13:43.477296 Epoch [001/200], Step [0062/0062], LR: 0.000500, Loss: 1.1401
Epoch: 1, Dataset: test, Dice: 0.2602, IoU: 0.1594
Epoch: 1, Dataset: val, Dice: 0.2804, IoU: 0.1754
### Best Model Saved (Dice improved from 0.0000 to 0.2804) ###
2026-09-18 22:14:07.143182 Epoch [002/200], Step [0062/0062], LR: 0.000500, Loss: 1.0713
Epoch: 2, Dataset: test, Dice: 0.4388, IoU: 0.3081
Epoch: 2, Dataset: val, Dice: 0.4477, IoU: 0.3199
### Best Model Saved (Dice improved from 0.2804 to 0.4477) ###
2026-09-18 22:14:30.615002 Epoch [003/200], Step [0062/0062], LR: 0.000500, Loss: 0.9721
Epoch: 3, Dataset: test, Dice: 0.4533, IoU: 0.3220
Epoch: 3, Dataset: val, Dice: 0.4681, IoU: 0.3518
### Best Model Saved (Dice improved from 0.4477 to 0.4681) ###
2026-09-18 22:14:53.655415 Epoch [004/200], Step [0062/0062], LR: 0.000500, Loss: 0.8641
Epoch: 4, Dataset: test, Dice: 0.4219, IoU: 0.2935
Epoch: 4, Dataset: val, Dice: 0.4735, IoU: 0.3414
### Best Model Saved (Dice improved from 0.4681 to 0.4735) ###
2026-09-18 22:15:16.883860 Epoch [005/200], Step [0062/0062], LR: 0.000500, Loss: 0.8752
Epoch: 5, Dataset: test, Dice: 0.5872, IoU: 0.4563
Epoch: 5, Dataset: val, Dice: 0.6073, IoU: 0.4795
### Best Model Saved (Dice improved from 0.4735 to 0.6073) ###
2026-09-18 22:15:40.439588 Epoch [006/200], Step [0062/0062], LR: 0.000499, Loss: 0.7750
Epoch: 6, Dataset: test, Dice: 0.4810, IoU: 0.3693
Epoch: 6, Dataset: val, Dice: 0.4936, IoU: 0.3682
2026-09-18 22:16:03.502531 Epoch [007/200], Step [0062/0062], LR: 0.000499, Loss: 0.7848
Epoch: 7, Dataset: test, Dice: 0.6399, IoU: 0.5112
Epoch: 7, Dataset: val, Dice: 0.6133, IoU: 0.4785
### Best Model Saved (Dice improved from 0.6073 to 0.6133) ###
2026-09-18 22:16:26.829655 Epoch [008/200], Step [0062/0062], LR: 0.000498, Loss: 0.7012
Epoch: 8, Dataset: test, Dice: 0.7493, IoU: 0.6363
Epoch: 8, Dataset: val, Dice: 0.6956, IoU: 0.5824
### Best Model Saved (Dice improved from 0.6133 to 0.6956) ###
2026-09-18 22:16:50.161265 Epoch [009/200], Step [0062/0062], LR: 0.000498, Loss: 0.7019
Epoch: 9, Dataset: test, Dice: 0.5945, IoU: 0.4602
Epoch: 9, Dataset: val, Dice: 0.6500, IoU: 0.5252
2026-09-18 22:17:13.261962 Epoch [010/200], Step [0062/0062], LR: 0.000498, Loss: 0.6447
Epoch: 10, Dataset: test, Dice: 0.6287, IoU: 0.5015
Epoch: 10, Dataset: val, Dice: 0.6223, IoU: 0.5099
2026-09-18 22:17:36.442764 Epoch [011/200], Step [0062/0062], LR: 0.000497, Loss: 0.6800
Epoch: 11, Dataset: test, Dice: 0.7195, IoU: 0.6066
Epoch: 11, Dataset: val, Dice: 0.6259, IoU: 0.5084
2026-09-18 22:17:59.640413 Epoch [012/200], Step [0062/0062], LR: 0.000496, Loss: 0.6313
Epoch: 12, Dataset: test, Dice: 0.6563, IoU: 0.5350
Epoch: 12, Dataset: val, Dice: 0.6478, IoU: 0.5192
2026-09-18 22:18:23.103637 Epoch [013/200], Step [0062/0062], LR: 0.000496, Loss: 0.6223
Epoch: 13, Dataset: test, Dice: 0.7043, IoU: 0.5870
Epoch: 13, Dataset: val, Dice: 0.6577, IoU: 0.5292
2026-09-18 22:18:45.802363 Epoch [014/200], Step [0062/0062], LR: 0.000495, Loss: 0.5962
Epoch: 14, Dataset: test, Dice: 0.7504, IoU: 0.6406
Epoch: 14, Dataset: val, Dice: 0.7171, IoU: 0.6005
### Best Model Saved (Dice improved from 0.6956 to 0.7171) ###
2026-09-18 22:19:08.804212 Epoch [015/200], Step [0062/0062], LR: 0.000494, Loss: 0.6014
Epoch: 15, Dataset: test, Dice: 0.7865, IoU: 0.6883
Epoch: 15, Dataset: val, Dice: 0.7279, IoU: 0.6150
### Best Model Saved (Dice improved from 0.7171 to 0.7279) ###
2026-09-18 22:19:32.316454 Epoch [016/200], Step [0062/0062], LR: 0.000493, Loss: 0.5801
Epoch: 16, Dataset: test, Dice: 0.6897, IoU: 0.5632
Epoch: 16, Dataset: val, Dice: 0.6377, IoU: 0.5083
2026-09-18 22:19:55.827970 Epoch [017/200], Step [0062/0062], LR: 0.000492, Loss: 0.5297
Epoch: 17, Dataset: test, Dice: 0.6399, IoU: 0.5178
Epoch: 17, Dataset: val, Dice: 0.5982, IoU: 0.4724
2026-09-18 22:20:19.151488 Epoch [018/200], Step [0062/0062], LR: 0.000491, Loss: 0.5201
Epoch: 18, Dataset: test, Dice: 0.6368, IoU: 0.5264
Epoch: 18, Dataset: val, Dice: 0.6578, IoU: 0.5417
2026-09-18 22:20:42.060106 Epoch [019/200], Step [0062/0062], LR: 0.000490, Loss: 0.5545
Epoch: 19, Dataset: test, Dice: 0.8188, IoU: 0.7273
Epoch: 19, Dataset: val, Dice: 0.6905, IoU: 0.5863
2026-09-18 22:21:05.119215 Epoch [020/200], Step [0062/0062], LR: 0.000489, Loss: 0.4962
Epoch: 20, Dataset: test, Dice: 0.8001, IoU: 0.6937
Epoch: 20, Dataset: val, Dice: 0.7604, IoU: 0.6509
### Best Model Saved (Dice improved from 0.7279 to 0.7604) ###
2026-09-18 22:21:28.561829 Epoch [021/200], Step [0062/0062], LR: 0.000488, Loss: 0.5004
Epoch: 21, Dataset: test, Dice: 0.8496, IoU: 0.7630
Epoch: 21, Dataset: val, Dice: 0.7856, IoU: 0.6863
### Best Model Saved (Dice improved from 0.7604 to 0.7856) ###
2026-09-18 22:21:52.141507 Epoch [022/200], Step [0062/0062], LR: 0.000487, Loss: 0.4469
Epoch: 22, Dataset: test, Dice: 0.7989, IoU: 0.7038
Epoch: 22, Dataset: val, Dice: 0.7125, IoU: 0.5942
2026-09-18 22:22:15.134911 Epoch [023/200], Step [0062/0062], LR: 0.000485, Loss: 0.4655
Epoch: 23, Dataset: test, Dice: 0.8611, IoU: 0.7811
Epoch: 23, Dataset: val, Dice: 0.8518, IoU: 0.7669
### Best Model Saved (Dice improved from 0.7856 to 0.8518) ###
2026-09-18 22:22:37.754177 Epoch [024/200], Step [0062/0062], LR: 0.000484, Loss: 0.4627
Epoch: 24, Dataset: test, Dice: 0.8409, IoU: 0.7602
Epoch: 24, Dataset: val, Dice: 0.7855, IoU: 0.6910
2026-09-18 22:23:00.529678 Epoch [025/200], Step [0062/0062], LR: 0.000482, Loss: 0.4359
Epoch: 25, Dataset: test, Dice: 0.8855, IoU: 0.8122
Epoch: 25, Dataset: val, Dice: 0.8393, IoU: 0.7534
2026-09-18 22:23:23.457370 Epoch [026/200], Step [0062/0062], LR: 0.000481, Loss: 0.3995
Epoch: 26, Dataset: test, Dice: 0.7605, IoU: 0.6547
Epoch: 26, Dataset: val, Dice: 0.7435, IoU: 0.6278
2026-09-18 22:23:46.119365 Epoch [027/200], Step [0062/0062], LR: 0.000479, Loss: 0.4182
Epoch: 27, Dataset: test, Dice: 0.8609, IoU: 0.7864
Epoch: 27, Dataset: val, Dice: 0.7772, IoU: 0.6884
2026-09-18 22:24:08.665846 Epoch [028/200], Step [0062/0062], LR: 0.000478, Loss: 0.4185
Epoch: 28, Dataset: test, Dice: 0.8708, IoU: 0.7929
Epoch: 28, Dataset: val, Dice: 0.8123, IoU: 0.7198
2026-09-18 22:24:31.079535 Epoch [029/200], Step [0062/0062], LR: 0.000476, Loss: 0.4149
Epoch: 29, Dataset: test, Dice: 0.8014, IoU: 0.7092
Epoch: 29, Dataset: val, Dice: 0.7363, IoU: 0.6309
2026-09-18 22:24:53.753072 Epoch [030/200], Step [0062/0062], LR: 0.000475, Loss: 0.4050
Epoch: 30, Dataset: test, Dice: 0.8563, IoU: 0.7667
Epoch: 30, Dataset: val, Dice: 0.7100, IoU: 0.6005
2026-09-18 22:25:17.358398 Epoch [031/200], Step [0062/0062], LR: 0.000473, Loss: 0.4484
Epoch: 31, Dataset: test, Dice: 0.8638, IoU: 0.7896
Epoch: 31, Dataset: val, Dice: 0.8024, IoU: 0.7079
2026-09-18 22:25:39.883468 Epoch [032/200], Step [0062/0062], LR: 0.000471, Loss: 0.3974
Epoch: 32, Dataset: test, Dice: 0.8551, IoU: 0.7810
Epoch: 32, Dataset: val, Dice: 0.8364, IoU: 0.7456
2026-09-18 22:26:02.028004 Epoch [033/200], Step [0062/0062], LR: 0.000469, Loss: 0.3906
Epoch: 33, Dataset: test, Dice: 0.8631, IoU: 0.7874
Epoch: 33, Dataset: val, Dice: 0.8012, IoU: 0.7086
2026-09-18 22:26:24.527243 Epoch [034/200], Step [0062/0062], LR: 0.000467, Loss: 0.3654
Epoch: 34, Dataset: test, Dice: 0.8871, IoU: 0.8153
Epoch: 34, Dataset: val, Dice: 0.8419, IoU: 0.7580
2026-09-18 22:26:46.880112 Epoch [035/200], Step [0062/0062], LR: 0.000465, Loss: 0.3739
Epoch: 35, Dataset: test, Dice: 0.8170, IoU: 0.7302
Epoch: 35, Dataset: val, Dice: 0.7898, IoU: 0.6931
2026-09-18 22:27:09.392482 Epoch [036/200], Step [0062/0062], LR: 0.000463, Loss: 0.3626
Epoch: 36, Dataset: test, Dice: 0.8784, IoU: 0.8078
Epoch: 36, Dataset: val, Dice: 0.8178, IoU: 0.7238
2026-09-18 22:27:31.310218 Epoch [037/200], Step [0062/0062], LR: 0.000461, Loss: 0.3664
Epoch: 37, Dataset: test, Dice: 0.8806, IoU: 0.8111
Epoch: 37, Dataset: val, Dice: 0.8357, IoU: 0.7567
2026-09-18 22:27:54.119189 Epoch [038/200], Step [0062/0062], LR: 0.000459, Loss: 0.3392
Epoch: 38, Dataset: test, Dice: 0.8924, IoU: 0.8289
Epoch: 38, Dataset: val, Dice: 0.8766, IoU: 0.8010
### Best Model Saved (Dice improved from 0.8518 to 0.8766) ###
2026-09-18 22:28:16.607922 Epoch [039/200], Step [0062/0062], LR: 0.000457, Loss: 0.3350
Epoch: 39, Dataset: test, Dice: 0.8873, IoU: 0.8181
Epoch: 39, Dataset: val, Dice: 0.8737, IoU: 0.7923
2026-09-18 22:28:38.843582 Epoch [040/200], Step [0062/0062], LR: 0.000455, Loss: 0.3289
Epoch: 40, Dataset: test, Dice: 0.8953, IoU: 0.8233
Epoch: 40, Dataset: val, Dice: 0.8268, IoU: 0.7424
2026-09-18 22:29:00.714830 Epoch [041/200], Step [0062/0062], LR: 0.000452, Loss: 0.3609
Epoch: 41, Dataset: test, Dice: 0.8490, IoU: 0.7626
Epoch: 41, Dataset: val, Dice: 0.7816, IoU: 0.6814
2026-09-18 22:29:23.098677 Epoch [042/200], Step [0062/0062], LR: 0.000450, Loss: 0.3234
Epoch: 42, Dataset: test, Dice: 0.8938, IoU: 0.8276
Epoch: 42, Dataset: val, Dice: 0.8539, IoU: 0.7732
2026-09-18 22:29:45.733886 Epoch [043/200], Step [0062/0062], LR: 0.000448, Loss: 0.3241
Epoch: 43, Dataset: test, Dice: 0.8773, IoU: 0.8028
Epoch: 43, Dataset: val, Dice: 0.8245, IoU: 0.7371
2026-09-18 22:30:07.835986 Epoch [044/200], Step [0062/0062], LR: 0.000445, Loss: 0.3182
Epoch: 44, Dataset: test, Dice: 0.8073, IoU: 0.7190
Epoch: 44, Dataset: val, Dice: 0.7376, IoU: 0.6316
2026-09-18 22:30:30.525608 Epoch [045/200], Step [0062/0062], LR: 0.000443, Loss: 0.3256
Epoch: 45, Dataset: test, Dice: 0.8824, IoU: 0.8207
Epoch: 45, Dataset: val, Dice: 0.8530, IoU: 0.7737
2026-09-18 22:30:52.820544 Epoch [046/200], Step [0062/0062], LR: 0.000440, Loss: 0.3269
Epoch: 46, Dataset: test, Dice: 0.8915, IoU: 0.8255
Epoch: 46, Dataset: val, Dice: 0.8629, IoU: 0.7807
2026-09-18 22:31:14.818060 Epoch [047/200], Step [0062/0062], LR: 0.000438, Loss: 0.3068
Epoch: 47, Dataset: test, Dice: 0.8776, IoU: 0.8117
Epoch: 47, Dataset: val, Dice: 0.8746, IoU: 0.7989
2026-09-18 22:31:37.480786 Epoch [048/200], Step [0062/0062], LR: 0.000435, Loss: 0.3055
Epoch: 48, Dataset: test, Dice: 0.8923, IoU: 0.8245
Epoch: 48, Dataset: val, Dice: 0.8496, IoU: 0.7670
2026-09-18 22:32:00.576775 Epoch [049/200], Step [0062/0062], LR: 0.000432, Loss: 0.3010
Epoch: 49, Dataset: test, Dice: 0.8913, IoU: 0.8227
Epoch: 49, Dataset: val, Dice: 0.8354, IoU: 0.7564
2026-09-18 22:32:23.947055 Epoch [050/200], Step [0062/0062], LR: 0.000430, Loss: 0.3027
Epoch: 50, Dataset: test, Dice: 0.8940, IoU: 0.8317
Epoch: 50, Dataset: val, Dice: 0.8629, IoU: 0.7825
2026-09-18 22:32:46.709773 Epoch [051/200], Step [0062/0062], LR: 0.000427, Loss: 0.3009
Epoch: 51, Dataset: test, Dice: 0.9087, IoU: 0.8440
Epoch: 51, Dataset: val, Dice: 0.8422, IoU: 0.7574
2026-09-18 22:33:09.271672 Epoch [052/200], Step [0062/0062], LR: 0.000424, Loss: 0.2877
Epoch: 52, Dataset: test, Dice: 0.9091, IoU: 0.8493
Epoch: 52, Dataset: val, Dice: 0.8638, IoU: 0.7899
2026-09-18 22:33:31.920284 Epoch [053/200], Step [0062/0062], LR: 0.000421, Loss: 0.3013
Epoch: 53, Dataset: test, Dice: 0.8086, IoU: 0.7184
Epoch: 53, Dataset: val, Dice: 0.7274, IoU: 0.6168
2026-09-18 22:33:55.366420 Epoch [054/200], Step [0062/0062], LR: 0.000418, Loss: 0.2775
Epoch: 54, Dataset: test, Dice: 0.8768, IoU: 0.8093
Epoch: 54, Dataset: val, Dice: 0.8539, IoU: 0.7710
2026-09-18 22:34:18.424781 Epoch [055/200], Step [0062/0062], LR: 0.000415, Loss: 0.2767
Epoch: 55, Dataset: test, Dice: 0.8976, IoU: 0.8369
Epoch: 55, Dataset: val, Dice: 0.8886, IoU: 0.8110
### Best Model Saved (Dice improved from 0.8766 to 0.8886) ###
2026-09-18 22:34:41.562484 Epoch [056/200], Step [0062/0062], LR: 0.000413, Loss: 0.2865
Epoch: 56, Dataset: test, Dice: 0.8779, IoU: 0.8122
Epoch: 56, Dataset: val, Dice: 0.8215, IoU: 0.7346
2026-09-18 22:35:04.392392 Epoch [057/200], Step [0062/0062], LR: 0.000410, Loss: 0.2862
Epoch: 57, Dataset: test, Dice: 0.8847, IoU: 0.8165
Epoch: 57, Dataset: val, Dice: 0.8567, IoU: 0.7733
2026-09-18 22:35:27.756276 Epoch [058/200], Step [0062/0062], LR: 0.000406, Loss: 0.2814
Epoch: 58, Dataset: test, Dice: 0.9159, IoU: 0.8511
Epoch: 58, Dataset: val, Dice: 0.8649, IoU: 0.7850
2026-09-18 22:35:52.005191 Epoch [059/200], Step [0062/0062], LR: 0.000403, Loss: 0.2605
Epoch: 59, Dataset: test, Dice: 0.9047, IoU: 0.8448
Epoch: 59, Dataset: val, Dice: 0.8771, IoU: 0.8019
2026-09-18 22:36:16.022441 Epoch [060/200], Step [0062/0062], LR: 0.000400, Loss: 0.2542
Epoch: 60, Dataset: test, Dice: 0.9078, IoU: 0.8493
Epoch: 60, Dataset: val, Dice: 0.8632, IoU: 0.7852
2026-09-18 22:36:39.673736 Epoch [061/200], Step [0062/0062], LR: 0.000397, Loss: 0.2780
Epoch: 61, Dataset: test, Dice: 0.9296, IoU: 0.8742
Epoch: 61, Dataset: val, Dice: 0.8758, IoU: 0.8052
2026-09-18 22:37:03.160214 Epoch [062/200], Step [0062/0062], LR: 0.000394, Loss: 0.2790
Epoch: 62, Dataset: test, Dice: 0.9343, IoU: 0.8820
Epoch: 62, Dataset: val, Dice: 0.8874, IoU: 0.8182
2026-09-18 22:37:26.605119 Epoch [063/200], Step [0062/0062], LR: 0.000391, Loss: 0.2694
Epoch: 63, Dataset: test, Dice: 0.8683, IoU: 0.7949
Epoch: 63, Dataset: val, Dice: 0.8381, IoU: 0.7465
2026-09-18 22:37:50.112901 Epoch [064/200], Step [0062/0062], LR: 0.000387, Loss: 0.2437
Epoch: 64, Dataset: test, Dice: 0.9034, IoU: 0.8438
Epoch: 64, Dataset: val, Dice: 0.8726, IoU: 0.7992
2026-09-18 22:38:17.217220 Epoch [065/200], Step [0062/0062], LR: 0.000384, Loss: 0.2531
Epoch: 65, Dataset: test, Dice: 0.9025, IoU: 0.8402
Epoch: 65, Dataset: val, Dice: 0.8767, IoU: 0.8084
2026-09-18 22:38:42.914960 Epoch [066/200], Step [0062/0062], LR: 0.000381, Loss: 0.2555
Epoch: 66, Dataset: test, Dice: 0.9059, IoU: 0.8482
Epoch: 66, Dataset: val, Dice: 0.8732, IoU: 0.7984
2026-09-18 22:39:06.387662 Epoch [067/200], Step [0062/0062], LR: 0.000378, Loss: 0.2434
Epoch: 67, Dataset: test, Dice: 0.8932, IoU: 0.8310
Epoch: 67, Dataset: val, Dice: 0.8551, IoU: 0.7759
2026-09-18 22:39:31.442913 Epoch [068/200], Step [0062/0062], LR: 0.000374, Loss: 0.2504
Epoch: 68, Dataset: test, Dice: 0.9276, IoU: 0.8729
Epoch: 68, Dataset: val, Dice: 0.8813, IoU: 0.8083
2026-09-18 22:40:01.610394 Epoch [069/200], Step [0062/0062], LR: 0.000371, Loss: 0.2493
Epoch: 69, Dataset: test, Dice: 0.9108, IoU: 0.8479
Epoch: 69, Dataset: val, Dice: 0.8783, IoU: 0.8078
2026-09-18 22:40:25.010901 Epoch [070/200], Step [0062/0062], LR: 0.000367, Loss: 0.2582
Epoch: 70, Dataset: test, Dice: 0.9342, IoU: 0.8810
Epoch: 70, Dataset: val, Dice: 0.8853, IoU: 0.8166
2026-09-18 22:40:48.157679 Epoch [071/200], Step [0062/0062], LR: 0.000364, Loss: 0.2491
Epoch: 71, Dataset: test, Dice: 0.9255, IoU: 0.8669
Epoch: 71, Dataset: val, Dice: 0.8596, IoU: 0.7910
2026-09-18 22:41:11.242672 Epoch [072/200], Step [0062/0062], LR: 0.000360, Loss: 0.2406
Epoch: 72, Dataset: test, Dice: 0.9225, IoU: 0.8647
Epoch: 72, Dataset: val, Dice: 0.8970, IoU: 0.8290
### Best Model Saved (Dice improved from 0.8886 to 0.8970) ###
2026-09-18 22:41:36.118896 Epoch [073/200], Step [0062/0062], LR: 0.000357, Loss: 0.2370
Epoch: 73, Dataset: test, Dice: 0.9337, IoU: 0.8809
Epoch: 73, Dataset: val, Dice: 0.8826, IoU: 0.8129
2026-09-18 22:42:05.175335 Epoch [074/200], Step [0062/0062], LR: 0.000353, Loss: 0.2616
Epoch: 74, Dataset: test, Dice: 0.9075, IoU: 0.8480
Epoch: 74, Dataset: val, Dice: 0.8970, IoU: 0.8276
2026-09-18 22:42:31.704971 Epoch [075/200], Step [0062/0062], LR: 0.000350, Loss: 0.2579
Epoch: 75, Dataset: test, Dice: 0.9065, IoU: 0.8495
Epoch: 75, Dataset: val, Dice: 0.8832, IoU: 0.8083
2026-09-18 22:42:55.503232 Epoch [076/200], Step [0062/0062], LR: 0.000346, Loss: 0.2489
Epoch: 76, Dataset: test, Dice: 0.9070, IoU: 0.8517
Epoch: 76, Dataset: val, Dice: 0.8736, IoU: 0.8003
2026-09-18 22:43:18.666174 Epoch [077/200], Step [0062/0062], LR: 0.000342, Loss: 0.2386
Epoch: 77, Dataset: test, Dice: 0.9212, IoU: 0.8634
Epoch: 77, Dataset: val, Dice: 0.8851, IoU: 0.8164
2026-09-18 22:43:42.325038 Epoch [078/200], Step [0062/0062], LR: 0.000339, Loss: 0.2514
Epoch: 78, Dataset: test, Dice: 0.9235, IoU: 0.8700
Epoch: 78, Dataset: val, Dice: 0.8959, IoU: 0.8274
2026-09-18 22:44:05.070674 Epoch [079/200], Step [0062/0062], LR: 0.000335, Loss: 0.2358
Epoch: 79, Dataset: test, Dice: 0.9318, IoU: 0.8779
Epoch: 79, Dataset: val, Dice: 0.8767, IoU: 0.8063
2026-09-18 22:44:27.682684 Epoch [080/200], Step [0062/0062], LR: 0.000331, Loss: 0.2448
Epoch: 80, Dataset: test, Dice: 0.9024, IoU: 0.8458
Epoch: 80, Dataset: val, Dice: 0.8790, IoU: 0.8017
2026-09-18 22:44:50.484792 Epoch [081/200], Step [0062/0062], LR: 0.000328, Loss: 0.2396
Epoch: 81, Dataset: test, Dice: 0.9067, IoU: 0.8437
Epoch: 81, Dataset: val, Dice: 0.8726, IoU: 0.7894
2026-09-18 22:45:13.621776 Epoch [082/200], Step [0062/0062], LR: 0.000324, Loss: 0.2296
Epoch: 82, Dataset: test, Dice: 0.9197, IoU: 0.8645
Epoch: 82, Dataset: val, Dice: 0.8956, IoU: 0.8281
2026-09-18 22:45:37.220636 Epoch [083/200], Step [0062/0062], LR: 0.000320, Loss: 0.2324
Epoch: 83, Dataset: test, Dice: 0.9221, IoU: 0.8664
Epoch: 83, Dataset: val, Dice: 0.8725, IoU: 0.8026
2026-09-18 22:46:00.204632 Epoch [084/200], Step [0062/0062], LR: 0.000316, Loss: 0.2392
Epoch: 84, Dataset: test, Dice: 0.9230, IoU: 0.8653
Epoch: 84, Dataset: val, Dice: 0.8984, IoU: 0.8283
### Best Model Saved (Dice improved from 0.8970 to 0.8984) ###
2026-09-18 22:46:22.922157 Epoch [085/200], Step [0062/0062], LR: 0.000313, Loss: 0.2215
Epoch: 85, Dataset: test, Dice: 0.9223, IoU: 0.8647
Epoch: 85, Dataset: val, Dice: 0.8920, IoU: 0.8245
2026-09-18 22:46:46.293424 Epoch [086/200], Step [0062/0062], LR: 0.000309, Loss: 0.2236
Epoch: 86, Dataset: test, Dice: 0.9321, IoU: 0.8802
Epoch: 86, Dataset: val, Dice: 0.9008, IoU: 0.8364
### Best Model Saved (Dice improved from 0.8984 to 0.9008) ###
2026-09-18 22:47:09.208070 Epoch [087/200], Step [0062/0062], LR: 0.000305, Loss: 0.2146
Epoch: 87, Dataset: test, Dice: 0.9034, IoU: 0.8460
Epoch: 87, Dataset: val, Dice: 0.8878, IoU: 0.8187
2026-09-18 22:47:31.586571 Epoch [088/200], Step [0062/0062], LR: 0.000301, Loss: 0.2488
Epoch: 88, Dataset: test, Dice: 0.9241, IoU: 0.8731
Epoch: 88, Dataset: val, Dice: 0.8912, IoU: 0.8203
2026-09-18 22:47:54.437988 Epoch [089/200], Step [0062/0062], LR: 0.000297, Loss: 0.2326
Epoch: 89, Dataset: test, Dice: 0.9260, IoU: 0.8712
Epoch: 89, Dataset: val, Dice: 0.8916, IoU: 0.8227
2026-09-18 22:48:17.137352 Epoch [090/200], Step [0062/0062], LR: 0.000293, Loss: 0.2273
Epoch: 90, Dataset: test, Dice: 0.9151, IoU: 0.8573
Epoch: 90, Dataset: val, Dice: 0.8835, IoU: 0.8094
2026-09-18 22:48:39.705162 Epoch [091/200], Step [0062/0062], LR: 0.000290, Loss: 0.2296
Epoch: 91, Dataset: test, Dice: 0.9185, IoU: 0.8617
Epoch: 91, Dataset: val, Dice: 0.8719, IoU: 0.7958
2026-09-18 22:49:02.292324 Epoch [092/200], Step [0062/0062], LR: 0.000286, Loss: 0.2302
Epoch: 92, Dataset: test, Dice: 0.9354, IoU: 0.8837
Epoch: 92, Dataset: val, Dice: 0.8943, IoU: 0.8283
2026-09-18 22:49:24.272608 Epoch [093/200], Step [0062/0062], LR: 0.000282, Loss: 0.2295
Epoch: 93, Dataset: test, Dice: 0.9298, IoU: 0.8784
Epoch: 93, Dataset: val, Dice: 0.8953, IoU: 0.8288
2026-09-18 22:49:46.360345 Epoch [094/200], Step [0062/0062], LR: 0.000278, Loss: 0.2215
Epoch: 94, Dataset: test, Dice: 0.9236, IoU: 0.8693
Epoch: 94, Dataset: val, Dice: 0.8747, IoU: 0.8067
2026-09-18 22:50:09.481760 Epoch [095/200], Step [0062/0062], LR: 0.000274, Loss: 0.2303
Epoch: 95, Dataset: test, Dice: 0.9362, IoU: 0.8855
Epoch: 95, Dataset: val, Dice: 0.8920, IoU: 0.8226
2026-09-18 22:50:32.419087 Epoch [096/200], Step [0062/0062], LR: 0.000270, Loss: 0.2160
Epoch: 96, Dataset: test, Dice: 0.9196, IoU: 0.8618
Epoch: 96, Dataset: val, Dice: 0.9004, IoU: 0.8302
2026-09-18 22:50:55.066359 Epoch [097/200], Step [0062/0062], LR: 0.000266, Loss: 0.2212
Epoch: 97, Dataset: test, Dice: 0.9364, IoU: 0.8848
Epoch: 97, Dataset: val, Dice: 0.9020, IoU: 0.8351
### Best Model Saved (Dice improved from 0.9008 to 0.9020) ###
2026-09-18 22:51:17.174561 Epoch [098/200], Step [0062/0062], LR: 0.000262, Loss: 0.2122
Epoch: 98, Dataset: test, Dice: 0.9321, IoU: 0.8799
Epoch: 98, Dataset: val, Dice: 0.8821, IoU: 0.8138
2026-09-18 22:51:39.800238 Epoch [099/200], Step [0062/0062], LR: 0.000258, Loss: 0.2140
Epoch: 99, Dataset: test, Dice: 0.9236, IoU: 0.8699
Epoch: 99, Dataset: val, Dice: 0.8781, IoU: 0.8041
2026-09-18 22:52:01.981319 Epoch [100/200], Step [0062/0062], LR: 0.000254, Loss: 0.2141
Epoch: 100, Dataset: test, Dice: 0.9083, IoU: 0.8462
Epoch: 100, Dataset: val, Dice: 0.8770, IoU: 0.8011
2026-09-18 22:52:24.885298 Epoch [101/200], Step [0062/0062], LR: 0.000250, Loss: 0.2056
Epoch: 101, Dataset: test, Dice: 0.9232, IoU: 0.8684
Epoch: 101, Dataset: val, Dice: 0.8825, IoU: 0.8119
2026-09-18 22:52:47.557468 Epoch [102/200], Step [0062/0062], LR: 0.000247, Loss: 0.2132
Epoch: 102, Dataset: test, Dice: 0.9216, IoU: 0.8654
Epoch: 102, Dataset: val, Dice: 0.8922, IoU: 0.8244
2026-09-18 22:53:10.564899 Epoch [103/200], Step [0062/0062], LR: 0.000243, Loss: 0.2079
Epoch: 103, Dataset: test, Dice: 0.9239, IoU: 0.8698
Epoch: 103, Dataset: val, Dice: 0.9007, IoU: 0.8366
2026-09-18 22:53:33.502534 Epoch [104/200], Step [0062/0062], LR: 0.000239, Loss: 0.2082
Epoch: 104, Dataset: test, Dice: 0.9221, IoU: 0.8700
Epoch: 104, Dataset: val, Dice: 0.8902, IoU: 0.8217
2026-09-18 22:53:55.876437 Epoch [105/200], Step [0062/0062], LR: 0.000235, Loss: 0.2134
Epoch: 105, Dataset: test, Dice: 0.9280, IoU: 0.8750
Epoch: 105, Dataset: val, Dice: 0.8863, IoU: 0.8161
2026-09-18 22:54:18.330531 Epoch [106/200], Step [0062/0062], LR: 0.000231, Loss: 0.2072
Epoch: 106, Dataset: test, Dice: 0.9385, IoU: 0.8889
Epoch: 106, Dataset: val, Dice: 0.8959, IoU: 0.8272
2026-09-18 22:54:41.030470 Epoch [107/200], Step [0062/0062], LR: 0.000227, Loss: 0.2059
Epoch: 107, Dataset: test, Dice: 0.9284, IoU: 0.8771
Epoch: 107, Dataset: val, Dice: 0.9014, IoU: 0.8365
2026-09-18 22:55:03.631415 Epoch [108/200], Step [0062/0062], LR: 0.000223, Loss: 0.2100
Epoch: 108, Dataset: test, Dice: 0.9233, IoU: 0.8699
Epoch: 108, Dataset: val, Dice: 0.8885, IoU: 0.8207
2026-09-18 22:55:26.847277 Epoch [109/200], Step [0062/0062], LR: 0.000219, Loss: 0.2035
Epoch: 109, Dataset: test, Dice: 0.9360, IoU: 0.8848
Epoch: 109, Dataset: val, Dice: 0.8894, IoU: 0.8215
2026-09-18 22:55:49.453143 Epoch [110/200], Step [0062/0062], LR: 0.000215, Loss: 0.2031
Epoch: 110, Dataset: test, Dice: 0.9194, IoU: 0.8613
Epoch: 110, Dataset: val, Dice: 0.8963, IoU: 0.8278
2026-09-18 22:56:12.195963 Epoch [111/200], Step [0062/0062], LR: 0.000211, Loss: 0.2102
Epoch: 111, Dataset: test, Dice: 0.9238, IoU: 0.8672
Epoch: 111, Dataset: val, Dice: 0.8960, IoU: 0.8286
2026-09-18 22:56:34.949103 Epoch [112/200], Step [0062/0062], LR: 0.000208, Loss: 0.1916
Epoch: 112, Dataset: test, Dice: 0.9351, IoU: 0.8839
Epoch: 112, Dataset: val, Dice: 0.8897, IoU: 0.8230
2026-09-18 22:56:57.650511 Epoch [113/200], Step [0062/0062], LR: 0.000204, Loss: 0.2012
Epoch: 113, Dataset: test, Dice: 0.9362, IoU: 0.8850
Epoch: 113, Dataset: val, Dice: 0.8966, IoU: 0.8289
2026-09-18 22:57:20.996649 Epoch [114/200], Step [0062/0062], LR: 0.000200, Loss: 0.1997
Epoch: 114, Dataset: test, Dice: 0.9379, IoU: 0.8872
Epoch: 114, Dataset: val, Dice: 0.9024, IoU: 0.8402
### Best Model Saved (Dice improved from 0.9020 to 0.9024) ###
2026-09-18 22:57:43.956751 Epoch [115/200], Step [0062/0062], LR: 0.000196, Loss: 0.2129
Epoch: 115, Dataset: test, Dice: 0.9283, IoU: 0.8780
Epoch: 115, Dataset: val, Dice: 0.9027, IoU: 0.8381
### Best Model Saved (Dice improved from 0.9024 to 0.9027) ###
2026-09-18 22:58:06.518656 Epoch [116/200], Step [0062/0062], LR: 0.000192, Loss: 0.2037
Epoch: 116, Dataset: test, Dice: 0.9277, IoU: 0.8746
Epoch: 116, Dataset: val, Dice: 0.8990, IoU: 0.8332
2026-09-18 22:58:29.196822 Epoch [117/200], Step [0062/0062], LR: 0.000188, Loss: 0.1984
Epoch: 117, Dataset: test, Dice: 0.9289, IoU: 0.8770
Epoch: 117, Dataset: val, Dice: 0.9003, IoU: 0.8356
2026-09-18 22:58:51.826516 Epoch [118/200], Step [0062/0062], LR: 0.000185, Loss: 0.2028
Epoch: 118, Dataset: test, Dice: 0.9318, IoU: 0.8786
Epoch: 118, Dataset: val, Dice: 0.8929, IoU: 0.8232
2026-09-18 22:59:14.440689 Epoch [119/200], Step [0062/0062], LR: 0.000181, Loss: 0.1999
Epoch: 119, Dataset: test, Dice: 0.9263, IoU: 0.8727
Epoch: 119, Dataset: val, Dice: 0.8868, IoU: 0.8141
2026-09-18 22:59:38.024010 Epoch [120/200], Step [0062/0062], LR: 0.000177, Loss: 0.2014
Epoch: 120, Dataset: test, Dice: 0.9147, IoU: 0.8582
Epoch: 120, Dataset: val, Dice: 0.9016, IoU: 0.8349
2026-09-18 23:00:01.102321 Epoch [121/200], Step [0062/0062], LR: 0.000173, Loss: 0.1938
Epoch: 121, Dataset: test, Dice: 0.9376, IoU: 0.8874
Epoch: 121, Dataset: val, Dice: 0.9081, IoU: 0.8469
### Best Model Saved (Dice improved from 0.9027 to 0.9081) ###
2026-09-18 23:00:24.345387 Epoch [122/200], Step [0062/0062], LR: 0.000170, Loss: 0.1935
Epoch: 122, Dataset: test, Dice: 0.9250, IoU: 0.8736
Epoch: 122, Dataset: val, Dice: 0.8967, IoU: 0.8286
2026-09-18 23:00:47.215377 Epoch [123/200], Step [0062/0062], LR: 0.000166, Loss: 0.1975
Epoch: 123, Dataset: test, Dice: 0.9306, IoU: 0.8812
Epoch: 123, Dataset: val, Dice: 0.9031, IoU: 0.8391
2026-09-18 23:01:10.064656 Epoch [124/200], Step [0062/0062], LR: 0.000162, Loss: 0.1952
Epoch: 124, Dataset: test, Dice: 0.9352, IoU: 0.8841
Epoch: 124, Dataset: val, Dice: 0.9011, IoU: 0.8377
2026-09-18 23:01:33.249662 Epoch [125/200], Step [0062/0062], LR: 0.000159, Loss: 0.2110
Epoch: 125, Dataset: test, Dice: 0.9320, IoU: 0.8798
Epoch: 125, Dataset: val, Dice: 0.9116, IoU: 0.8497
### Best Model Saved (Dice improved from 0.9081 to 0.9116) ###
2026-09-18 23:01:56.789695 Epoch [126/200], Step [0062/0062], LR: 0.000155, Loss: 0.1973
Epoch: 126, Dataset: test, Dice: 0.9397, IoU: 0.8900
Epoch: 126, Dataset: val, Dice: 0.9051, IoU: 0.8419
2026-09-18 23:02:20.140342 Epoch [127/200], Step [0062/0062], LR: 0.000151, Loss: 0.1916
Epoch: 127, Dataset: test, Dice: 0.9412, IoU: 0.8932
Epoch: 127, Dataset: val, Dice: 0.9045, IoU: 0.8418
2026-09-18 23:02:43.481199 Epoch [128/200], Step [0062/0062], LR: 0.000148, Loss: 0.1933
Epoch: 128, Dataset: test, Dice: 0.9336, IoU: 0.8840
Epoch: 128, Dataset: val, Dice: 0.9059, IoU: 0.8450
2026-09-18 23:03:06.584336 Epoch [129/200], Step [0062/0062], LR: 0.000144, Loss: 0.1897
Epoch: 129, Dataset: test, Dice: 0.9377, IoU: 0.8883
Epoch: 129, Dataset: val, Dice: 0.8975, IoU: 0.8339
2026-09-18 23:03:29.801609 Epoch [130/200], Step [0062/0062], LR: 0.000141, Loss: 0.1892
Epoch: 130, Dataset: test, Dice: 0.9328, IoU: 0.8818
Epoch: 130, Dataset: val, Dice: 0.9041, IoU: 0.8433
2026-09-18 23:03:52.853979 Epoch [131/200], Step [0062/0062], LR: 0.000137, Loss: 0.1842
Epoch: 131, Dataset: test, Dice: 0.9343, IoU: 0.8841
Epoch: 131, Dataset: val, Dice: 0.9126, IoU: 0.8538
### Best Model Saved (Dice improved from 0.9116 to 0.9126) ###
2026-09-18 23:04:16.632167 Epoch [132/200], Step [0062/0062], LR: 0.000134, Loss: 0.1914
Epoch: 132, Dataset: test, Dice: 0.9327, IoU: 0.8804
Epoch: 132, Dataset: val, Dice: 0.8969, IoU: 0.8329
2026-09-18 23:04:40.356713 Epoch [133/200], Step [0062/0062], LR: 0.000130, Loss: 0.1931
Epoch: 133, Dataset: test, Dice: 0.9366, IoU: 0.8865
Epoch: 133, Dataset: val, Dice: 0.9066, IoU: 0.8450
2026-09-18 23:05:04.144534 Epoch [134/200], Step [0062/0062], LR: 0.000127, Loss: 0.1883
Epoch: 134, Dataset: test, Dice: 0.9382, IoU: 0.8881
Epoch: 134, Dataset: val, Dice: 0.9053, IoU: 0.8436
2026-09-18 23:05:27.609866 Epoch [135/200], Step [0062/0062], LR: 0.000123, Loss: 0.1862
Epoch: 135, Dataset: test, Dice: 0.9299, IoU: 0.8784
Epoch: 135, Dataset: val, Dice: 0.9035, IoU: 0.8406
2026-09-18 23:05:51.569279 Epoch [136/200], Step [0062/0062], LR: 0.000120, Loss: 0.1858
Epoch: 136, Dataset: test, Dice: 0.9300, IoU: 0.8796
Epoch: 136, Dataset: val, Dice: 0.8994, IoU: 0.8345
2026-09-18 23:06:15.107155 Epoch [137/200], Step [0062/0062], LR: 0.000117, Loss: 0.1862
Epoch: 137, Dataset: test, Dice: 0.9394, IoU: 0.8897
Epoch: 137, Dataset: val, Dice: 0.9055, IoU: 0.8434
2026-09-18 23:06:38.402768 Epoch [138/200], Step [0062/0062], LR: 0.000114, Loss: 0.1842
Epoch: 138, Dataset: test, Dice: 0.9396, IoU: 0.8903
Epoch: 138, Dataset: val, Dice: 0.9029, IoU: 0.8384
2026-09-18 23:07:01.875434 Epoch [139/200], Step [0062/0062], LR: 0.000110, Loss: 0.1812
Epoch: 139, Dataset: test, Dice: 0.9345, IoU: 0.8848
Epoch: 139, Dataset: val, Dice: 0.9003, IoU: 0.8355
2026-09-18 23:07:25.799788 Epoch [140/200], Step [0062/0062], LR: 0.000107, Loss: 0.1832
Epoch: 140, Dataset: test, Dice: 0.9375, IoU: 0.8894
Epoch: 140, Dataset: val, Dice: 0.8977, IoU: 0.8326
2026-09-18 23:07:49.669998 Epoch [141/200], Step [0062/0062], LR: 0.000104, Loss: 0.1899
Epoch: 141, Dataset: test, Dice: 0.9332, IoU: 0.8829
Epoch: 141, Dataset: val, Dice: 0.8985, IoU: 0.8335
2026-09-18 23:08:13.427195 Epoch [142/200], Step [0062/0062], LR: 0.000101, Loss: 0.1897
Epoch: 142, Dataset: test, Dice: 0.9391, IoU: 0.8900
Epoch: 142, Dataset: val, Dice: 0.9091, IoU: 0.8485
2026-09-18 23:08:37.268713 Epoch [143/200], Step [0062/0062], LR: 0.000098, Loss: 0.2003
Epoch: 143, Dataset: test, Dice: 0.9296, IoU: 0.8771
Epoch: 143, Dataset: val, Dice: 0.8993, IoU: 0.8342
2026-09-18 23:09:01.293403 Epoch [144/200], Step [0062/0062], LR: 0.000095, Loss: 0.1886
Epoch: 144, Dataset: test, Dice: 0.9372, IoU: 0.8874
Epoch: 144, Dataset: val, Dice: 0.9106, IoU: 0.8504
2026-09-18 23:09:24.632057 Epoch [145/200], Step [0062/0062], LR: 0.000091, Loss: 0.1860
Epoch: 145, Dataset: test, Dice: 0.9409, IoU: 0.8923
Epoch: 145, Dataset: val, Dice: 0.9105, IoU: 0.8507
2026-09-18 23:09:48.459119 Epoch [146/200], Step [0062/0062], LR: 0.000088, Loss: 0.1774
Epoch: 146, Dataset: test, Dice: 0.9387, IoU: 0.8889
Epoch: 146, Dataset: val, Dice: 0.9131, IoU: 0.8538
### Best Model Saved (Dice improved from 0.9126 to 0.9131) ###
2026-09-18 23:10:12.503755 Epoch [147/200], Step [0062/0062], LR: 0.000086, Loss: 0.1773
Epoch: 147, Dataset: test, Dice: 0.9412, IoU: 0.8933
Epoch: 147, Dataset: val, Dice: 0.9097, IoU: 0.8500
2026-09-18 23:10:36.461585 Epoch [148/200], Step [0062/0062], LR: 0.000083, Loss: 0.1771
Epoch: 148, Dataset: test, Dice: 0.9393, IoU: 0.8918
Epoch: 148, Dataset: val, Dice: 0.9055, IoU: 0.8440
2026-09-18 23:11:00.820711 Epoch [149/200], Step [0062/0062], LR: 0.000080, Loss: 0.1777
Epoch: 149, Dataset: test, Dice: 0.9389, IoU: 0.8896
Epoch: 149, Dataset: val, Dice: 0.9042, IoU: 0.8411
2026-09-18 23:11:24.318461 Epoch [150/200], Step [0062/0062], LR: 0.000077, Loss: 0.1809
Epoch: 150, Dataset: test, Dice: 0.9361, IoU: 0.8846
Epoch: 150, Dataset: val, Dice: 0.9078, IoU: 0.8453
2026-09-18 23:11:48.150695 Epoch [151/200], Step [0062/0062], LR: 0.000074, Loss: 0.1762
Epoch: 151, Dataset: test, Dice: 0.9388, IoU: 0.8901
Epoch: 151, Dataset: val, Dice: 0.9067, IoU: 0.8456
2026-09-18 23:12:11.911653 Epoch [152/200], Step [0062/0062], LR: 0.000071, Loss: 0.1940
Epoch: 152, Dataset: test, Dice: 0.9395, IoU: 0.8912
Epoch: 152, Dataset: val, Dice: 0.9074, IoU: 0.8458
2026-09-18 23:12:35.219424 Epoch [153/200], Step [0062/0062], LR: 0.000069, Loss: 0.1767
Epoch: 153, Dataset: test, Dice: 0.9343, IoU: 0.8842
Epoch: 153, Dataset: val, Dice: 0.9059, IoU: 0.8433
2026-09-18 23:12:59.317339 Epoch [154/200], Step [0062/0062], LR: 0.000066, Loss: 0.1812
Epoch: 154, Dataset: test, Dice: 0.9359, IoU: 0.8874
Epoch: 154, Dataset: val, Dice: 0.9066, IoU: 0.8457
2026-09-18 23:13:25.410891 Epoch [155/200], Step [0062/0062], LR: 0.000063, Loss: 0.1765
Epoch: 155, Dataset: test, Dice: 0.9336, IoU: 0.8844
Epoch: 155, Dataset: val, Dice: 0.8970, IoU: 0.8321
2026-09-18 23:13:53.287415 Epoch [156/200], Step [0062/0062], LR: 0.000061, Loss: 0.2287
Epoch: 156, Dataset: test, Dice: 0.9275, IoU: 0.8753
Epoch: 156, Dataset: val, Dice: 0.8947, IoU: 0.8274
2026-09-18 23:14:16.887935 Epoch [157/200], Step [0062/0062], LR: 0.000058, Loss: 0.1898
Epoch: 157, Dataset: test, Dice: 0.9400, IoU: 0.8919
Epoch: 157, Dataset: val, Dice: 0.9096, IoU: 0.8481
2026-09-18 23:14:40.655926 Epoch [158/200], Step [0062/0062], LR: 0.000056, Loss: 0.1760
Epoch: 158, Dataset: test, Dice: 0.9366, IoU: 0.8880
Epoch: 158, Dataset: val, Dice: 0.9008, IoU: 0.8357
2026-09-18 23:15:04.367870 Epoch [159/200], Step [0062/0062], LR: 0.000053, Loss: 0.1755
Epoch: 159, Dataset: test, Dice: 0.9382, IoU: 0.8903
Epoch: 159, Dataset: val, Dice: 0.9056, IoU: 0.8424
2026-09-18 23:15:30.113845 Epoch [160/200], Step [0062/0062], LR: 0.000051, Loss: 0.1871
Epoch: 160, Dataset: test, Dice: 0.9392, IoU: 0.8905
Epoch: 160, Dataset: val, Dice: 0.9036, IoU: 0.8419
2026-09-18 23:15:59.259742 Epoch [161/200], Step [0062/0062], LR: 0.000049, Loss: 0.1807
Epoch: 161, Dataset: test, Dice: 0.9381, IoU: 0.8901
Epoch: 161, Dataset: val, Dice: 0.9083, IoU: 0.8480
2026-09-18 23:16:24.192473 Epoch [162/200], Step [0062/0062], LR: 0.000046, Loss: 0.1685
Epoch: 162, Dataset: test, Dice: 0.9369, IoU: 0.8876
Epoch: 162, Dataset: val, Dice: 0.9042, IoU: 0.8416
2026-09-18 23:16:46.888740 Epoch [163/200], Step [0062/0062], LR: 0.000044, Loss: 0.1748
Epoch: 163, Dataset: test, Dice: 0.9389, IoU: 0.8901
Epoch: 163, Dataset: val, Dice: 0.9069, IoU: 0.8443
2026-09-18 23:17:09.313615 Epoch [164/200], Step [0062/0062], LR: 0.000042, Loss: 0.1745
Epoch: 164, Dataset: test, Dice: 0.9388, IoU: 0.8899
Epoch: 164, Dataset: val, Dice: 0.9117, IoU: 0.8515
2026-09-18 23:17:32.376143 Epoch [165/200], Step [0062/0062], LR: 0.000040, Loss: 0.1697
Epoch: 165, Dataset: test, Dice: 0.9379, IoU: 0.8884
Epoch: 165, Dataset: val, Dice: 0.9118, IoU: 0.8518
2026-09-18 23:17:55.103639 Epoch [166/200], Step [0062/0062], LR: 0.000038, Loss: 0.1744
Epoch: 166, Dataset: test, Dice: 0.9358, IoU: 0.8857
Epoch: 166, Dataset: val, Dice: 0.9032, IoU: 0.8399
2026-09-18 23:18:17.763033 Epoch [167/200], Step [0062/0062], LR: 0.000036, Loss: 0.1927
Epoch: 167, Dataset: test, Dice: 0.9340, IoU: 0.8831
Epoch: 167, Dataset: val, Dice: 0.9060, IoU: 0.8438
2026-09-18 23:18:40.001332 Epoch [168/200], Step [0062/0062], LR: 0.000034, Loss: 0.1752
Epoch: 168, Dataset: test, Dice: 0.9354, IoU: 0.8852
Epoch: 168, Dataset: val, Dice: 0.9098, IoU: 0.8494
2026-09-18 23:19:03.526857 Epoch [169/200], Step [0062/0062], LR: 0.000032, Loss: 0.1761
Epoch: 169, Dataset: test, Dice: 0.9281, IoU: 0.8787
Epoch: 169, Dataset: val, Dice: 0.9020, IoU: 0.8395
2026-09-18 23:19:25.724576 Epoch [170/200], Step [0062/0062], LR: 0.000030, Loss: 0.1764
Epoch: 170, Dataset: test, Dice: 0.9390, IoU: 0.8912
Epoch: 170, Dataset: val, Dice: 0.9039, IoU: 0.8413
2026-09-18 23:19:47.942171 Epoch [171/200], Step [0062/0062], LR: 0.000028, Loss: 0.1752
Epoch: 171, Dataset: test, Dice: 0.9395, IoU: 0.8902
Epoch: 171, Dataset: val, Dice: 0.9070, IoU: 0.8456
2026-09-18 23:20:10.084553 Epoch [172/200], Step [0062/0062], LR: 0.000026, Loss: 0.1796
Epoch: 172, Dataset: test, Dice: 0.9415, IoU: 0.8937
Epoch: 172, Dataset: val, Dice: 0.9098, IoU: 0.8496
2026-09-18 23:20:32.206684 Epoch [173/200], Step [0062/0062], LR: 0.000025, Loss: 0.1776
Epoch: 173, Dataset: test, Dice: 0.9371, IoU: 0.8877
Epoch: 173, Dataset: val, Dice: 0.9034, IoU: 0.8406
2026-09-18 23:20:54.779286 Epoch [174/200], Step [0062/0062], LR: 0.000023, Loss: 0.1726
Epoch: 174, Dataset: test, Dice: 0.9393, IoU: 0.8911
Epoch: 174, Dataset: val, Dice: 0.9045, IoU: 0.8424
2026-09-18 23:21:17.345754 Epoch [175/200], Step [0062/0062], LR: 0.000022, Loss: 0.1828
Epoch: 175, Dataset: test, Dice: 0.9252, IoU: 0.8741
Epoch: 175, Dataset: val, Dice: 0.8987, IoU: 0.8349
2026-09-18 23:21:39.625266 Epoch [176/200], Step [0062/0062], LR: 0.000020, Loss: 0.2564
Epoch: 176, Dataset: test, Dice: 0.9313, IoU: 0.8805
Epoch: 176, Dataset: val, Dice: 0.8977, IoU: 0.8329
2026-09-18 23:22:02.093405 Epoch [177/200], Step [0062/0062], LR: 0.000019, Loss: 0.1724
Epoch: 177, Dataset: test, Dice: 0.9359, IoU: 0.8866
Epoch: 177, Dataset: val, Dice: 0.9019, IoU: 0.8388
2026-09-18 23:22:24.251105 Epoch [178/200], Step [0062/0062], LR: 0.000017, Loss: 0.1755
Epoch: 178, Dataset: test, Dice: 0.9362, IoU: 0.8861
Epoch: 178, Dataset: val, Dice: 0.9074, IoU: 0.8461
2026-09-18 23:22:46.855807 Epoch [179/200], Step [0062/0062], LR: 0.000016, Loss: 0.1714
Epoch: 179, Dataset: test, Dice: 0.9346, IoU: 0.8846
Epoch: 179, Dataset: val, Dice: 0.9069, IoU: 0.8450
2026-09-18 23:23:09.104978 Epoch [180/200], Step [0062/0062], LR: 0.000014, Loss: 0.1701
Epoch: 180, Dataset: test, Dice: 0.9395, IoU: 0.8908
Epoch: 180, Dataset: val, Dice: 0.9081, IoU: 0.8473
2026-09-18 23:23:31.449948 Epoch [181/200], Step [0062/0062], LR: 0.000013, Loss: 0.1770
Epoch: 181, Dataset: test, Dice: 0.9343, IoU: 0.8847
Epoch: 181, Dataset: val, Dice: 0.9080, IoU: 0.8469
2026-09-18 23:23:53.918472 Epoch [182/200], Step [0062/0062], LR: 0.000012, Loss: 0.1770
Epoch: 182, Dataset: test, Dice: 0.9206, IoU: 0.8671
Epoch: 182, Dataset: val, Dice: 0.8930, IoU: 0.8257
2026-09-18 23:24:16.362041 Epoch [183/200], Step [0062/0062], LR: 0.000011, Loss: 0.1634
Epoch: 183, Dataset: test, Dice: 0.9388, IoU: 0.8907
Epoch: 183, Dataset: val, Dice: 0.9071, IoU: 0.8461
2026-09-18 23:24:37.949898 Epoch [184/200], Step [0062/0062], LR: 0.000010, Loss: 0.1751
Epoch: 184, Dataset: test, Dice: 0.9370, IoU: 0.8871
Epoch: 184, Dataset: val, Dice: 0.9032, IoU: 0.8404
2026-09-18 23:25:00.803207 Epoch [185/200], Step [0062/0062], LR: 0.000009, Loss: 0.1730
Epoch: 185, Dataset: test, Dice: 0.9393, IoU: 0.8902
Epoch: 185, Dataset: val, Dice: 0.9135, IoU: 0.8539
### Best Model Saved (Dice improved from 0.9131 to 0.9135) ###
2026-09-18 23:25:23.007794 Epoch [186/200], Step [0062/0062], LR: 0.000008, Loss: 0.1787
Epoch: 186, Dataset: test, Dice: 0.9416, IoU: 0.8934
Epoch: 186, Dataset: val, Dice: 0.9115, IoU: 0.8521
2026-09-18 23:25:45.326955 Epoch [187/200], Step [0062/0062], LR: 0.000007, Loss: 0.1675
Epoch: 187, Dataset: test, Dice: 0.9416, IoU: 0.8936
Epoch: 187, Dataset: val, Dice: 0.9090, IoU: 0.8492
2026-09-18 23:26:07.816640 Epoch [188/200], Step [0062/0062], LR: 0.000006, Loss: 0.1673
Epoch: 188, Dataset: test, Dice: 0.9412, IoU: 0.8938
Epoch: 188, Dataset: val, Dice: 0.9089, IoU: 0.8487
2026-09-18 23:26:31.043592 Epoch [189/200], Step [0062/0062], LR: 0.000005, Loss: 0.1713
Epoch: 189, Dataset: test, Dice: 0.9390, IoU: 0.8900
Epoch: 189, Dataset: val, Dice: 0.9068, IoU: 0.8455
2026-09-18 23:26:53.580459 Epoch [190/200], Step [0062/0062], LR: 0.000005, Loss: 0.1921
Epoch: 190, Dataset: test, Dice: 0.9383, IoU: 0.8896
Epoch: 190, Dataset: val, Dice: 0.8991, IoU: 0.8343
2026-09-18 23:27:16.740667 Epoch [191/200], Step [0062/0062], LR: 0.000004, Loss: 0.1728
Epoch: 191, Dataset: test, Dice: 0.9362, IoU: 0.8859
Epoch: 191, Dataset: val, Dice: 0.9081, IoU: 0.8486
2026-09-18 23:27:39.215350 Epoch [192/200], Step [0062/0062], LR: 0.000003, Loss: 0.1713
Epoch: 192, Dataset: test, Dice: 0.9405, IoU: 0.8917
Epoch: 192, Dataset: val, Dice: 0.9133, IoU: 0.8533
2026-09-18 23:28:01.750981 Epoch [193/200], Step [0062/0062], LR: 0.000003, Loss: 0.1744
Epoch: 193, Dataset: test, Dice: 0.9408, IoU: 0.8933
Epoch: 193, Dataset: val, Dice: 0.9059, IoU: 0.8439
2026-09-18 23:28:24.416039 Epoch [194/200], Step [0062/0062], LR: 0.000003, Loss: 0.1778
Epoch: 194, Dataset: test, Dice: 0.9400, IoU: 0.8911
Epoch: 194, Dataset: val, Dice: 0.9107, IoU: 0.8508
2026-09-18 23:28:47.034316 Epoch [195/200], Step [0062/0062], LR: 0.000002, Loss: 0.1713
Epoch: 195, Dataset: test, Dice: 0.9416, IoU: 0.8934
Epoch: 195, Dataset: val, Dice: 0.9106, IoU: 0.8507
2026-09-18 23:29:09.642050 Epoch [196/200], Step [0062/0062], LR: 0.000002, Loss: 0.1719
Epoch: 196, Dataset: test, Dice: 0.9399, IoU: 0.8929
Epoch: 196, Dataset: val, Dice: 0.9047, IoU: 0.8424
2026-09-18 23:29:32.260280 Epoch [197/200], Step [0062/0062], LR: 0.000001, Loss: 0.1833
Epoch: 197, Dataset: test, Dice: 0.9355, IoU: 0.8864
Epoch: 197, Dataset: val, Dice: 0.9041, IoU: 0.8416
2026-09-18 23:29:55.079362 Epoch [198/200], Step [0062/0062], LR: 0.000001, Loss: 0.1718
Epoch: 198, Dataset: test, Dice: 0.9397, IoU: 0.8905
Epoch: 198, Dataset: val, Dice: 0.9109, IoU: 0.8513
2026-09-18 23:30:18.233281 Epoch [199/200], Step [0062/0062], LR: 0.000001, Loss: 0.1733
Epoch: 199, Dataset: test, Dice: 0.9423, IoU: 0.8945
Epoch: 199, Dataset: val, Dice: 0.9096, IoU: 0.8504
2026-09-18 23:30:41.031404 Epoch [200/200], Step [0062/0062], LR: 0.000001, Loss: 0.1696
Epoch: 200, Dataset: test, Dice: 0.9392, IoU: 0.8900
Epoch: 200, Dataset: val, Dice: 0.9132, IoU: 0.8543

========================================
FINAL RESULTS: ClinicDB_MK_UNet_bs8_lr0.0005_e200_augTrue_run5_t221322
Best Val Dice: 0.9135
Test Dice at Best Val: 0.9393
Total Train Time: 4281.26s
========================================
