Network: MK_UNet | Channels: [16, 32, 64, 96, 160]
[INFO] Register count_convNd() for <class 'torch.nn.modules.conv.Conv2d'>.
[INFO] Register count_normalization() for <class 'torch.nn.modules.batchnorm.BatchNorm2d'>.
[INFO] Register zero_ops() for <class 'torch.nn.modules.activation.ReLU6'>.
[INFO] Register zero_ops() for <class 'torch.nn.modules.container.Sequential'>.
[INFO] Register zero_ops() for <class 'torch.nn.modules.activation.ReLU'>.
[INFO] Register count_adap_avgpool() for <class 'torch.nn.modules.pooling.AdaptiveAvgPool2d'>.
[INFO] Register zero_ops() for <class 'torch.nn.modules.pooling.AdaptiveMaxPool2d'>.
flops 0.327543024
params 0.315566
Total params: 0.32M
2026-09-18 19:33:57.189423 Epoch [001/200], Step [0100/0318], LR: 0.000500, Loss: 0.5007
2026-09-18 19:34:25.144828 Epoch [001/200], Step [0200/0318], LR: 0.000500, Loss: 0.4526
2026-09-18 19:34:51.596762 Epoch [001/200], Step [0300/0318], LR: 0.000500, Loss: 0.4193
2026-09-18 19:34:56.245872 Epoch [001/200], Step [0318/0318], LR: 0.000500, Loss: 0.4158
Epoch: 1, Dataset: test, Dice: 0.7153, IoU: 0.6046
Epoch: 1, Dataset: val, Dice: 0.7738, IoU: 0.6627
### Best Model Saved (Dice improved from 0.0000 to 0.7738) ###
2026-09-18 19:35:27.367192 Epoch [002/200], Step [0100/0318], LR: 0.000500, Loss: 0.4285
2026-09-18 19:35:54.429569 Epoch [002/200], Step [0200/0318], LR: 0.000500, Loss: 0.4219
2026-09-18 19:36:21.777412 Epoch [002/200], Step [0300/0318], LR: 0.000500, Loss: 0.4286
2026-09-18 19:36:26.655266 Epoch [002/200], Step [0318/0318], LR: 0.000500, Loss: 0.4022
Epoch: 2, Dataset: test, Dice: 0.7002, IoU: 0.5835
Epoch: 2, Dataset: val, Dice: 0.8137, IoU: 0.7158
### Best Model Saved (Dice improved from 0.7738 to 0.8137) ###
2026-09-18 19:36:57.946160 Epoch [003/200], Step [0100/0318], LR: 0.000500, Loss: 0.3642
2026-09-18 19:37:24.881466 Epoch [003/200], Step [0200/0318], LR: 0.000500, Loss: 0.3786
2026-09-18 19:37:51.799337 Epoch [003/200], Step [0300/0318], LR: 0.000500, Loss: 0.3714
2026-09-18 19:37:56.642180 Epoch [003/200], Step [0318/0318], LR: 0.000500, Loss: 0.3841
Epoch: 3, Dataset: test, Dice: 0.7294, IoU: 0.6086
Epoch: 3, Dataset: val, Dice: 0.8128, IoU: 0.7064
2026-09-18 19:38:27.511630 Epoch [004/200], Step [0100/0318], LR: 0.000500, Loss: 0.3473
2026-09-18 19:38:55.409078 Epoch [004/200], Step [0200/0318], LR: 0.000500, Loss: 0.3639
2026-09-18 19:39:23.250224 Epoch [004/200], Step [0300/0318], LR: 0.000500, Loss: 0.3722
2026-09-18 19:39:28.060182 Epoch [004/200], Step [0318/0318], LR: 0.000500, Loss: 0.3551
Epoch: 4, Dataset: test, Dice: 0.7979, IoU: 0.6963
Epoch: 4, Dataset: val, Dice: 0.8112, IoU: 0.7034
2026-09-18 19:39:59.604150 Epoch [005/200], Step [0100/0318], LR: 0.000500, Loss: 0.3535
2026-09-18 19:40:26.390690 Epoch [005/200], Step [0200/0318], LR: 0.000500, Loss: 0.3394
2026-09-18 19:40:53.315947 Epoch [005/200], Step [0300/0318], LR: 0.000500, Loss: 0.3582
2026-09-18 19:40:57.830432 Epoch [005/200], Step [0318/0318], LR: 0.000500, Loss: 0.3563
Epoch: 5, Dataset: test, Dice: 0.8143, IoU: 0.7136
Epoch: 5, Dataset: val, Dice: 0.8176, IoU: 0.7135
### Best Model Saved (Dice improved from 0.8137 to 0.8176) ###
2026-09-18 19:41:28.758962 Epoch [006/200], Step [0100/0318], LR: 0.000499, Loss: 0.3504
2026-09-18 19:41:56.182015 Epoch [006/200], Step [0200/0318], LR: 0.000499, Loss: 0.3090
2026-09-18 19:42:22.705952 Epoch [006/200], Step [0300/0318], LR: 0.000499, Loss: 0.3559
2026-09-18 19:42:27.617101 Epoch [006/200], Step [0318/0318], LR: 0.000499, Loss: 0.3470
Epoch: 6, Dataset: test, Dice: 0.8271, IoU: 0.7358
Epoch: 6, Dataset: val, Dice: 0.8290, IoU: 0.7283
### Best Model Saved (Dice improved from 0.8176 to 0.8290) ###
2026-09-18 19:42:58.273370 Epoch [007/200], Step [0100/0318], LR: 0.000499, Loss: 0.3516
2026-09-18 19:43:25.298408 Epoch [007/200], Step [0200/0318], LR: 0.000499, Loss: 0.3432
2026-09-18 19:43:53.182826 Epoch [007/200], Step [0300/0318], LR: 0.000499, Loss: 0.3292
2026-09-18 19:43:57.865428 Epoch [007/200], Step [0318/0318], LR: 0.000499, Loss: 0.3360
Epoch: 7, Dataset: test, Dice: 0.7910, IoU: 0.6826
Epoch: 7, Dataset: val, Dice: 0.8221, IoU: 0.7237
2026-09-18 19:44:28.672348 Epoch [008/200], Step [0100/0318], LR: 0.000498, Loss: 0.3280
2026-09-18 19:44:56.224425 Epoch [008/200], Step [0200/0318], LR: 0.000498, Loss: 0.3220
2026-09-18 19:45:22.860964 Epoch [008/200], Step [0300/0318], LR: 0.000498, Loss: 0.3362
2026-09-18 19:45:27.551338 Epoch [008/200], Step [0318/0318], LR: 0.000498, Loss: 0.3491
Epoch: 8, Dataset: test, Dice: 0.7494, IoU: 0.6368
Epoch: 8, Dataset: val, Dice: 0.8084, IoU: 0.7075
2026-09-18 19:45:59.335667 Epoch [009/200], Step [0100/0318], LR: 0.000498, Loss: 0.3276
2026-09-18 19:46:26.127840 Epoch [009/200], Step [0200/0318], LR: 0.000498, Loss: 0.3116
2026-09-18 19:46:53.090414 Epoch [009/200], Step [0300/0318], LR: 0.000498, Loss: 0.3281
2026-09-18 19:46:57.578507 Epoch [009/200], Step [0318/0318], LR: 0.000498, Loss: 0.3190
Epoch: 9, Dataset: test, Dice: 0.8102, IoU: 0.7157
Epoch: 9, Dataset: val, Dice: 0.8482, IoU: 0.7554
### Best Model Saved (Dice improved from 0.8290 to 0.8482) ###
2026-09-18 19:47:29.090941 Epoch [010/200], Step [0100/0318], LR: 0.000498, Loss: 0.3187
2026-09-18 19:47:55.572243 Epoch [010/200], Step [0200/0318], LR: 0.000498, Loss: 0.3243
2026-09-18 19:48:22.471896 Epoch [010/200], Step [0300/0318], LR: 0.000498, Loss: 0.3141
2026-09-18 19:48:27.420175 Epoch [010/200], Step [0318/0318], LR: 0.000498, Loss: 0.3111
Epoch: 10, Dataset: test, Dice: 0.8345, IoU: 0.7437
Epoch: 10, Dataset: val, Dice: 0.8079, IoU: 0.6989
2026-09-18 19:48:59.024314 Epoch [011/200], Step [0100/0318], LR: 0.000497, Loss: 0.3030
2026-09-18 19:49:26.201081 Epoch [011/200], Step [0200/0318], LR: 0.000497, Loss: 0.2926
2026-09-18 19:49:53.428351 Epoch [011/200], Step [0300/0318], LR: 0.000497, Loss: 0.2944
2026-09-18 19:49:58.219747 Epoch [011/200], Step [0318/0318], LR: 0.000497, Loss: 0.2962
Epoch: 11, Dataset: test, Dice: 0.8274, IoU: 0.7328
Epoch: 11, Dataset: val, Dice: 0.8415, IoU: 0.7414
2026-09-18 19:50:30.132615 Epoch [012/200], Step [0100/0318], LR: 0.000496, Loss: 0.2857
2026-09-18 19:50:57.452589 Epoch [012/200], Step [0200/0318], LR: 0.000496, Loss: 0.2893
2026-09-18 19:51:24.808377 Epoch [012/200], Step [0300/0318], LR: 0.000496, Loss: 0.2945
2026-09-18 19:51:29.707519 Epoch [012/200], Step [0318/0318], LR: 0.000496, Loss: 0.3116
Epoch: 12, Dataset: test, Dice: 0.8128, IoU: 0.7168
Epoch: 12, Dataset: val, Dice: 0.8283, IoU: 0.7233
2026-09-18 19:52:01.580688 Epoch [013/200], Step [0100/0318], LR: 0.000496, Loss: 0.2891
2026-09-18 19:52:29.489044 Epoch [013/200], Step [0200/0318], LR: 0.000496, Loss: 0.2799
2026-09-18 19:52:56.294077 Epoch [013/200], Step [0300/0318], LR: 0.000496, Loss: 0.2731
2026-09-18 19:53:00.851931 Epoch [013/200], Step [0318/0318], LR: 0.000496, Loss: 0.3016
Epoch: 13, Dataset: test, Dice: 0.6922, IoU: 0.5744
Epoch: 13, Dataset: val, Dice: 0.7478, IoU: 0.6452
2026-09-18 19:53:30.878263 Epoch [014/200], Step [0100/0318], LR: 0.000495, Loss: 0.2829
2026-09-18 19:53:57.076808 Epoch [014/200], Step [0200/0318], LR: 0.000495, Loss: 0.2690
2026-09-18 19:54:23.378952 Epoch [014/200], Step [0300/0318], LR: 0.000495, Loss: 0.2885
2026-09-18 19:54:27.786479 Epoch [014/200], Step [0318/0318], LR: 0.000495, Loss: 0.2824
Epoch: 14, Dataset: test, Dice: 0.8280, IoU: 0.7393
Epoch: 14, Dataset: val, Dice: 0.8108, IoU: 0.7027
2026-09-18 19:54:57.048571 Epoch [015/200], Step [0100/0318], LR: 0.000494, Loss: 0.2667
2026-09-18 19:55:24.050839 Epoch [015/200], Step [0200/0318], LR: 0.000494, Loss: 0.2703
2026-09-18 19:55:50.690505 Epoch [015/200], Step [0300/0318], LR: 0.000494, Loss: 0.2809
2026-09-18 19:55:55.147198 Epoch [015/200], Step [0318/0318], LR: 0.000494, Loss: 0.2771
Epoch: 15, Dataset: test, Dice: 0.8320, IoU: 0.7379
Epoch: 15, Dataset: val, Dice: 0.8213, IoU: 0.7316
2026-09-18 19:56:24.726596 Epoch [016/200], Step [0100/0318], LR: 0.000493, Loss: 0.2680
2026-09-18 19:56:50.193660 Epoch [016/200], Step [0200/0318], LR: 0.000493, Loss: 0.2615
2026-09-18 19:57:16.372857 Epoch [016/200], Step [0300/0318], LR: 0.000493, Loss: 0.2724
2026-09-18 19:57:20.727262 Epoch [016/200], Step [0318/0318], LR: 0.000493, Loss: 0.2820
Epoch: 16, Dataset: test, Dice: 0.8221, IoU: 0.7242
Epoch: 16, Dataset: val, Dice: 0.8396, IoU: 0.7409
2026-09-18 19:57:50.530462 Epoch [017/200], Step [0100/0318], LR: 0.000492, Loss: 0.2751
2026-09-18 19:58:16.782628 Epoch [017/200], Step [0200/0318], LR: 0.000492, Loss: 0.2720
2026-09-18 19:58:42.774138 Epoch [017/200], Step [0300/0318], LR: 0.000492, Loss: 0.2636
2026-09-18 19:58:47.140801 Epoch [017/200], Step [0318/0318], LR: 0.000492, Loss: 0.2693
Epoch: 17, Dataset: test, Dice: 0.8448, IoU: 0.7574
Epoch: 17, Dataset: val, Dice: 0.8345, IoU: 0.7350
2026-09-18 19:59:17.060491 Epoch [018/200], Step [0100/0318], LR: 0.000491, Loss: 0.2535
2026-09-18 19:59:42.231519 Epoch [018/200], Step [0200/0318], LR: 0.000491, Loss: 0.2487
2026-09-18 20:00:08.319646 Epoch [018/200], Step [0300/0318], LR: 0.000491, Loss: 0.2650
2026-09-18 20:00:12.488758 Epoch [018/200], Step [0318/0318], LR: 0.000491, Loss: 0.2680
Epoch: 18, Dataset: test, Dice: 0.6961, IoU: 0.5901
Epoch: 18, Dataset: val, Dice: 0.7388, IoU: 0.6365
2026-09-18 20:00:41.772357 Epoch [019/200], Step [0100/0318], LR: 0.000490, Loss: 0.2385
2026-09-18 20:01:08.002584 Epoch [019/200], Step [0200/0318], LR: 0.000490, Loss: 0.2652
2026-09-18 20:01:35.026029 Epoch [019/200], Step [0300/0318], LR: 0.000490, Loss: 0.2535
2026-09-18 20:01:39.780912 Epoch [019/200], Step [0318/0318], LR: 0.000490, Loss: 0.2636
Epoch: 19, Dataset: test, Dice: 0.7470, IoU: 0.6332
Epoch: 19, Dataset: val, Dice: 0.7953, IoU: 0.6913
2026-09-18 20:02:10.146427 Epoch [020/200], Step [0100/0318], LR: 0.000489, Loss: 0.2569
2026-09-18 20:02:35.625096 Epoch [020/200], Step [0200/0318], LR: 0.000489, Loss: 0.2550
2026-09-18 20:03:02.455974 Epoch [020/200], Step [0300/0318], LR: 0.000489, Loss: 0.2419
2026-09-18 20:03:07.334534 Epoch [020/200], Step [0318/0318], LR: 0.000489, Loss: 0.2565
Epoch: 20, Dataset: test, Dice: 0.8321, IoU: 0.7379
Epoch: 20, Dataset: val, Dice: 0.8285, IoU: 0.7314
2026-09-18 20:03:36.276187 Epoch [021/200], Step [0100/0318], LR: 0.000488, Loss: 0.2489
2026-09-18 20:04:02.370940 Epoch [021/200], Step [0200/0318], LR: 0.000488, Loss: 0.2542
2026-09-18 20:04:27.525257 Epoch [021/200], Step [0300/0318], LR: 0.000488, Loss: 0.2569
2026-09-18 20:04:31.924172 Epoch [021/200], Step [0318/0318], LR: 0.000488, Loss: 0.2474
Epoch: 21, Dataset: test, Dice: 0.8326, IoU: 0.7389
Epoch: 21, Dataset: val, Dice: 0.8208, IoU: 0.7126
2026-09-18 20:05:01.643963 Epoch [022/200], Step [0100/0318], LR: 0.000487, Loss: 0.2611
2026-09-18 20:05:28.099118 Epoch [022/200], Step [0200/0318], LR: 0.000487, Loss: 0.2447
2026-09-18 20:05:53.352988 Epoch [022/200], Step [0300/0318], LR: 0.000487, Loss: 0.2406
2026-09-18 20:05:57.695502 Epoch [022/200], Step [0318/0318], LR: 0.000487, Loss: 0.2396
Epoch: 22, Dataset: test, Dice: 0.8137, IoU: 0.7141
Epoch: 22, Dataset: val, Dice: 0.8195, IoU: 0.7092
2026-09-18 20:06:27.530837 Epoch [023/200], Step [0100/0318], LR: 0.000485, Loss: 0.2231
2026-09-18 20:06:54.014465 Epoch [023/200], Step [0200/0318], LR: 0.000485, Loss: 0.2601
2026-09-18 20:07:20.102599 Epoch [023/200], Step [0300/0318], LR: 0.000485, Loss: 0.2550
2026-09-18 20:07:24.757461 Epoch [023/200], Step [0318/0318], LR: 0.000485, Loss: 0.2451
Epoch: 23, Dataset: test, Dice: 0.8494, IoU: 0.7618
Epoch: 23, Dataset: val, Dice: 0.8176, IoU: 0.7064
2026-09-18 20:07:55.035959 Epoch [024/200], Step [0100/0318], LR: 0.000484, Loss: 0.2204
2026-09-18 20:08:21.213860 Epoch [024/200], Step [0200/0318], LR: 0.000484, Loss: 0.2347
2026-09-18 20:08:47.690864 Epoch [024/200], Step [0300/0318], LR: 0.000484, Loss: 0.2426
2026-09-18 20:08:52.167391 Epoch [024/200], Step [0318/0318], LR: 0.000484, Loss: 0.2480
Epoch: 24, Dataset: test, Dice: 0.7601, IoU: 0.6553
Epoch: 24, Dataset: val, Dice: 0.7879, IoU: 0.6896
2026-09-18 20:09:22.400643 Epoch [025/200], Step [0100/0318], LR: 0.000482, Loss: 0.2291
2026-09-18 20:09:49.911531 Epoch [025/200], Step [0200/0318], LR: 0.000482, Loss: 0.2446
2026-09-18 20:10:15.938089 Epoch [025/200], Step [0300/0318], LR: 0.000482, Loss: 0.2417
2026-09-18 20:10:20.360070 Epoch [025/200], Step [0318/0318], LR: 0.000482, Loss: 0.2401
Epoch: 25, Dataset: test, Dice: 0.8412, IoU: 0.7548
Epoch: 25, Dataset: val, Dice: 0.8346, IoU: 0.7342
2026-09-18 20:10:50.425848 Epoch [026/200], Step [0100/0318], LR: 0.000481, Loss: 0.2221
2026-09-18 20:11:17.286060 Epoch [026/200], Step [0200/0318], LR: 0.000481, Loss: 0.2397
2026-09-18 20:11:43.937046 Epoch [026/200], Step [0300/0318], LR: 0.000481, Loss: 0.2460
2026-09-18 20:11:48.404157 Epoch [026/200], Step [0318/0318], LR: 0.000481, Loss: 0.2335
Epoch: 26, Dataset: test, Dice: 0.8371, IoU: 0.7477
Epoch: 26, Dataset: val, Dice: 0.8177, IoU: 0.7080
2026-09-18 20:12:18.418436 Epoch [027/200], Step [0100/0318], LR: 0.000479, Loss: 0.2308
2026-09-18 20:12:44.583799 Epoch [027/200], Step [0200/0318], LR: 0.000479, Loss: 0.2323
2026-09-18 20:13:10.538458 Epoch [027/200], Step [0300/0318], LR: 0.000479, Loss: 0.2203
2026-09-18 20:13:15.127422 Epoch [027/200], Step [0318/0318], LR: 0.000479, Loss: 0.2372
Epoch: 27, Dataset: test, Dice: 0.8422, IoU: 0.7475
Epoch: 27, Dataset: val, Dice: 0.8338, IoU: 0.7338
2026-09-18 20:13:45.906479 Epoch [028/200], Step [0100/0318], LR: 0.000478, Loss: 0.2324
2026-09-18 20:14:12.476113 Epoch [028/200], Step [0200/0318], LR: 0.000478, Loss: 0.2295
2026-09-18 20:14:38.344124 Epoch [028/200], Step [0300/0318], LR: 0.000478, Loss: 0.2252
2026-09-18 20:14:42.899583 Epoch [028/200], Step [0318/0318], LR: 0.000478, Loss: 0.2214
Epoch: 28, Dataset: test, Dice: 0.7967, IoU: 0.6974
Epoch: 28, Dataset: val, Dice: 0.8189, IoU: 0.7250
2026-09-18 20:15:12.725594 Epoch [029/200], Step [0100/0318], LR: 0.000476, Loss: 0.2333
2026-09-18 20:15:38.749762 Epoch [029/200], Step [0200/0318], LR: 0.000476, Loss: 0.2232
2026-09-18 20:16:04.542551 Epoch [029/200], Step [0300/0318], LR: 0.000476, Loss: 0.2265
2026-09-18 20:16:09.263871 Epoch [029/200], Step [0318/0318], LR: 0.000476, Loss: 0.2253
Epoch: 29, Dataset: test, Dice: 0.8324, IoU: 0.7428
Epoch: 29, Dataset: val, Dice: 0.8404, IoU: 0.7456
2026-09-18 20:16:40.450840 Epoch [030/200], Step [0100/0318], LR: 0.000475, Loss: 0.2229
2026-09-18 20:17:07.752314 Epoch [030/200], Step [0200/0318], LR: 0.000475, Loss: 0.2222
2026-09-18 20:17:34.714920 Epoch [030/200], Step [0300/0318], LR: 0.000475, Loss: 0.2316
2026-09-18 20:17:39.278197 Epoch [030/200], Step [0318/0318], LR: 0.000475, Loss: 0.2226
Epoch: 30, Dataset: test, Dice: 0.5370, IoU: 0.4011
Epoch: 30, Dataset: val, Dice: 0.6626, IoU: 0.5439
2026-09-18 20:18:09.914214 Epoch [031/200], Step [0100/0318], LR: 0.000473, Loss: 0.2205
2026-09-18 20:18:36.360568 Epoch [031/200], Step [0200/0318], LR: 0.000473, Loss: 0.2229
2026-09-18 20:19:02.905026 Epoch [031/200], Step [0300/0318], LR: 0.000473, Loss: 0.2151
2026-09-18 20:19:07.599368 Epoch [031/200], Step [0318/0318], LR: 0.000473, Loss: 0.2134
Epoch: 31, Dataset: test, Dice: 0.7948, IoU: 0.6922
Epoch: 31, Dataset: val, Dice: 0.8489, IoU: 0.7607
### Best Model Saved (Dice improved from 0.8482 to 0.8489) ###
2026-09-18 20:19:38.569692 Epoch [032/200], Step [0100/0318], LR: 0.000471, Loss: 0.2302
2026-09-18 20:20:05.434708 Epoch [032/200], Step [0200/0318], LR: 0.000471, Loss: 0.2078
2026-09-18 20:20:31.723934 Epoch [032/200], Step [0300/0318], LR: 0.000471, Loss: 0.2060
2026-09-18 20:20:36.209231 Epoch [032/200], Step [0318/0318], LR: 0.000471, Loss: 0.2068
Epoch: 32, Dataset: test, Dice: 0.8414, IoU: 0.7567
Epoch: 32, Dataset: val, Dice: 0.8495, IoU: 0.7609
### Best Model Saved (Dice improved from 0.8489 to 0.8495) ###
2026-09-18 20:21:07.213266 Epoch [033/200], Step [0100/0318], LR: 0.000469, Loss: 0.2263
2026-09-18 20:21:34.136800 Epoch [033/200], Step [0200/0318], LR: 0.000469, Loss: 0.2284
2026-09-18 20:22:00.952681 Epoch [033/200], Step [0300/0318], LR: 0.000469, Loss: 0.2156
2026-09-18 20:22:05.682703 Epoch [033/200], Step [0318/0318], LR: 0.000469, Loss: 0.2125
Epoch: 33, Dataset: test, Dice: 0.8304, IoU: 0.7370
Epoch: 33, Dataset: val, Dice: 0.8050, IoU: 0.6916
2026-09-18 20:22:35.931694 Epoch [034/200], Step [0100/0318], LR: 0.000467, Loss: 0.2290
2026-09-18 20:23:02.758964 Epoch [034/200], Step [0200/0318], LR: 0.000467, Loss: 0.2073
2026-09-18 20:23:29.668927 Epoch [034/200], Step [0300/0318], LR: 0.000467, Loss: 0.2230
2026-09-18 20:23:34.711829 Epoch [034/200], Step [0318/0318], LR: 0.000467, Loss: 0.2161
Epoch: 34, Dataset: test, Dice: 0.8309, IoU: 0.7388
Epoch: 34, Dataset: val, Dice: 0.8227, IoU: 0.7160
2026-09-18 20:24:05.703632 Epoch [035/200], Step [0100/0318], LR: 0.000465, Loss: 0.2138
2026-09-18 20:24:32.222404 Epoch [035/200], Step [0200/0318], LR: 0.000465, Loss: 0.2197
2026-09-18 20:24:59.350665 Epoch [035/200], Step [0300/0318], LR: 0.000465, Loss: 0.2123
2026-09-18 20:25:04.273418 Epoch [035/200], Step [0318/0318], LR: 0.000465, Loss: 0.2086
Epoch: 35, Dataset: test, Dice: 0.4451, IoU: 0.3359
Epoch: 35, Dataset: val, Dice: 0.5320, IoU: 0.4263
2026-09-18 20:25:36.123192 Epoch [036/200], Step [0100/0318], LR: 0.000463, Loss: 0.2162
2026-09-18 20:26:04.691506 Epoch [036/200], Step [0200/0318], LR: 0.000463, Loss: 0.2055
2026-09-18 20:26:32.909020 Epoch [036/200], Step [0300/0318], LR: 0.000463, Loss: 0.2182
2026-09-18 20:26:37.704326 Epoch [036/200], Step [0318/0318], LR: 0.000463, Loss: 0.2279
Epoch: 36, Dataset: test, Dice: 0.8367, IoU: 0.7455
Epoch: 36, Dataset: val, Dice: 0.8369, IoU: 0.7439
2026-09-18 20:27:09.918697 Epoch [037/200], Step [0100/0318], LR: 0.000461, Loss: 0.2147
2026-09-18 20:27:37.583659 Epoch [037/200], Step [0200/0318], LR: 0.000461, Loss: 0.2016
2026-09-18 20:28:04.713811 Epoch [037/200], Step [0300/0318], LR: 0.000461, Loss: 0.2253
2026-09-18 20:28:09.483179 Epoch [037/200], Step [0318/0318], LR: 0.000461, Loss: 0.2150
Epoch: 37, Dataset: test, Dice: 0.7906, IoU: 0.6910
Epoch: 37, Dataset: val, Dice: 0.8092, IoU: 0.7224
2026-09-18 20:28:41.070167 Epoch [038/200], Step [0100/0318], LR: 0.000459, Loss: 0.2017
2026-09-18 20:29:07.774829 Epoch [038/200], Step [0200/0318], LR: 0.000459, Loss: 0.2213
2026-09-18 20:29:35.396201 Epoch [038/200], Step [0300/0318], LR: 0.000459, Loss: 0.2044
2026-09-18 20:29:40.090361 Epoch [038/200], Step [0318/0318], LR: 0.000459, Loss: 0.2054
Epoch: 38, Dataset: test, Dice: 0.8461, IoU: 0.7590
Epoch: 38, Dataset: val, Dice: 0.8617, IoU: 0.7733
### Best Model Saved (Dice improved from 0.8495 to 0.8617) ###
2026-09-18 20:30:10.903937 Epoch [039/200], Step [0100/0318], LR: 0.000457, Loss: 0.1989
2026-09-18 20:30:37.973679 Epoch [039/200], Step [0200/0318], LR: 0.000457, Loss: 0.2018
2026-09-18 20:31:05.594735 Epoch [039/200], Step [0300/0318], LR: 0.000457, Loss: 0.2168
2026-09-18 20:31:10.250220 Epoch [039/200], Step [0318/0318], LR: 0.000457, Loss: 0.2166
Epoch: 39, Dataset: test, Dice: 0.7012, IoU: 0.5989
Epoch: 39, Dataset: val, Dice: 0.7636, IoU: 0.6748
2026-09-18 20:31:42.344274 Epoch [040/200], Step [0100/0318], LR: 0.000455, Loss: 0.2090
2026-09-18 20:32:09.663417 Epoch [040/200], Step [0200/0318], LR: 0.000455, Loss: 0.2083
2026-09-18 20:32:36.426624 Epoch [040/200], Step [0300/0318], LR: 0.000455, Loss: 0.1977
2026-09-18 20:32:41.350094 Epoch [040/200], Step [0318/0318], LR: 0.000455, Loss: 0.1988
Epoch: 40, Dataset: test, Dice: 0.8303, IoU: 0.7341
Epoch: 40, Dataset: val, Dice: 0.8124, IoU: 0.6999
2026-09-18 20:33:12.597348 Epoch [041/200], Step [0100/0318], LR: 0.000452, Loss: 0.2104
2026-09-18 20:33:39.434698 Epoch [041/200], Step [0200/0318], LR: 0.000452, Loss: 0.2014
2026-09-18 20:34:05.975395 Epoch [041/200], Step [0300/0318], LR: 0.000452, Loss: 0.2008
2026-09-18 20:34:10.774860 Epoch [041/200], Step [0318/0318], LR: 0.000452, Loss: 0.2105
Epoch: 41, Dataset: test, Dice: 0.8416, IoU: 0.7541
Epoch: 41, Dataset: val, Dice: 0.8324, IoU: 0.7327
2026-09-18 20:34:40.675600 Epoch [042/200], Step [0100/0318], LR: 0.000450, Loss: 0.2087
2026-09-18 20:35:06.917889 Epoch [042/200], Step [0200/0318], LR: 0.000450, Loss: 0.2061
2026-09-18 20:35:33.679600 Epoch [042/200], Step [0300/0318], LR: 0.000450, Loss: 0.2134
2026-09-18 20:35:38.564472 Epoch [042/200], Step [0318/0318], LR: 0.000450, Loss: 0.2054
Epoch: 42, Dataset: test, Dice: 0.8475, IoU: 0.7596
Epoch: 42, Dataset: val, Dice: 0.8363, IoU: 0.7412
2026-09-18 20:36:09.202769 Epoch [043/200], Step [0100/0318], LR: 0.000448, Loss: 0.1986
2026-09-18 20:36:35.222784 Epoch [043/200], Step [0200/0318], LR: 0.000448, Loss: 0.2004
2026-09-18 20:37:01.943457 Epoch [043/200], Step [0300/0318], LR: 0.000448, Loss: 0.2063
2026-09-18 20:37:06.726413 Epoch [043/200], Step [0318/0318], LR: 0.000448, Loss: 0.2028
Epoch: 43, Dataset: test, Dice: 0.5589, IoU: 0.4362
Epoch: 43, Dataset: val, Dice: 0.7021, IoU: 0.5990
2026-09-18 20:37:36.839351 Epoch [044/200], Step [0100/0318], LR: 0.000445, Loss: 0.1949
2026-09-18 20:38:02.978830 Epoch [044/200], Step [0200/0318], LR: 0.000445, Loss: 0.1883
2026-09-18 20:38:29.475139 Epoch [044/200], Step [0300/0318], LR: 0.000445, Loss: 0.2116
2026-09-18 20:38:34.076557 Epoch [044/200], Step [0318/0318], LR: 0.000445, Loss: 0.2032
Epoch: 44, Dataset: test, Dice: 0.8113, IoU: 0.7107
Epoch: 44, Dataset: val, Dice: 0.8399, IoU: 0.7409
2026-09-18 20:39:05.016228 Epoch [045/200], Step [0100/0318], LR: 0.000443, Loss: 0.1966
2026-09-18 20:39:32.092325 Epoch [045/200], Step [0200/0318], LR: 0.000443, Loss: 0.1877
2026-09-18 20:39:59.496921 Epoch [045/200], Step [0300/0318], LR: 0.000443, Loss: 0.1912
2026-09-18 20:40:04.259265 Epoch [045/200], Step [0318/0318], LR: 0.000443, Loss: 0.1947
Epoch: 45, Dataset: test, Dice: 0.8505, IoU: 0.7637
Epoch: 45, Dataset: val, Dice: 0.8225, IoU: 0.7166
2026-09-18 20:40:35.530174 Epoch [046/200], Step [0100/0318], LR: 0.000440, Loss: 0.1802
2026-09-18 20:41:02.600776 Epoch [046/200], Step [0200/0318], LR: 0.000440, Loss: 0.1979
2026-09-18 20:41:29.213184 Epoch [046/200], Step [0300/0318], LR: 0.000440, Loss: 0.2010
2026-09-18 20:41:33.840865 Epoch [046/200], Step [0318/0318], LR: 0.000440, Loss: 0.2068
Epoch: 46, Dataset: test, Dice: 0.6191, IoU: 0.5177
Epoch: 46, Dataset: val, Dice: 0.7007, IoU: 0.6085
2026-09-18 20:42:05.041570 Epoch [047/200], Step [0100/0318], LR: 0.000438, Loss: 0.2082
2026-09-18 20:42:31.581625 Epoch [047/200], Step [0200/0318], LR: 0.000438, Loss: 0.2047
2026-09-18 20:42:58.082596 Epoch [047/200], Step [0300/0318], LR: 0.000438, Loss: 0.1895
2026-09-18 20:43:02.637795 Epoch [047/200], Step [0318/0318], LR: 0.000438, Loss: 0.1837
Epoch: 47, Dataset: test, Dice: 0.8422, IoU: 0.7487
Epoch: 47, Dataset: val, Dice: 0.8481, IoU: 0.7519
2026-09-18 20:43:33.820494 Epoch [048/200], Step [0100/0318], LR: 0.000435, Loss: 0.1906
2026-09-18 20:44:00.304671 Epoch [048/200], Step [0200/0318], LR: 0.000435, Loss: 0.1914
2026-09-18 20:44:27.417531 Epoch [048/200], Step [0300/0318], LR: 0.000435, Loss: 0.1953
2026-09-18 20:44:32.097991 Epoch [048/200], Step [0318/0318], LR: 0.000435, Loss: 0.1979
Epoch: 48, Dataset: test, Dice: 0.8432, IoU: 0.7545
Epoch: 48, Dataset: val, Dice: 0.8441, IoU: 0.7544
2026-09-18 20:45:02.840211 Epoch [049/200], Step [0100/0318], LR: 0.000432, Loss: 0.1900
2026-09-18 20:45:29.354867 Epoch [049/200], Step [0200/0318], LR: 0.000432, Loss: 0.2010
2026-09-18 20:45:56.229488 Epoch [049/200], Step [0300/0318], LR: 0.000432, Loss: 0.1847
2026-09-18 20:46:01.052541 Epoch [049/200], Step [0318/0318], LR: 0.000432, Loss: 0.1905
Epoch: 49, Dataset: test, Dice: 0.8258, IoU: 0.7345
Epoch: 49, Dataset: val, Dice: 0.8386, IoU: 0.7420
2026-09-18 20:46:31.915528 Epoch [050/200], Step [0100/0318], LR: 0.000430, Loss: 0.1870
2026-09-18 20:46:59.051654 Epoch [050/200], Step [0200/0318], LR: 0.000430, Loss: 0.1920
2026-09-18 20:47:25.710673 Epoch [050/200], Step [0300/0318], LR: 0.000430, Loss: 0.1887
2026-09-18 20:47:30.245385 Epoch [050/200], Step [0318/0318], LR: 0.000430, Loss: 0.2003
Epoch: 50, Dataset: test, Dice: 0.8422, IoU: 0.7490
Epoch: 50, Dataset: val, Dice: 0.8453, IoU: 0.7511
2026-09-18 20:48:00.217679 Epoch [051/200], Step [0100/0318], LR: 0.000427, Loss: 0.1853
2026-09-18 20:48:26.476621 Epoch [051/200], Step [0200/0318], LR: 0.000427, Loss: 0.1880
2026-09-18 20:48:53.556126 Epoch [051/200], Step [0300/0318], LR: 0.000427, Loss: 0.1978
2026-09-18 20:48:58.116285 Epoch [051/200], Step [0318/0318], LR: 0.000427, Loss: 0.1946
Epoch: 51, Dataset: test, Dice: 0.8454, IoU: 0.7573
Epoch: 51, Dataset: val, Dice: 0.8301, IoU: 0.7271
2026-09-18 20:49:28.084379 Epoch [052/200], Step [0100/0318], LR: 0.000424, Loss: 0.1912
2026-09-18 20:49:54.267710 Epoch [052/200], Step [0200/0318], LR: 0.000424, Loss: 0.1886
2026-09-18 20:50:20.172573 Epoch [052/200], Step [0300/0318], LR: 0.000424, Loss: 0.2011
2026-09-18 20:50:24.982066 Epoch [052/200], Step [0318/0318], LR: 0.000424, Loss: 0.2005
Epoch: 52, Dataset: test, Dice: 0.8463, IoU: 0.7594
Epoch: 52, Dataset: val, Dice: 0.8426, IoU: 0.7449
2026-09-18 20:50:55.826712 Epoch [053/200], Step [0100/0318], LR: 0.000421, Loss: 0.1837
2026-09-18 20:51:22.726352 Epoch [053/200], Step [0200/0318], LR: 0.000421, Loss: 0.1884
2026-09-18 20:51:49.137823 Epoch [053/200], Step [0300/0318], LR: 0.000421, Loss: 0.1944
2026-09-18 20:51:53.893647 Epoch [053/200], Step [0318/0318], LR: 0.000421, Loss: 0.1892
Epoch: 53, Dataset: test, Dice: 0.8293, IoU: 0.7322
Epoch: 53, Dataset: val, Dice: 0.8234, IoU: 0.7253
2026-09-18 20:52:24.660782 Epoch [054/200], Step [0100/0318], LR: 0.000418, Loss: 0.1849
2026-09-18 20:52:51.970726 Epoch [054/200], Step [0200/0318], LR: 0.000418, Loss: 0.1806
2026-09-18 20:53:18.465954 Epoch [054/200], Step [0300/0318], LR: 0.000418, Loss: 0.1935
2026-09-18 20:53:22.743132 Epoch [054/200], Step [0318/0318], LR: 0.000418, Loss: 0.1908
Epoch: 54, Dataset: test, Dice: 0.8337, IoU: 0.7406
Epoch: 54, Dataset: val, Dice: 0.8356, IoU: 0.7392
2026-09-18 20:53:53.474708 Epoch [055/200], Step [0100/0318], LR: 0.000415, Loss: 0.1883
2026-09-18 20:54:19.458955 Epoch [055/200], Step [0200/0318], LR: 0.000415, Loss: 0.1861
2026-09-18 20:54:45.776955 Epoch [055/200], Step [0300/0318], LR: 0.000415, Loss: 0.1907
2026-09-18 20:54:50.306574 Epoch [055/200], Step [0318/0318], LR: 0.000415, Loss: 0.1897
Epoch: 55, Dataset: test, Dice: 0.4431, IoU: 0.3230
Epoch: 55, Dataset: val, Dice: 0.5543, IoU: 0.4353
2026-09-18 20:55:21.352035 Epoch [056/200], Step [0100/0318], LR: 0.000413, Loss: 0.1902
2026-09-18 20:55:47.369432 Epoch [056/200], Step [0200/0318], LR: 0.000413, Loss: 0.1934
2026-09-18 20:56:14.273460 Epoch [056/200], Step [0300/0318], LR: 0.000413, Loss: 0.1841
2026-09-18 20:56:18.925485 Epoch [056/200], Step [0318/0318], LR: 0.000413, Loss: 0.1831
Epoch: 56, Dataset: test, Dice: 0.3495, IoU: 0.2387
Epoch: 56, Dataset: val, Dice: 0.4392, IoU: 0.3185
2026-09-18 20:56:49.678960 Epoch [057/200], Step [0100/0318], LR: 0.000410, Loss: 0.1894
2026-09-18 20:57:15.547901 Epoch [057/200], Step [0200/0318], LR: 0.000410, Loss: 0.1857
2026-09-18 20:57:41.349332 Epoch [057/200], Step [0300/0318], LR: 0.000410, Loss: 0.1858
2026-09-18 20:57:45.921034 Epoch [057/200], Step [0318/0318], LR: 0.000410, Loss: 0.1823
Epoch: 57, Dataset: test, Dice: 0.8212, IoU: 0.7214
Epoch: 57, Dataset: val, Dice: 0.8205, IoU: 0.7138
2026-09-18 20:58:17.268692 Epoch [058/200], Step [0100/0318], LR: 0.000406, Loss: 0.1852
2026-09-18 20:58:43.647107 Epoch [058/200], Step [0200/0318], LR: 0.000406, Loss: 0.1928
2026-09-18 20:59:09.613349 Epoch [058/200], Step [0300/0318], LR: 0.000406, Loss: 0.1803
2026-09-18 20:59:14.130501 Epoch [058/200], Step [0318/0318], LR: 0.000406, Loss: 0.1806
Epoch: 58, Dataset: test, Dice: 0.8450, IoU: 0.7516
Epoch: 58, Dataset: val, Dice: 0.8128, IoU: 0.7059
2026-09-18 20:59:44.322995 Epoch [059/200], Step [0100/0318], LR: 0.000403, Loss: 0.1840
2026-09-18 21:00:11.322443 Epoch [059/200], Step [0200/0318], LR: 0.000403, Loss: 0.1880
2026-09-18 21:00:38.393519 Epoch [059/200], Step [0300/0318], LR: 0.000403, Loss: 0.1763
2026-09-18 21:00:43.275016 Epoch [059/200], Step [0318/0318], LR: 0.000403, Loss: 0.1701
Epoch: 59, Dataset: test, Dice: 0.8308, IoU: 0.7327
Epoch: 59, Dataset: val, Dice: 0.8409, IoU: 0.7429
2026-09-18 21:01:14.059228 Epoch [060/200], Step [0100/0318], LR: 0.000400, Loss: 0.1829
2026-09-18 21:01:40.958301 Epoch [060/200], Step [0200/0318], LR: 0.000400, Loss: 0.1779
2026-09-18 21:02:07.152104 Epoch [060/200], Step [0300/0318], LR: 0.000400, Loss: 0.1816
2026-09-18 21:02:11.767939 Epoch [060/200], Step [0318/0318], LR: 0.000400, Loss: 0.1756
Epoch: 60, Dataset: test, Dice: 0.8140, IoU: 0.7124
Epoch: 60, Dataset: val, Dice: 0.8293, IoU: 0.7309
2026-09-18 21:02:41.938704 Epoch [061/200], Step [0100/0318], LR: 0.000397, Loss: 0.1820
2026-09-18 21:03:08.250354 Epoch [061/200], Step [0200/0318], LR: 0.000397, Loss: 0.1835
2026-09-18 21:03:34.096190 Epoch [061/200], Step [0300/0318], LR: 0.000397, Loss: 0.1833
2026-09-18 21:03:38.462109 Epoch [061/200], Step [0318/0318], LR: 0.000397, Loss: 0.1767
Epoch: 61, Dataset: test, Dice: 0.8466, IoU: 0.7598
Epoch: 61, Dataset: val, Dice: 0.8266, IoU: 0.7208
2026-09-18 21:04:08.889930 Epoch [062/200], Step [0100/0318], LR: 0.000394, Loss: 0.1725
2026-09-18 21:04:34.811887 Epoch [062/200], Step [0200/0318], LR: 0.000394, Loss: 0.1788
2026-09-18 21:05:01.369417 Epoch [062/200], Step [0300/0318], LR: 0.000394, Loss: 0.1790
2026-09-18 21:05:06.004040 Epoch [062/200], Step [0318/0318], LR: 0.000394, Loss: 0.1871
Epoch: 62, Dataset: test, Dice: 0.8171, IoU: 0.7141
Epoch: 62, Dataset: val, Dice: 0.8267, IoU: 0.7311
2026-09-18 21:05:35.725902 Epoch [063/200], Step [0100/0318], LR: 0.000391, Loss: 0.1799
2026-09-18 21:06:01.330432 Epoch [063/200], Step [0200/0318], LR: 0.000391, Loss: 0.1907
2026-09-18 21:06:27.119612 Epoch [063/200], Step [0300/0318], LR: 0.000391, Loss: 0.1730
2026-09-18 21:06:31.622758 Epoch [063/200], Step [0318/0318], LR: 0.000391, Loss: 0.1870
Epoch: 63, Dataset: test, Dice: 0.8369, IoU: 0.7404
Epoch: 63, Dataset: val, Dice: 0.8257, IoU: 0.7240
2026-09-18 21:07:01.363424 Epoch [064/200], Step [0100/0318], LR: 0.000387, Loss: 0.1764
2026-09-18 21:07:27.474598 Epoch [064/200], Step [0200/0318], LR: 0.000387, Loss: 0.1713
2026-09-18 21:07:53.752159 Epoch [064/200], Step [0300/0318], LR: 0.000387, Loss: 0.1779
2026-09-18 21:07:58.073025 Epoch [064/200], Step [0318/0318], LR: 0.000387, Loss: 0.1812
Epoch: 64, Dataset: test, Dice: 0.8003, IoU: 0.7023
Epoch: 64, Dataset: val, Dice: 0.8337, IoU: 0.7413
2026-09-18 21:08:27.875223 Epoch [065/200], Step [0100/0318], LR: 0.000384, Loss: 0.1831
2026-09-18 21:08:54.004396 Epoch [065/200], Step [0200/0318], LR: 0.000384, Loss: 0.1717
2026-09-18 21:09:19.977219 Epoch [065/200], Step [0300/0318], LR: 0.000384, Loss: 0.1758
2026-09-18 21:09:24.725453 Epoch [065/200], Step [0318/0318], LR: 0.000384, Loss: 0.1816
Epoch: 65, Dataset: test, Dice: 0.8540, IoU: 0.7636
Epoch: 65, Dataset: val, Dice: 0.8386, IoU: 0.7375
2026-09-18 21:09:55.009103 Epoch [066/200], Step [0100/0318], LR: 0.000381, Loss: 0.1734
2026-09-18 21:10:21.211096 Epoch [066/200], Step [0200/0318], LR: 0.000381, Loss: 0.1757
2026-09-18 21:10:46.939907 Epoch [066/200], Step [0300/0318], LR: 0.000381, Loss: 0.1804
2026-09-18 21:10:51.335432 Epoch [066/200], Step [0318/0318], LR: 0.000381, Loss: 0.1781
Epoch: 66, Dataset: test, Dice: 0.8346, IoU: 0.7421
Epoch: 66, Dataset: val, Dice: 0.8310, IoU: 0.7301
2026-09-18 21:11:21.993068 Epoch [067/200], Step [0100/0318], LR: 0.000378, Loss: 0.1736
2026-09-18 21:11:48.158246 Epoch [067/200], Step [0200/0318], LR: 0.000378, Loss: 0.1740
2026-09-18 21:12:14.733491 Epoch [067/200], Step [0300/0318], LR: 0.000378, Loss: 0.1786
2026-09-18 21:12:19.595400 Epoch [067/200], Step [0318/0318], LR: 0.000378, Loss: 0.1679
Epoch: 67, Dataset: test, Dice: 0.8407, IoU: 0.7495
Epoch: 67, Dataset: val, Dice: 0.8331, IoU: 0.7305
2026-09-18 21:12:50.431503 Epoch [068/200], Step [0100/0318], LR: 0.000374, Loss: 0.1714
2026-09-18 21:13:17.798253 Epoch [068/200], Step [0200/0318], LR: 0.000374, Loss: 0.1872
2026-09-18 21:13:45.094122 Epoch [068/200], Step [0300/0318], LR: 0.000374, Loss: 0.1774
2026-09-18 21:13:49.684315 Epoch [068/200], Step [0318/0318], LR: 0.000374, Loss: 0.1827
Epoch: 68, Dataset: test, Dice: 0.8395, IoU: 0.7450
Epoch: 68, Dataset: val, Dice: 0.8500, IoU: 0.7568
2026-09-18 21:14:20.102042 Epoch [069/200], Step [0100/0318], LR: 0.000371, Loss: 0.1721
2026-09-18 21:14:46.780952 Epoch [069/200], Step [0200/0318], LR: 0.000371, Loss: 0.1808
2026-09-18 21:15:13.304920 Epoch [069/200], Step [0300/0318], LR: 0.000371, Loss: 0.1683
2026-09-18 21:15:18.060604 Epoch [069/200], Step [0318/0318], LR: 0.000371, Loss: 0.1701
Epoch: 69, Dataset: test, Dice: 0.8473, IoU: 0.7584
Epoch: 69, Dataset: val, Dice: 0.8234, IoU: 0.7166
2026-09-18 21:15:48.381504 Epoch [070/200], Step [0100/0318], LR: 0.000367, Loss: 0.1783
2026-09-18 21:16:14.503657 Epoch [070/200], Step [0200/0318], LR: 0.000367, Loss: 0.1820
2026-09-18 21:16:41.100954 Epoch [070/200], Step [0300/0318], LR: 0.000367, Loss: 0.1717
2026-09-18 21:16:45.848106 Epoch [070/200], Step [0318/0318], LR: 0.000367, Loss: 0.1738
Epoch: 70, Dataset: test, Dice: 0.8302, IoU: 0.7359
Epoch: 70, Dataset: val, Dice: 0.8151, IoU: 0.7099
2026-09-18 21:17:16.842090 Epoch [071/200], Step [0100/0318], LR: 0.000364, Loss: 0.1682
2026-09-18 21:17:44.337575 Epoch [071/200], Step [0200/0318], LR: 0.000364, Loss: 0.1705
2026-09-18 21:18:12.084624 Epoch [071/200], Step [0300/0318], LR: 0.000364, Loss: 0.1786
2026-09-18 21:18:16.921841 Epoch [071/200], Step [0318/0318], LR: 0.000364, Loss: 0.1765
Epoch: 71, Dataset: test, Dice: 0.8453, IoU: 0.7541
Epoch: 71, Dataset: val, Dice: 0.8401, IoU: 0.7410
2026-09-18 21:18:48.258008 Epoch [072/200], Step [0100/0318], LR: 0.000360, Loss: 0.1647
2026-09-18 21:19:15.307056 Epoch [072/200], Step [0200/0318], LR: 0.000360, Loss: 0.1757
2026-09-18 21:19:42.269431 Epoch [072/200], Step [0300/0318], LR: 0.000360, Loss: 0.1755
2026-09-18 21:19:47.196432 Epoch [072/200], Step [0318/0318], LR: 0.000360, Loss: 0.1764
Epoch: 72, Dataset: test, Dice: 0.8522, IoU: 0.7655
Epoch: 72, Dataset: val, Dice: 0.8318, IoU: 0.7362
2026-09-18 21:20:19.860374 Epoch [073/200], Step [0100/0318], LR: 0.000357, Loss: 0.1687
2026-09-18 21:20:47.437691 Epoch [073/200], Step [0200/0318], LR: 0.000357, Loss: 0.1678
2026-09-18 21:21:15.934960 Epoch [073/200], Step [0300/0318], LR: 0.000357, Loss: 0.1753
2026-09-18 21:21:20.819574 Epoch [073/200], Step [0318/0318], LR: 0.000357, Loss: 0.1702
Epoch: 73, Dataset: test, Dice: 0.8349, IoU: 0.7408
Epoch: 73, Dataset: val, Dice: 0.8351, IoU: 0.7321
2026-09-18 21:21:53.087417 Epoch [074/200], Step [0100/0318], LR: 0.000353, Loss: 0.1741
2026-09-18 21:22:20.965296 Epoch [074/200], Step [0200/0318], LR: 0.000353, Loss: 0.1655
2026-09-18 21:22:48.730944 Epoch [074/200], Step [0300/0318], LR: 0.000353, Loss: 0.1742
2026-09-18 21:22:53.341610 Epoch [074/200], Step [0318/0318], LR: 0.000353, Loss: 0.1721
Epoch: 74, Dataset: test, Dice: 0.8153, IoU: 0.7196
Epoch: 74, Dataset: val, Dice: 0.8229, IoU: 0.7297
2026-09-18 21:23:25.801255 Epoch [075/200], Step [0100/0318], LR: 0.000350, Loss: 0.1735
2026-09-18 21:23:54.057188 Epoch [075/200], Step [0200/0318], LR: 0.000350, Loss: 0.1701
2026-09-18 21:24:22.172863 Epoch [075/200], Step [0300/0318], LR: 0.000350, Loss: 0.1737
2026-09-18 21:24:27.026117 Epoch [075/200], Step [0318/0318], LR: 0.000350, Loss: 0.1662
Epoch: 75, Dataset: test, Dice: 0.3961, IoU: 0.2896
Epoch: 75, Dataset: val, Dice: 0.4902, IoU: 0.3762
2026-09-18 21:24:58.970241 Epoch [076/200], Step [0100/0318], LR: 0.000346, Loss: 0.1599
2026-09-18 21:25:26.945671 Epoch [076/200], Step [0200/0318], LR: 0.000346, Loss: 0.1762
2026-09-18 21:25:54.925195 Epoch [076/200], Step [0300/0318], LR: 0.000346, Loss: 0.1678
2026-09-18 21:25:59.914699 Epoch [076/200], Step [0318/0318], LR: 0.000346, Loss: 0.1704
Epoch: 76, Dataset: test, Dice: 0.8301, IoU: 0.7333
Epoch: 76, Dataset: val, Dice: 0.8215, IoU: 0.7197
2026-09-18 21:26:32.276481 Epoch [077/200], Step [0100/0318], LR: 0.000342, Loss: 0.1714
2026-09-18 21:27:00.217365 Epoch [077/200], Step [0200/0318], LR: 0.000342, Loss: 0.1682
2026-09-18 21:27:27.636374 Epoch [077/200], Step [0300/0318], LR: 0.000342, Loss: 0.1672
2026-09-18 21:27:32.490930 Epoch [077/200], Step [0318/0318], LR: 0.000342, Loss: 0.1653
Epoch: 77, Dataset: test, Dice: 0.8209, IoU: 0.7271
Epoch: 77, Dataset: val, Dice: 0.7844, IoU: 0.6738
2026-09-18 21:28:04.105165 Epoch [078/200], Step [0100/0318], LR: 0.000339, Loss: 0.1662
2026-09-18 21:28:31.203350 Epoch [078/200], Step [0200/0318], LR: 0.000339, Loss: 0.1710
2026-09-18 21:28:58.413081 Epoch [078/200], Step [0300/0318], LR: 0.000339, Loss: 0.1690
2026-09-18 21:29:03.182071 Epoch [078/200], Step [0318/0318], LR: 0.000339, Loss: 0.1720
Epoch: 78, Dataset: test, Dice: 0.8585, IoU: 0.7751
Epoch: 78, Dataset: val, Dice: 0.8418, IoU: 0.7445
2026-09-18 21:29:34.082905 Epoch [079/200], Step [0100/0318], LR: 0.000335, Loss: 0.1715
2026-09-18 21:30:00.495978 Epoch [079/200], Step [0200/0318], LR: 0.000335, Loss: 0.1735
2026-09-18 21:30:27.106733 Epoch [079/200], Step [0300/0318], LR: 0.000335, Loss: 0.1687
2026-09-18 21:30:31.875100 Epoch [079/200], Step [0318/0318], LR: 0.000335, Loss: 0.1595
Epoch: 79, Dataset: test, Dice: 0.7505, IoU: 0.6407
Epoch: 79, Dataset: val, Dice: 0.7837, IoU: 0.6856
2026-09-18 21:31:02.775226 Epoch [080/200], Step [0100/0318], LR: 0.000331, Loss: 0.1654
2026-09-18 21:31:29.721008 Epoch [080/200], Step [0200/0318], LR: 0.000331, Loss: 0.1659
2026-09-18 21:31:56.274341 Epoch [080/200], Step [0300/0318], LR: 0.000331, Loss: 0.1724
2026-09-18 21:32:01.094922 Epoch [080/200], Step [0318/0318], LR: 0.000331, Loss: 0.1807
Epoch: 80, Dataset: test, Dice: 0.5747, IoU: 0.4708
Epoch: 80, Dataset: val, Dice: 0.6510, IoU: 0.5513
2026-09-18 21:32:32.414231 Epoch [081/200], Step [0100/0318], LR: 0.000328, Loss: 0.1711
2026-09-18 21:32:59.225917 Epoch [081/200], Step [0200/0318], LR: 0.000328, Loss: 0.1674
2026-09-18 21:33:26.386060 Epoch [081/200], Step [0300/0318], LR: 0.000328, Loss: 0.1709
2026-09-18 21:33:31.057668 Epoch [081/200], Step [0318/0318], LR: 0.000328, Loss: 0.1720
Epoch: 81, Dataset: test, Dice: 0.8270, IoU: 0.7313
Epoch: 81, Dataset: val, Dice: 0.8402, IoU: 0.7383
2026-09-18 21:34:03.044714 Epoch [082/200], Step [0100/0318], LR: 0.000324, Loss: 0.1590
2026-09-18 21:34:30.385307 Epoch [082/200], Step [0200/0318], LR: 0.000324, Loss: 0.1680
2026-09-18 21:34:57.586118 Epoch [082/200], Step [0300/0318], LR: 0.000324, Loss: 0.1651
2026-09-18 21:35:02.547103 Epoch [082/200], Step [0318/0318], LR: 0.000324, Loss: 0.1753
Epoch: 82, Dataset: test, Dice: 0.6052, IoU: 0.4699
Epoch: 82, Dataset: val, Dice: 0.6008, IoU: 0.4713
2026-09-18 21:35:33.941686 Epoch [083/200], Step [0100/0318], LR: 0.000320, Loss: 0.1680
2026-09-18 21:36:01.121287 Epoch [083/200], Step [0200/0318], LR: 0.000320, Loss: 0.1720
2026-09-18 21:36:27.980000 Epoch [083/200], Step [0300/0318], LR: 0.000320, Loss: 0.1627
2026-09-18 21:36:32.743417 Epoch [083/200], Step [0318/0318], LR: 0.000320, Loss: 0.1644
Epoch: 83, Dataset: test, Dice: 0.8439, IoU: 0.7494
Epoch: 83, Dataset: val, Dice: 0.8266, IoU: 0.7254
2026-09-18 21:37:03.919291 Epoch [084/200], Step [0100/0318], LR: 0.000316, Loss: 0.1604
2026-09-18 21:37:31.020027 Epoch [084/200], Step [0200/0318], LR: 0.000316, Loss: 0.1649
2026-09-18 21:37:58.259821 Epoch [084/200], Step [0300/0318], LR: 0.000316, Loss: 0.1573
2026-09-18 21:38:03.072134 Epoch [084/200], Step [0318/0318], LR: 0.000316, Loss: 0.1606
Epoch: 84, Dataset: test, Dice: 0.7655, IoU: 0.6669
Epoch: 84, Dataset: val, Dice: 0.7874, IoU: 0.6741
2026-09-18 21:38:35.141146 Epoch [085/200], Step [0100/0318], LR: 0.000313, Loss: 0.1699
2026-09-18 21:39:02.776524 Epoch [085/200], Step [0200/0318], LR: 0.000313, Loss: 0.1570
2026-09-18 21:39:29.520750 Epoch [085/200], Step [0300/0318], LR: 0.000313, Loss: 0.1640
2026-09-18 21:39:34.372564 Epoch [085/200], Step [0318/0318], LR: 0.000313, Loss: 0.1659
Epoch: 85, Dataset: test, Dice: 0.8481, IoU: 0.7583
Epoch: 85, Dataset: val, Dice: 0.8297, IoU: 0.7274
2026-09-18 21:40:05.117777 Epoch [086/200], Step [0100/0318], LR: 0.000309, Loss: 0.1626
2026-09-18 21:40:31.856454 Epoch [086/200], Step [0200/0318], LR: 0.000309, Loss: 0.1651
2026-09-18 21:40:58.344465 Epoch [086/200], Step [0300/0318], LR: 0.000309, Loss: 0.1616
2026-09-18 21:41:03.208848 Epoch [086/200], Step [0318/0318], LR: 0.000309, Loss: 0.1661
Epoch: 86, Dataset: test, Dice: 0.3710, IoU: 0.2510
Epoch: 86, Dataset: val, Dice: 0.5346, IoU: 0.4062
2026-09-18 21:41:34.621329 Epoch [087/200], Step [0100/0318], LR: 0.000305, Loss: 0.1664
2026-09-18 21:42:02.208328 Epoch [087/200], Step [0200/0318], LR: 0.000305, Loss: 0.1669
2026-09-18 21:42:29.685110 Epoch [087/200], Step [0300/0318], LR: 0.000305, Loss: 0.1706
2026-09-18 21:42:34.723767 Epoch [087/200], Step [0318/0318], LR: 0.000305, Loss: 0.1689
Epoch: 87, Dataset: test, Dice: 0.4937, IoU: 0.3901
Epoch: 87, Dataset: val, Dice: 0.5950, IoU: 0.4878
2026-09-18 21:43:06.251020 Epoch [088/200], Step [0100/0318], LR: 0.000301, Loss: 0.1599
2026-09-18 21:43:33.902342 Epoch [088/200], Step [0200/0318], LR: 0.000301, Loss: 0.1564
2026-09-18 21:44:02.578741 Epoch [088/200], Step [0300/0318], LR: 0.000301, Loss: 0.1648
2026-09-18 21:44:07.543593 Epoch [088/200], Step [0318/0318], LR: 0.000301, Loss: 0.1654
Epoch: 88, Dataset: test, Dice: 0.7939, IoU: 0.6952
Epoch: 88, Dataset: val, Dice: 0.8025, IoU: 0.6974
2026-09-18 21:44:39.380850 Epoch [089/200], Step [0100/0318], LR: 0.000297, Loss: 0.1583
2026-09-18 21:45:07.998566 Epoch [089/200], Step [0200/0318], LR: 0.000297, Loss: 0.1599
2026-09-18 21:45:35.716274 Epoch [089/200], Step [0300/0318], LR: 0.000297, Loss: 0.1689
2026-09-18 21:45:40.598817 Epoch [089/200], Step [0318/0318], LR: 0.000297, Loss: 0.1624
Epoch: 89, Dataset: test, Dice: 0.4863, IoU: 0.3795
Epoch: 89, Dataset: val, Dice: 0.5980, IoU: 0.4922
2026-09-18 21:46:11.258069 Epoch [090/200], Step [0100/0318], LR: 0.000293, Loss: 0.1587
2026-09-18 21:46:37.164978 Epoch [090/200], Step [0200/0318], LR: 0.000293, Loss: 0.1624
2026-09-18 21:47:03.450766 Epoch [090/200], Step [0300/0318], LR: 0.000293, Loss: 0.1714
2026-09-18 21:47:08.018964 Epoch [090/200], Step [0318/0318], LR: 0.000293, Loss: 0.1663
Epoch: 90, Dataset: test, Dice: 0.8464, IoU: 0.7567
Epoch: 90, Dataset: val, Dice: 0.8259, IoU: 0.7247
2026-09-18 21:47:37.857375 Epoch [091/200], Step [0100/0318], LR: 0.000290, Loss: 0.1564
2026-09-18 21:48:04.035077 Epoch [091/200], Step [0200/0318], LR: 0.000290, Loss: 0.1651
2026-09-18 21:48:30.865836 Epoch [091/200], Step [0300/0318], LR: 0.000290, Loss: 0.1644
2026-09-18 21:48:35.402713 Epoch [091/200], Step [0318/0318], LR: 0.000290, Loss: 0.1636
Epoch: 91, Dataset: test, Dice: 0.8457, IoU: 0.7537
Epoch: 91, Dataset: val, Dice: 0.8406, IoU: 0.7396
2026-09-18 21:49:05.697914 Epoch [092/200], Step [0100/0318], LR: 0.000286, Loss: 0.1652
2026-09-18 21:49:32.682995 Epoch [092/200], Step [0200/0318], LR: 0.000286, Loss: 0.1551
2026-09-18 21:49:59.217062 Epoch [092/200], Step [0300/0318], LR: 0.000286, Loss: 0.1598
2026-09-18 21:50:03.869148 Epoch [092/200], Step [0318/0318], LR: 0.000286, Loss: 0.1619
Epoch: 92, Dataset: test, Dice: 0.6549, IoU: 0.5530
Epoch: 92, Dataset: val, Dice: 0.7442, IoU: 0.6507
2026-09-18 21:50:34.804064 Epoch [093/200], Step [0100/0318], LR: 0.000282, Loss: 0.1580
2026-09-18 21:51:02.252187 Epoch [093/200], Step [0200/0318], LR: 0.000282, Loss: 0.1572
2026-09-18 21:51:30.043432 Epoch [093/200], Step [0300/0318], LR: 0.000282, Loss: 0.1616
2026-09-18 21:51:34.606572 Epoch [093/200], Step [0318/0318], LR: 0.000282, Loss: 0.1625
Epoch: 93, Dataset: test, Dice: 0.8480, IoU: 0.7633
Epoch: 93, Dataset: val, Dice: 0.8361, IoU: 0.7338
2026-09-18 21:52:05.857418 Epoch [094/200], Step [0100/0318], LR: 0.000278, Loss: 0.1633
2026-09-18 21:52:32.836689 Epoch [094/200], Step [0200/0318], LR: 0.000278, Loss: 0.1594
2026-09-18 21:52:59.594057 Epoch [094/200], Step [0300/0318], LR: 0.000278, Loss: 0.1547
2026-09-18 21:53:04.254996 Epoch [094/200], Step [0318/0318], LR: 0.000278, Loss: 0.1601
Epoch: 94, Dataset: test, Dice: 0.7777, IoU: 0.6771
Epoch: 94, Dataset: val, Dice: 0.7861, IoU: 0.6820
2026-09-18 21:53:34.681191 Epoch [095/200], Step [0100/0318], LR: 0.000274, Loss: 0.1563
2026-09-18 21:54:00.543888 Epoch [095/200], Step [0200/0318], LR: 0.000274, Loss: 0.1637
2026-09-18 21:54:27.194269 Epoch [095/200], Step [0300/0318], LR: 0.000274, Loss: 0.1529
2026-09-18 21:54:31.795442 Epoch [095/200], Step [0318/0318], LR: 0.000274, Loss: 0.1607
Epoch: 95, Dataset: test, Dice: 0.8455, IoU: 0.7532
Epoch: 95, Dataset: val, Dice: 0.8303, IoU: 0.7325
2026-09-18 21:55:02.019281 Epoch [096/200], Step [0100/0318], LR: 0.000270, Loss: 0.1590
2026-09-18 21:55:27.699159 Epoch [096/200], Step [0200/0318], LR: 0.000270, Loss: 0.1644
2026-09-18 21:55:53.599682 Epoch [096/200], Step [0300/0318], LR: 0.000270, Loss: 0.1572
2026-09-18 21:55:58.122076 Epoch [096/200], Step [0318/0318], LR: 0.000270, Loss: 0.1638
Epoch: 96, Dataset: test, Dice: 0.7397, IoU: 0.6273
Epoch: 96, Dataset: val, Dice: 0.7278, IoU: 0.6044
2026-09-18 21:56:28.486908 Epoch [097/200], Step [0100/0318], LR: 0.000266, Loss: 0.1655
2026-09-18 21:56:54.736282 Epoch [097/200], Step [0200/0318], LR: 0.000266, Loss: 0.1566
2026-09-18 21:57:20.631296 Epoch [097/200], Step [0300/0318], LR: 0.000266, Loss: 0.1589
2026-09-18 21:57:25.105554 Epoch [097/200], Step [0318/0318], LR: 0.000266, Loss: 0.1545
Epoch: 97, Dataset: test, Dice: 0.8307, IoU: 0.7341
Epoch: 97, Dataset: val, Dice: 0.8302, IoU: 0.7282
2026-09-18 21:57:55.186613 Epoch [098/200], Step [0100/0318], LR: 0.000262, Loss: 0.1566
2026-09-18 21:58:21.034344 Epoch [098/200], Step [0200/0318], LR: 0.000262, Loss: 0.1571
2026-09-18 21:58:46.879984 Epoch [098/200], Step [0300/0318], LR: 0.000262, Loss: 0.1621
2026-09-18 21:58:51.240603 Epoch [098/200], Step [0318/0318], LR: 0.000262, Loss: 0.1605
Epoch: 98, Dataset: test, Dice: 0.8520, IoU: 0.7620
Epoch: 98, Dataset: val, Dice: 0.8368, IoU: 0.7359
2026-09-18 21:59:21.511419 Epoch [099/200], Step [0100/0318], LR: 0.000258, Loss: 0.1612
2026-09-18 21:59:48.743867 Epoch [099/200], Step [0200/0318], LR: 0.000258, Loss: 0.1598
2026-09-18 22:00:15.402391 Epoch [099/200], Step [0300/0318], LR: 0.000258, Loss: 0.1570
2026-09-18 22:00:19.995846 Epoch [099/200], Step [0318/0318], LR: 0.000258, Loss: 0.1539
Epoch: 99, Dataset: test, Dice: 0.6331, IoU: 0.5024
Epoch: 99, Dataset: val, Dice: 0.6321, IoU: 0.4953
2026-09-18 22:00:50.935536 Epoch [100/200], Step [0100/0318], LR: 0.000254, Loss: 0.1556
2026-09-18 22:01:16.890338 Epoch [100/200], Step [0200/0318], LR: 0.000254, Loss: 0.1642
2026-09-18 22:01:43.235998 Epoch [100/200], Step [0300/0318], LR: 0.000254, Loss: 0.1600
2026-09-18 22:01:47.883772 Epoch [100/200], Step [0318/0318], LR: 0.000254, Loss: 0.1546
Epoch: 100, Dataset: test, Dice: 0.7286, IoU: 0.6315
Epoch: 100, Dataset: val, Dice: 0.7648, IoU: 0.6770
2026-09-18 22:02:18.169986 Epoch [101/200], Step [0100/0318], LR: 0.000250, Loss: 0.1576
2026-09-18 22:02:43.943734 Epoch [101/200], Step [0200/0318], LR: 0.000250, Loss: 0.1550
2026-09-18 22:03:10.477888 Epoch [101/200], Step [0300/0318], LR: 0.000250, Loss: 0.1595
2026-09-18 22:03:15.238583 Epoch [101/200], Step [0318/0318], LR: 0.000250, Loss: 0.1571
Epoch: 101, Dataset: test, Dice: 0.8373, IoU: 0.7426
Epoch: 101, Dataset: val, Dice: 0.8330, IoU: 0.7371
2026-09-18 22:03:46.441645 Epoch [102/200], Step [0100/0318], LR: 0.000247, Loss: 0.1541
2026-09-18 22:04:12.792448 Epoch [102/200], Step [0200/0318], LR: 0.000247, Loss: 0.1552
2026-09-18 22:04:39.059813 Epoch [102/200], Step [0300/0318], LR: 0.000247, Loss: 0.1618
2026-09-18 22:04:43.825169 Epoch [102/200], Step [0318/0318], LR: 0.000247, Loss: 0.1683
Epoch: 102, Dataset: test, Dice: 0.8360, IoU: 0.7415
Epoch: 102, Dataset: val, Dice: 0.8293, IoU: 0.7328
2026-09-18 22:05:14.362730 Epoch [103/200], Step [0100/0318], LR: 0.000243, Loss: 0.1568
2026-09-18 22:05:39.905062 Epoch [103/200], Step [0200/0318], LR: 0.000243, Loss: 0.1584
2026-09-18 22:06:06.909815 Epoch [103/200], Step [0300/0318], LR: 0.000243, Loss: 0.1610
2026-09-18 22:06:11.531749 Epoch [103/200], Step [0318/0318], LR: 0.000243, Loss: 0.1615
Epoch: 103, Dataset: test, Dice: 0.6155, IoU: 0.5060
Epoch: 103, Dataset: val, Dice: 0.7184, IoU: 0.6182
2026-09-18 22:06:41.263524 Epoch [104/200], Step [0100/0318], LR: 0.000239, Loss: 0.1604
2026-09-18 22:07:07.220784 Epoch [104/200], Step [0200/0318], LR: 0.000239, Loss: 0.1570
2026-09-18 22:07:33.528970 Epoch [104/200], Step [0300/0318], LR: 0.000239, Loss: 0.1594
2026-09-18 22:07:38.179966 Epoch [104/200], Step [0318/0318], LR: 0.000239, Loss: 0.1607
Epoch: 104, Dataset: test, Dice: 0.7176, IoU: 0.6167
Epoch: 104, Dataset: val, Dice: 0.7933, IoU: 0.6910
2026-09-18 22:08:09.099006 Epoch [105/200], Step [0100/0318], LR: 0.000235, Loss: 0.1493
2026-09-18 22:08:35.519695 Epoch [105/200], Step [0200/0318], LR: 0.000235, Loss: 0.1618
2026-09-18 22:09:02.127583 Epoch [105/200], Step [0300/0318], LR: 0.000235, Loss: 0.1561
2026-09-18 22:09:06.807154 Epoch [105/200], Step [0318/0318], LR: 0.000235, Loss: 0.1569
Epoch: 105, Dataset: test, Dice: 0.8473, IoU: 0.7590
Epoch: 105, Dataset: val, Dice: 0.8317, IoU: 0.7282
2026-09-18 22:09:37.118515 Epoch [106/200], Step [0100/0318], LR: 0.000231, Loss: 0.1546
2026-09-18 22:10:03.637484 Epoch [106/200], Step [0200/0318], LR: 0.000231, Loss: 0.1594
2026-09-18 22:10:30.018097 Epoch [106/200], Step [0300/0318], LR: 0.000231, Loss: 0.1522
2026-09-18 22:10:34.720467 Epoch [106/200], Step [0318/0318], LR: 0.000231, Loss: 0.1592
Epoch: 106, Dataset: test, Dice: 0.8475, IoU: 0.7587
Epoch: 106, Dataset: val, Dice: 0.8361, IoU: 0.7365
2026-09-18 22:11:05.497785 Epoch [107/200], Step [0100/0318], LR: 0.000227, Loss: 0.1531
2026-09-18 22:11:32.237779 Epoch [107/200], Step [0200/0318], LR: 0.000227, Loss: 0.1619
2026-09-18 22:11:58.331193 Epoch [107/200], Step [0300/0318], LR: 0.000227, Loss: 0.1549
2026-09-18 22:12:02.927840 Epoch [107/200], Step [0318/0318], LR: 0.000227, Loss: 0.1599
Epoch: 107, Dataset: test, Dice: 0.6780, IoU: 0.5623
Epoch: 107, Dataset: val, Dice: 0.7516, IoU: 0.6517
2026-09-18 22:12:33.934955 Epoch [108/200], Step [0100/0318], LR: 0.000223, Loss: 0.1571
2026-09-18 22:13:00.947414 Epoch [108/200], Step [0200/0318], LR: 0.000223, Loss: 0.1477
2026-09-18 22:13:27.468602 Epoch [108/200], Step [0300/0318], LR: 0.000223, Loss: 0.1520
2026-09-18 22:13:32.032621 Epoch [108/200], Step [0318/0318], LR: 0.000223, Loss: 0.1516
Epoch: 108, Dataset: test, Dice: 0.8339, IoU: 0.7382
Epoch: 108, Dataset: val, Dice: 0.8356, IoU: 0.7354
2026-09-18 22:14:03.094744 Epoch [109/200], Step [0100/0318], LR: 0.000219, Loss: 0.1554
2026-09-18 22:14:29.886348 Epoch [109/200], Step [0200/0318], LR: 0.000219, Loss: 0.1508
2026-09-18 22:14:57.283528 Epoch [109/200], Step [0300/0318], LR: 0.000219, Loss: 0.1558
2026-09-18 22:15:02.055905 Epoch [109/200], Step [0318/0318], LR: 0.000219, Loss: 0.1517
Epoch: 109, Dataset: test, Dice: 0.5525, IoU: 0.4213
Epoch: 109, Dataset: val, Dice: 0.5410, IoU: 0.4068
2026-09-18 22:15:33.877999 Epoch [110/200], Step [0100/0318], LR: 0.000215, Loss: 0.1566
2026-09-18 22:16:01.034308 Epoch [110/200], Step [0200/0318], LR: 0.000215, Loss: 0.1577
2026-09-18 22:16:27.933646 Epoch [110/200], Step [0300/0318], LR: 0.000215, Loss: 0.1479
2026-09-18 22:16:32.587211 Epoch [110/200], Step [0318/0318], LR: 0.000215, Loss: 0.1531
Epoch: 110, Dataset: test, Dice: 0.7482, IoU: 0.6488
Epoch: 110, Dataset: val, Dice: 0.7897, IoU: 0.6738
2026-09-18 22:17:03.447941 Epoch [111/200], Step [0100/0318], LR: 0.000211, Loss: 0.1520
2026-09-18 22:17:30.790951 Epoch [111/200], Step [0200/0318], LR: 0.000211, Loss: 0.1541
2026-09-18 22:17:58.063504 Epoch [111/200], Step [0300/0318], LR: 0.000211, Loss: 0.1542
2026-09-18 22:18:02.760837 Epoch [111/200], Step [0318/0318], LR: 0.000211, Loss: 0.1573
Epoch: 111, Dataset: test, Dice: 0.8308, IoU: 0.7432
Epoch: 111, Dataset: val, Dice: 0.8129, IoU: 0.7035
2026-09-18 22:18:33.816512 Epoch [112/200], Step [0100/0318], LR: 0.000208, Loss: 0.1489
2026-09-18 22:19:01.087792 Epoch [112/200], Step [0200/0318], LR: 0.000208, Loss: 0.1559
2026-09-18 22:19:28.581764 Epoch [112/200], Step [0300/0318], LR: 0.000208, Loss: 0.1534
2026-09-18 22:19:33.181196 Epoch [112/200], Step [0318/0318], LR: 0.000208, Loss: 0.1629
Epoch: 112, Dataset: test, Dice: 0.6130, IoU: 0.4862
Epoch: 112, Dataset: val, Dice: 0.6472, IoU: 0.5097
2026-09-18 22:20:04.936597 Epoch [113/200], Step [0100/0318], LR: 0.000204, Loss: 0.1583
2026-09-18 22:20:31.747550 Epoch [113/200], Step [0200/0318], LR: 0.000204, Loss: 0.1552
2026-09-18 22:20:58.804345 Epoch [113/200], Step [0300/0318], LR: 0.000204, Loss: 0.1580
2026-09-18 22:21:03.478809 Epoch [113/200], Step [0318/0318], LR: 0.000204, Loss: 0.1669
Epoch: 113, Dataset: test, Dice: 0.8518, IoU: 0.7694
Epoch: 113, Dataset: val, Dice: 0.8330, IoU: 0.7339
2026-09-18 22:21:34.050993 Epoch [114/200], Step [0100/0318], LR: 0.000200, Loss: 0.1531
2026-09-18 22:22:00.811431 Epoch [114/200], Step [0200/0318], LR: 0.000200, Loss: 0.1489
2026-09-18 22:22:26.560457 Epoch [114/200], Step [0300/0318], LR: 0.000200, Loss: 0.1560
2026-09-18 22:22:31.007607 Epoch [114/200], Step [0318/0318], LR: 0.000200, Loss: 0.1532
Epoch: 114, Dataset: test, Dice: 0.8085, IoU: 0.7116
Epoch: 114, Dataset: val, Dice: 0.8092, IoU: 0.7026
2026-09-18 22:23:00.754282 Epoch [115/200], Step [0100/0318], LR: 0.000196, Loss: 0.1540
2026-09-18 22:23:26.601987 Epoch [115/200], Step [0200/0318], LR: 0.000196, Loss: 0.1538
2026-09-18 22:23:52.767525 Epoch [115/200], Step [0300/0318], LR: 0.000196, Loss: 0.1523
2026-09-18 22:23:57.297795 Epoch [115/200], Step [0318/0318], LR: 0.000196, Loss: 0.1538
Epoch: 115, Dataset: test, Dice: 0.8421, IoU: 0.7489
Epoch: 115, Dataset: val, Dice: 0.8342, IoU: 0.7361
2026-09-18 22:24:27.553685 Epoch [116/200], Step [0100/0318], LR: 0.000192, Loss: 0.1512
2026-09-18 22:24:53.126138 Epoch [116/200], Step [0200/0318], LR: 0.000192, Loss: 0.1501
2026-09-18 22:25:18.973469 Epoch [116/200], Step [0300/0318], LR: 0.000192, Loss: 0.1536
2026-09-18 22:25:23.640299 Epoch [116/200], Step [0318/0318], LR: 0.000192, Loss: 0.1525
Epoch: 116, Dataset: test, Dice: 0.8456, IoU: 0.7569
Epoch: 116, Dataset: val, Dice: 0.8400, IoU: 0.7420
2026-09-18 22:25:53.590679 Epoch [117/200], Step [0100/0318], LR: 0.000188, Loss: 0.1529
2026-09-18 22:26:19.363311 Epoch [117/200], Step [0200/0318], LR: 0.000188, Loss: 0.1451
2026-09-18 22:26:45.388219 Epoch [117/200], Step [0300/0318], LR: 0.000188, Loss: 0.1468
2026-09-18 22:26:50.002706 Epoch [117/200], Step [0318/0318], LR: 0.000188, Loss: 0.1492
Epoch: 117, Dataset: test, Dice: 0.7763, IoU: 0.6770
Epoch: 117, Dataset: val, Dice: 0.7767, IoU: 0.6726
2026-09-18 22:27:19.752617 Epoch [118/200], Step [0100/0318], LR: 0.000185, Loss: 0.1486
2026-09-18 22:27:45.403318 Epoch [118/200], Step [0200/0318], LR: 0.000185, Loss: 0.1531
2026-09-18 22:28:11.404880 Epoch [118/200], Step [0300/0318], LR: 0.000185, Loss: 0.1497
2026-09-18 22:28:16.094874 Epoch [118/200], Step [0318/0318], LR: 0.000185, Loss: 0.1499
Epoch: 118, Dataset: test, Dice: 0.8435, IoU: 0.7560
Epoch: 118, Dataset: val, Dice: 0.8324, IoU: 0.7278
2026-09-18 22:28:46.035610 Epoch [119/200], Step [0100/0318], LR: 0.000181, Loss: 0.1483
2026-09-18 22:29:11.079597 Epoch [119/200], Step [0200/0318], LR: 0.000181, Loss: 0.1533
2026-09-18 22:29:36.476504 Epoch [119/200], Step [0300/0318], LR: 0.000181, Loss: 0.1551
2026-09-18 22:29:40.669628 Epoch [119/200], Step [0318/0318], LR: 0.000181, Loss: 0.1541
Epoch: 119, Dataset: test, Dice: 0.7147, IoU: 0.6069
Epoch: 119, Dataset: val, Dice: 0.7619, IoU: 0.6578
2026-09-18 22:30:10.209634 Epoch [120/200], Step [0100/0318], LR: 0.000177, Loss: 0.1573
2026-09-18 22:30:36.276438 Epoch [120/200], Step [0200/0318], LR: 0.000177, Loss: 0.1555
2026-09-18 22:31:02.825241 Epoch [120/200], Step [0300/0318], LR: 0.000177, Loss: 0.1498
2026-09-18 22:31:07.519019 Epoch [120/200], Step [0318/0318], LR: 0.000177, Loss: 0.1464
Epoch: 120, Dataset: test, Dice: 0.8460, IoU: 0.7570
Epoch: 120, Dataset: val, Dice: 0.8381, IoU: 0.7376
2026-09-18 22:31:37.755315 Epoch [121/200], Step [0100/0318], LR: 0.000173, Loss: 0.1504
2026-09-18 22:32:04.757351 Epoch [121/200], Step [0200/0318], LR: 0.000173, Loss: 0.1496
2026-09-18 22:32:31.929978 Epoch [121/200], Step [0300/0318], LR: 0.000173, Loss: 0.1453
2026-09-18 22:32:36.603161 Epoch [121/200], Step [0318/0318], LR: 0.000173, Loss: 0.1467
Epoch: 121, Dataset: test, Dice: 0.8483, IoU: 0.7619
Epoch: 121, Dataset: val, Dice: 0.8330, IoU: 0.7290
2026-09-18 22:33:07.217633 Epoch [122/200], Step [0100/0318], LR: 0.000170, Loss: 0.1546
2026-09-18 22:33:34.415606 Epoch [122/200], Step [0200/0318], LR: 0.000170, Loss: 0.1526
2026-09-18 22:34:00.619660 Epoch [122/200], Step [0300/0318], LR: 0.000170, Loss: 0.1491
2026-09-18 22:34:05.454148 Epoch [122/200], Step [0318/0318], LR: 0.000170, Loss: 0.1520
Epoch: 122, Dataset: test, Dice: 0.8460, IoU: 0.7564
Epoch: 122, Dataset: val, Dice: 0.8312, IoU: 0.7268
2026-09-18 22:34:36.563594 Epoch [123/200], Step [0100/0318], LR: 0.000166, Loss: 0.1474
2026-09-18 22:35:03.713560 Epoch [123/200], Step [0200/0318], LR: 0.000166, Loss: 0.1520
2026-09-18 22:35:30.710337 Epoch [123/200], Step [0300/0318], LR: 0.000166, Loss: 0.1483
2026-09-18 22:35:35.586034 Epoch [123/200], Step [0318/0318], LR: 0.000166, Loss: 0.1453
Epoch: 123, Dataset: test, Dice: 0.7615, IoU: 0.6603
Epoch: 123, Dataset: val, Dice: 0.7863, IoU: 0.6798
2026-09-18 22:36:07.651647 Epoch [124/200], Step [0100/0318], LR: 0.000162, Loss: 0.1491
2026-09-18 22:36:34.978132 Epoch [124/200], Step [0200/0318], LR: 0.000162, Loss: 0.1509
2026-09-18 22:37:03.237117 Epoch [124/200], Step [0300/0318], LR: 0.000162, Loss: 0.1500
2026-09-18 22:37:08.229891 Epoch [124/200], Step [0318/0318], LR: 0.000162, Loss: 0.1468
Epoch: 124, Dataset: test, Dice: 0.7563, IoU: 0.6489
Epoch: 124, Dataset: val, Dice: 0.7753, IoU: 0.6751
2026-09-18 22:37:40.495795 Epoch [125/200], Step [0100/0318], LR: 0.000159, Loss: 0.1487
2026-09-18 22:38:07.613271 Epoch [125/200], Step [0200/0318], LR: 0.000159, Loss: 0.1517
2026-09-18 22:38:34.507960 Epoch [125/200], Step [0300/0318], LR: 0.000159, Loss: 0.1536
2026-09-18 22:38:39.166847 Epoch [125/200], Step [0318/0318], LR: 0.000159, Loss: 0.1540
Epoch: 125, Dataset: test, Dice: 0.8347, IoU: 0.7427
Epoch: 125, Dataset: val, Dice: 0.8423, IoU: 0.7448
2026-09-18 22:39:11.272117 Epoch [126/200], Step [0100/0318], LR: 0.000155, Loss: 0.1512
2026-09-18 22:39:39.106150 Epoch [126/200], Step [0200/0318], LR: 0.000155, Loss: 0.1472
2026-09-18 22:40:05.870120 Epoch [126/200], Step [0300/0318], LR: 0.000155, Loss: 0.1505
2026-09-18 22:40:10.442729 Epoch [126/200], Step [0318/0318], LR: 0.000155, Loss: 0.1522
Epoch: 126, Dataset: test, Dice: 0.6084, IoU: 0.4970
Epoch: 126, Dataset: val, Dice: 0.7131, IoU: 0.6127
2026-09-18 22:40:41.544509 Epoch [127/200], Step [0100/0318], LR: 0.000151, Loss: 0.1445
2026-09-18 22:41:08.164163 Epoch [127/200], Step [0200/0318], LR: 0.000151, Loss: 0.1458
2026-09-18 22:41:34.464778 Epoch [127/200], Step [0300/0318], LR: 0.000151, Loss: 0.1427
2026-09-18 22:41:39.024190 Epoch [127/200], Step [0318/0318], LR: 0.000151, Loss: 0.1416
Epoch: 127, Dataset: test, Dice: 0.5843, IoU: 0.4810
Epoch: 127, Dataset: val, Dice: 0.6858, IoU: 0.5876
2026-09-18 22:42:10.093799 Epoch [128/200], Step [0100/0318], LR: 0.000148, Loss: 0.1530
2026-09-18 22:42:37.421053 Epoch [128/200], Step [0200/0318], LR: 0.000148, Loss: 0.1431
2026-09-18 22:43:04.120726 Epoch [128/200], Step [0300/0318], LR: 0.000148, Loss: 0.1443
2026-09-18 22:43:08.820626 Epoch [128/200], Step [0318/0318], LR: 0.000148, Loss: 0.1496
Epoch: 128, Dataset: test, Dice: 0.5743, IoU: 0.4404
Epoch: 128, Dataset: val, Dice: 0.5585, IoU: 0.4251
2026-09-18 22:43:39.565003 Epoch [129/200], Step [0100/0318], LR: 0.000144, Loss: 0.1473
2026-09-18 22:44:05.930007 Epoch [129/200], Step [0200/0318], LR: 0.000144, Loss: 0.1502
2026-09-18 22:44:32.643526 Epoch [129/200], Step [0300/0318], LR: 0.000144, Loss: 0.1413
2026-09-18 22:44:37.378245 Epoch [129/200], Step [0318/0318], LR: 0.000144, Loss: 0.1434
Epoch: 129, Dataset: test, Dice: 0.7611, IoU: 0.6626
Epoch: 129, Dataset: val, Dice: 0.7862, IoU: 0.6826
2026-09-18 22:45:08.372706 Epoch [130/200], Step [0100/0318], LR: 0.000141, Loss: 0.1481
2026-09-18 22:45:35.588964 Epoch [130/200], Step [0200/0318], LR: 0.000141, Loss: 0.1449
2026-09-18 22:46:02.192279 Epoch [130/200], Step [0300/0318], LR: 0.000141, Loss: 0.1536
2026-09-18 22:46:06.666946 Epoch [130/200], Step [0318/0318], LR: 0.000141, Loss: 0.1519
Epoch: 130, Dataset: test, Dice: 0.6334, IoU: 0.5017
Epoch: 130, Dataset: val, Dice: 0.6204, IoU: 0.4870
2026-09-18 22:46:36.382319 Epoch [131/200], Step [0100/0318], LR: 0.000137, Loss: 0.1545
2026-09-18 22:47:02.056989 Epoch [131/200], Step [0200/0318], LR: 0.000137, Loss: 0.1491
2026-09-18 22:47:27.895334 Epoch [131/200], Step [0300/0318], LR: 0.000137, Loss: 0.1490
2026-09-18 22:47:32.371613 Epoch [131/200], Step [0318/0318], LR: 0.000137, Loss: 0.1419
Epoch: 131, Dataset: test, Dice: 0.8444, IoU: 0.7568
Epoch: 131, Dataset: val, Dice: 0.8343, IoU: 0.7306
2026-09-18 22:48:02.529132 Epoch [132/200], Step [0100/0318], LR: 0.000134, Loss: 0.1481
2026-09-18 22:48:28.397918 Epoch [132/200], Step [0200/0318], LR: 0.000134, Loss: 0.1445
2026-09-18 22:48:54.574435 Epoch [132/200], Step [0300/0318], LR: 0.000134, Loss: 0.1467
2026-09-18 22:48:58.956045 Epoch [132/200], Step [0318/0318], LR: 0.000134, Loss: 0.1488
Epoch: 132, Dataset: test, Dice: 0.7599, IoU: 0.6580
Epoch: 132, Dataset: val, Dice: 0.7608, IoU: 0.6425
2026-09-18 22:49:28.739302 Epoch [133/200], Step [0100/0318], LR: 0.000130, Loss: 0.1481
2026-09-18 22:49:55.580156 Epoch [133/200], Step [0200/0318], LR: 0.000130, Loss: 0.1420
2026-09-18 22:50:21.943492 Epoch [133/200], Step [0300/0318], LR: 0.000130, Loss: 0.1417
2026-09-18 22:50:26.480556 Epoch [133/200], Step [0318/0318], LR: 0.000130, Loss: 0.1452
Epoch: 133, Dataset: test, Dice: 0.7593, IoU: 0.6605
Epoch: 133, Dataset: val, Dice: 0.7760, IoU: 0.6814
2026-09-18 22:50:56.671639 Epoch [134/200], Step [0100/0318], LR: 0.000127, Loss: 0.1487
2026-09-18 22:51:23.180018 Epoch [134/200], Step [0200/0318], LR: 0.000127, Loss: 0.1404
2026-09-18 22:51:49.146440 Epoch [134/200], Step [0300/0318], LR: 0.000127, Loss: 0.1433
2026-09-18 22:51:54.260392 Epoch [134/200], Step [0318/0318], LR: 0.000127, Loss: 0.1505
Epoch: 134, Dataset: test, Dice: 0.8476, IoU: 0.7597
Epoch: 134, Dataset: val, Dice: 0.8326, IoU: 0.7322
2026-09-18 22:52:25.220678 Epoch [135/200], Step [0100/0318], LR: 0.000123, Loss: 0.1468
2026-09-18 22:52:52.167864 Epoch [135/200], Step [0200/0318], LR: 0.000123, Loss: 0.1463
2026-09-18 22:53:18.494473 Epoch [135/200], Step [0300/0318], LR: 0.000123, Loss: 0.1494
2026-09-18 22:53:22.785611 Epoch [135/200], Step [0318/0318], LR: 0.000123, Loss: 0.1512
Epoch: 135, Dataset: test, Dice: 0.7577, IoU: 0.6596
Epoch: 135, Dataset: val, Dice: 0.7762, IoU: 0.6554
2026-09-18 22:53:53.442103 Epoch [136/200], Step [0100/0318], LR: 0.000120, Loss: 0.1362
2026-09-18 22:54:19.143670 Epoch [136/200], Step [0200/0318], LR: 0.000120, Loss: 0.1478
2026-09-18 22:54:45.221263 Epoch [136/200], Step [0300/0318], LR: 0.000120, Loss: 0.1482
2026-09-18 22:54:49.635505 Epoch [136/200], Step [0318/0318], LR: 0.000120, Loss: 0.1467
Epoch: 136, Dataset: test, Dice: 0.8148, IoU: 0.7158
Epoch: 136, Dataset: val, Dice: 0.8108, IoU: 0.7044
2026-09-18 22:55:19.992103 Epoch [137/200], Step [0100/0318], LR: 0.000117, Loss: 0.1477
2026-09-18 22:55:46.208746 Epoch [137/200], Step [0200/0318], LR: 0.000117, Loss: 0.1459
2026-09-18 22:56:12.306921 Epoch [137/200], Step [0300/0318], LR: 0.000117, Loss: 0.1450
2026-09-18 22:56:16.938696 Epoch [137/200], Step [0318/0318], LR: 0.000117, Loss: 0.1391
Epoch: 137, Dataset: test, Dice: 0.6124, IoU: 0.5015
Epoch: 137, Dataset: val, Dice: 0.7155, IoU: 0.6253
2026-09-18 22:56:47.129812 Epoch [138/200], Step [0100/0318], LR: 0.000114, Loss: 0.1423
2026-09-18 22:57:13.408451 Epoch [138/200], Step [0200/0318], LR: 0.000114, Loss: 0.1423
2026-09-18 22:57:38.916840 Epoch [138/200], Step [0300/0318], LR: 0.000114, Loss: 0.1446
2026-09-18 22:57:43.415036 Epoch [138/200], Step [0318/0318], LR: 0.000114, Loss: 0.1463
Epoch: 138, Dataset: test, Dice: 0.8424, IoU: 0.7498
Epoch: 138, Dataset: val, Dice: 0.8341, IoU: 0.7327
2026-09-18 22:58:12.871742 Epoch [139/200], Step [0100/0318], LR: 0.000110, Loss: 0.1453
2026-09-18 22:58:38.227426 Epoch [139/200], Step [0200/0318], LR: 0.000110, Loss: 0.1501
2026-09-18 22:59:03.032161 Epoch [139/200], Step [0300/0318], LR: 0.000110, Loss: 0.1456
2026-09-18 22:59:07.905508 Epoch [139/200], Step [0318/0318], LR: 0.000110, Loss: 0.1593
Epoch: 139, Dataset: test, Dice: 0.7099, IoU: 0.5897
Epoch: 139, Dataset: val, Dice: 0.7124, IoU: 0.5822
2026-09-18 22:59:38.094827 Epoch [140/200], Step [0100/0318], LR: 0.000107, Loss: 0.1459
2026-09-18 23:00:04.406285 Epoch [140/200], Step [0200/0318], LR: 0.000107, Loss: 0.1497
2026-09-18 23:00:30.194483 Epoch [140/200], Step [0300/0318], LR: 0.000107, Loss: 0.1447
2026-09-18 23:00:34.683523 Epoch [140/200], Step [0318/0318], LR: 0.000107, Loss: 0.1474
Epoch: 140, Dataset: test, Dice: 0.6851, IoU: 0.5757
Epoch: 140, Dataset: val, Dice: 0.7566, IoU: 0.6549
2026-09-18 23:01:04.648460 Epoch [141/200], Step [0100/0318], LR: 0.000104, Loss: 0.1467
2026-09-18 23:01:31.315129 Epoch [141/200], Step [0200/0318], LR: 0.000104, Loss: 0.1479
2026-09-18 23:01:57.818981 Epoch [141/200], Step [0300/0318], LR: 0.000104, Loss: 0.1449
2026-09-18 23:02:02.536025 Epoch [141/200], Step [0318/0318], LR: 0.000104, Loss: 0.1379
Epoch: 141, Dataset: test, Dice: 0.7883, IoU: 0.6934
Epoch: 141, Dataset: val, Dice: 0.8010, IoU: 0.6969
2026-09-18 23:02:33.277480 Epoch [142/200], Step [0100/0318], LR: 0.000101, Loss: 0.1408
2026-09-18 23:03:00.840750 Epoch [142/200], Step [0200/0318], LR: 0.000101, Loss: 0.1441
2026-09-18 23:03:28.134650 Epoch [142/200], Step [0300/0318], LR: 0.000101, Loss: 0.1476
2026-09-18 23:03:32.895658 Epoch [142/200], Step [0318/0318], LR: 0.000101, Loss: 0.1511
Epoch: 142, Dataset: test, Dice: 0.6338, IoU: 0.5312
Epoch: 142, Dataset: val, Dice: 0.7237, IoU: 0.6319
2026-09-18 23:04:04.544677 Epoch [143/200], Step [0100/0318], LR: 0.000098, Loss: 0.1421
2026-09-18 23:04:32.194067 Epoch [143/200], Step [0200/0318], LR: 0.000098, Loss: 0.1469
2026-09-18 23:04:59.680905 Epoch [143/200], Step [0300/0318], LR: 0.000098, Loss: 0.1397
2026-09-18 23:05:04.527036 Epoch [143/200], Step [0318/0318], LR: 0.000098, Loss: 0.1415
Epoch: 143, Dataset: test, Dice: 0.8264, IoU: 0.7360
Epoch: 143, Dataset: val, Dice: 0.8230, IoU: 0.7130
2026-09-18 23:05:36.366151 Epoch [144/200], Step [0100/0318], LR: 0.000095, Loss: 0.1431
2026-09-18 23:06:04.486386 Epoch [144/200], Step [0200/0318], LR: 0.000095, Loss: 0.1446
2026-09-18 23:06:31.892251 Epoch [144/200], Step [0300/0318], LR: 0.000095, Loss: 0.1383
2026-09-18 23:06:36.614448 Epoch [144/200], Step [0318/0318], LR: 0.000095, Loss: 0.1448
Epoch: 144, Dataset: test, Dice: 0.8454, IoU: 0.7553
Epoch: 144, Dataset: val, Dice: 0.8363, IoU: 0.7351
2026-09-18 23:07:08.296792 Epoch [145/200], Step [0100/0318], LR: 0.000091, Loss: 0.1486
2026-09-18 23:07:36.334089 Epoch [145/200], Step [0200/0318], LR: 0.000091, Loss: 0.1420
2026-09-18 23:08:03.632287 Epoch [145/200], Step [0300/0318], LR: 0.000091, Loss: 0.1468
2026-09-18 23:08:08.245619 Epoch [145/200], Step [0318/0318], LR: 0.000091, Loss: 0.1447
Epoch: 145, Dataset: test, Dice: 0.8379, IoU: 0.7464
Epoch: 145, Dataset: val, Dice: 0.8162, IoU: 0.7075
2026-09-18 23:08:39.372720 Epoch [146/200], Step [0100/0318], LR: 0.000088, Loss: 0.1407
2026-09-18 23:09:06.711076 Epoch [146/200], Step [0200/0318], LR: 0.000088, Loss: 0.1383
2026-09-18 23:09:33.868989 Epoch [146/200], Step [0300/0318], LR: 0.000088, Loss: 0.1454
2026-09-18 23:09:38.423036 Epoch [146/200], Step [0318/0318], LR: 0.000088, Loss: 0.1516
Epoch: 146, Dataset: test, Dice: 0.8375, IoU: 0.7467
Epoch: 146, Dataset: val, Dice: 0.8322, IoU: 0.7304
2026-09-18 23:10:10.309427 Epoch [147/200], Step [0100/0318], LR: 0.000086, Loss: 0.1422
2026-09-18 23:10:38.752883 Epoch [147/200], Step [0200/0318], LR: 0.000086, Loss: 0.1449
2026-09-18 23:11:06.658153 Epoch [147/200], Step [0300/0318], LR: 0.000086, Loss: 0.1452
2026-09-18 23:11:11.550596 Epoch [147/200], Step [0318/0318], LR: 0.000086, Loss: 0.1488
Epoch: 147, Dataset: test, Dice: 0.8434, IoU: 0.7556
Epoch: 147, Dataset: val, Dice: 0.8349, IoU: 0.7318
2026-09-18 23:11:43.285427 Epoch [148/200], Step [0100/0318], LR: 0.000083, Loss: 0.1476
2026-09-18 23:12:10.555349 Epoch [148/200], Step [0200/0318], LR: 0.000083, Loss: 0.1416
2026-09-18 23:12:37.923734 Epoch [148/200], Step [0300/0318], LR: 0.000083, Loss: 0.1473
2026-09-18 23:12:42.743343 Epoch [148/200], Step [0318/0318], LR: 0.000083, Loss: 0.1471
Epoch: 148, Dataset: test, Dice: 0.8246, IoU: 0.7324
Epoch: 148, Dataset: val, Dice: 0.8081, IoU: 0.7033
2026-09-18 23:13:14.585108 Epoch [149/200], Step [0100/0318], LR: 0.000080, Loss: 0.1434
2026-09-18 23:13:42.034065 Epoch [149/200], Step [0200/0318], LR: 0.000080, Loss: 0.1499
2026-09-18 23:14:08.973243 Epoch [149/200], Step [0300/0318], LR: 0.000080, Loss: 0.1463
2026-09-18 23:14:13.801201 Epoch [149/200], Step [0318/0318], LR: 0.000080, Loss: 0.1430
Epoch: 149, Dataset: test, Dice: 0.8497, IoU: 0.7643
Epoch: 149, Dataset: val, Dice: 0.8358, IoU: 0.7346
2026-09-18 23:14:45.786119 Epoch [150/200], Step [0100/0318], LR: 0.000077, Loss: 0.1437
2026-09-18 23:15:12.669125 Epoch [150/200], Step [0200/0318], LR: 0.000077, Loss: 0.1421
2026-09-18 23:15:39.231705 Epoch [150/200], Step [0300/0318], LR: 0.000077, Loss: 0.1412
2026-09-18 23:15:43.727391 Epoch [150/200], Step [0318/0318], LR: 0.000077, Loss: 0.1447
Epoch: 150, Dataset: test, Dice: 0.7252, IoU: 0.6167
Epoch: 150, Dataset: val, Dice: 0.7724, IoU: 0.6686
2026-09-18 23:16:13.851479 Epoch [151/200], Step [0100/0318], LR: 0.000074, Loss: 0.1460
2026-09-18 23:16:40.358357 Epoch [151/200], Step [0200/0318], LR: 0.000074, Loss: 0.1422
2026-09-18 23:17:06.445685 Epoch [151/200], Step [0300/0318], LR: 0.000074, Loss: 0.1405
2026-09-18 23:17:11.805397 Epoch [151/200], Step [0318/0318], LR: 0.000074, Loss: 0.1417
Epoch: 151, Dataset: test, Dice: 0.6524, IoU: 0.5384
Epoch: 151, Dataset: val, Dice: 0.7348, IoU: 0.6392
2026-09-18 23:17:42.291052 Epoch [152/200], Step [0100/0318], LR: 0.000071, Loss: 0.1429
2026-09-18 23:18:08.971666 Epoch [152/200], Step [0200/0318], LR: 0.000071, Loss: 0.1417
2026-09-18 23:18:35.125400 Epoch [152/200], Step [0300/0318], LR: 0.000071, Loss: 0.1439
2026-09-18 23:18:39.469818 Epoch [152/200], Step [0318/0318], LR: 0.000071, Loss: 0.1446
Epoch: 152, Dataset: test, Dice: 0.6394, IoU: 0.5273
Epoch: 152, Dataset: val, Dice: 0.6809, IoU: 0.5537
2026-09-18 23:19:09.650936 Epoch [153/200], Step [0100/0318], LR: 0.000069, Loss: 0.1426
2026-09-18 23:19:35.985997 Epoch [153/200], Step [0200/0318], LR: 0.000069, Loss: 0.1415
2026-09-18 23:20:02.484652 Epoch [153/200], Step [0300/0318], LR: 0.000069, Loss: 0.1465
2026-09-18 23:20:06.945633 Epoch [153/200], Step [0318/0318], LR: 0.000069, Loss: 0.1534
Epoch: 153, Dataset: test, Dice: 0.8235, IoU: 0.7316
Epoch: 153, Dataset: val, Dice: 0.8145, IoU: 0.7115
2026-09-18 23:20:36.607494 Epoch [154/200], Step [0100/0318], LR: 0.000066, Loss: 0.1382
2026-09-18 23:21:02.304229 Epoch [154/200], Step [0200/0318], LR: 0.000066, Loss: 0.1416
2026-09-18 23:21:28.142101 Epoch [154/200], Step [0300/0318], LR: 0.000066, Loss: 0.1405
2026-09-18 23:21:32.721372 Epoch [154/200], Step [0318/0318], LR: 0.000066, Loss: 0.1361
Epoch: 154, Dataset: test, Dice: 0.8413, IoU: 0.7519
Epoch: 154, Dataset: val, Dice: 0.8359, IoU: 0.7318
2026-09-18 23:22:02.977858 Epoch [155/200], Step [0100/0318], LR: 0.000063, Loss: 0.1373
2026-09-18 23:22:28.692692 Epoch [155/200], Step [0200/0318], LR: 0.000063, Loss: 0.1470
2026-09-18 23:22:54.736543 Epoch [155/200], Step [0300/0318], LR: 0.000063, Loss: 0.1462
2026-09-18 23:22:59.115440 Epoch [155/200], Step [0318/0318], LR: 0.000063, Loss: 0.1495
Epoch: 155, Dataset: test, Dice: 0.7932, IoU: 0.6955
Epoch: 155, Dataset: val, Dice: 0.8076, IoU: 0.7034
2026-09-18 23:23:29.385293 Epoch [156/200], Step [0100/0318], LR: 0.000061, Loss: 0.1441
2026-09-18 23:23:54.384855 Epoch [156/200], Step [0200/0318], LR: 0.000061, Loss: 0.1394
2026-09-18 23:24:19.960880 Epoch [156/200], Step [0300/0318], LR: 0.000061, Loss: 0.1389
2026-09-18 23:24:24.250349 Epoch [156/200], Step [0318/0318], LR: 0.000061, Loss: 0.1367
Epoch: 156, Dataset: test, Dice: 0.7481, IoU: 0.6457
Epoch: 156, Dataset: val, Dice: 0.7518, IoU: 0.6360
2026-09-18 23:24:53.609378 Epoch [157/200], Step [0100/0318], LR: 0.000058, Loss: 0.1450
2026-09-18 23:25:19.178781 Epoch [157/200], Step [0200/0318], LR: 0.000058, Loss: 0.1450
2026-09-18 23:25:44.782744 Epoch [157/200], Step [0300/0318], LR: 0.000058, Loss: 0.1429
2026-09-18 23:25:49.024803 Epoch [157/200], Step [0318/0318], LR: 0.000058, Loss: 0.1447
Epoch: 157, Dataset: test, Dice: 0.5212, IoU: 0.4120
Epoch: 157, Dataset: val, Dice: 0.6464, IoU: 0.5452
2026-09-18 23:26:18.385904 Epoch [158/200], Step [0100/0318], LR: 0.000056, Loss: 0.1438
2026-09-18 23:26:42.888472 Epoch [158/200], Step [0200/0318], LR: 0.000056, Loss: 0.1422
2026-09-18 23:27:08.097022 Epoch [158/200], Step [0300/0318], LR: 0.000056, Loss: 0.1427
2026-09-18 23:27:12.465402 Epoch [158/200], Step [0318/0318], LR: 0.000056, Loss: 0.1426
Epoch: 158, Dataset: test, Dice: 0.8390, IoU: 0.7483
Epoch: 158, Dataset: val, Dice: 0.8221, IoU: 0.7145
2026-09-18 23:27:43.079986 Epoch [159/200], Step [0100/0318], LR: 0.000053, Loss: 0.1415
2026-09-18 23:28:09.098132 Epoch [159/200], Step [0200/0318], LR: 0.000053, Loss: 0.1435
2026-09-18 23:28:35.440734 Epoch [159/200], Step [0300/0318], LR: 0.000053, Loss: 0.1440
2026-09-18 23:28:39.863687 Epoch [159/200], Step [0318/0318], LR: 0.000053, Loss: 0.1457
Epoch: 159, Dataset: test, Dice: 0.8396, IoU: 0.7481
Epoch: 159, Dataset: val, Dice: 0.8315, IoU: 0.7284
2026-09-18 23:29:09.763702 Epoch [160/200], Step [0100/0318], LR: 0.000051, Loss: 0.1454
2026-09-18 23:29:36.003241 Epoch [160/200], Step [0200/0318], LR: 0.000051, Loss: 0.1444
2026-09-18 23:30:01.839642 Epoch [160/200], Step [0300/0318], LR: 0.000051, Loss: 0.1404
2026-09-18 23:30:06.433950 Epoch [160/200], Step [0318/0318], LR: 0.000051, Loss: 0.1447
Epoch: 160, Dataset: test, Dice: 0.8351, IoU: 0.7431
Epoch: 160, Dataset: val, Dice: 0.8282, IoU: 0.7245
2026-09-18 23:30:37.139353 Epoch [161/200], Step [0100/0318], LR: 0.000049, Loss: 0.1427
2026-09-18 23:31:03.183053 Epoch [161/200], Step [0200/0318], LR: 0.000049, Loss: 0.1420
2026-09-18 23:31:28.855052 Epoch [161/200], Step [0300/0318], LR: 0.000049, Loss: 0.1405
2026-09-18 23:31:33.199089 Epoch [161/200], Step [0318/0318], LR: 0.000049, Loss: 0.1417
Epoch: 161, Dataset: test, Dice: 0.7882, IoU: 0.6899
Epoch: 161, Dataset: val, Dice: 0.7750, IoU: 0.6533
2026-09-18 23:32:03.445850 Epoch [162/200], Step [0100/0318], LR: 0.000046, Loss: 0.1380
2026-09-18 23:32:29.040642 Epoch [162/200], Step [0200/0318], LR: 0.000046, Loss: 0.1400
2026-09-18 23:32:54.214692 Epoch [162/200], Step [0300/0318], LR: 0.000046, Loss: 0.1426
2026-09-18 23:32:58.626076 Epoch [162/200], Step [0318/0318], LR: 0.000046, Loss: 0.1443
Epoch: 162, Dataset: test, Dice: 0.7915, IoU: 0.6932
Epoch: 162, Dataset: val, Dice: 0.8046, IoU: 0.6988
2026-09-18 23:33:28.424804 Epoch [163/200], Step [0100/0318], LR: 0.000044, Loss: 0.1428
2026-09-18 23:33:54.182679 Epoch [163/200], Step [0200/0318], LR: 0.000044, Loss: 0.1395
2026-09-18 23:34:19.044183 Epoch [163/200], Step [0300/0318], LR: 0.000044, Loss: 0.1395
2026-09-18 23:34:23.147440 Epoch [163/200], Step [0318/0318], LR: 0.000044, Loss: 0.1445
Epoch: 163, Dataset: test, Dice: 0.6884, IoU: 0.5796
Epoch: 163, Dataset: val, Dice: 0.7523, IoU: 0.6484
2026-09-18 23:34:52.859067 Epoch [164/200], Step [0100/0318], LR: 0.000042, Loss: 0.1401
2026-09-18 23:35:18.143724 Epoch [164/200], Step [0200/0318], LR: 0.000042, Loss: 0.1404
2026-09-18 23:35:44.763737 Epoch [164/200], Step [0300/0318], LR: 0.000042, Loss: 0.1402
2026-09-18 23:35:49.095192 Epoch [164/200], Step [0318/0318], LR: 0.000042, Loss: 0.1398
Epoch: 164, Dataset: test, Dice: 0.8343, IoU: 0.7389
Epoch: 164, Dataset: val, Dice: 0.8175, IoU: 0.7119
2026-09-18 23:36:19.806563 Epoch [165/200], Step [0100/0318], LR: 0.000040, Loss: 0.1389
2026-09-18 23:36:44.600197 Epoch [165/200], Step [0200/0318], LR: 0.000040, Loss: 0.1456
2026-09-18 23:37:08.747674 Epoch [165/200], Step [0300/0318], LR: 0.000040, Loss: 0.1379
2026-09-18 23:37:12.871040 Epoch [165/200], Step [0318/0318], LR: 0.000040, Loss: 0.1361
Epoch: 165, Dataset: test, Dice: 0.7619, IoU: 0.6633
Epoch: 165, Dataset: val, Dice: 0.7890, IoU: 0.6817
2026-09-18 23:37:41.744183 Epoch [166/200], Step [0100/0318], LR: 0.000038, Loss: 0.1388
2026-09-18 23:38:07.856989 Epoch [166/200], Step [0200/0318], LR: 0.000038, Loss: 0.1418
2026-09-18 23:38:31.937572 Epoch [166/200], Step [0300/0318], LR: 0.000038, Loss: 0.1444
2026-09-18 23:38:36.054612 Epoch [166/200], Step [0318/0318], LR: 0.000038, Loss: 0.1414
Epoch: 166, Dataset: test, Dice: 0.7122, IoU: 0.6033
Epoch: 166, Dataset: val, Dice: 0.7592, IoU: 0.6541
2026-09-18 23:39:04.253182 Epoch [167/200], Step [0100/0318], LR: 0.000036, Loss: 0.1359
2026-09-18 23:39:28.776116 Epoch [167/200], Step [0200/0318], LR: 0.000036, Loss: 0.1425
2026-09-18 23:39:53.749813 Epoch [167/200], Step [0300/0318], LR: 0.000036, Loss: 0.1411
2026-09-18 23:39:57.943540 Epoch [167/200], Step [0318/0318], LR: 0.000036, Loss: 0.1473
Epoch: 167, Dataset: test, Dice: 0.6490, IoU: 0.5360
Epoch: 167, Dataset: val, Dice: 0.7393, IoU: 0.6363
2026-09-18 23:40:26.138659 Epoch [168/200], Step [0100/0318], LR: 0.000034, Loss: 0.1344
2026-09-18 23:40:50.801979 Epoch [168/200], Step [0200/0318], LR: 0.000034, Loss: 0.1447
2026-09-18 23:41:16.351252 Epoch [168/200], Step [0300/0318], LR: 0.000034, Loss: 0.1355
2026-09-18 23:41:20.658337 Epoch [168/200], Step [0318/0318], LR: 0.000034, Loss: 0.1446
Epoch: 168, Dataset: test, Dice: 0.5901, IoU: 0.4950
Epoch: 168, Dataset: val, Dice: 0.6917, IoU: 0.5992
2026-09-18 23:41:48.615694 Epoch [169/200], Step [0100/0318], LR: 0.000032, Loss: 0.1368
2026-09-18 23:42:12.960830 Epoch [169/200], Step [0200/0318], LR: 0.000032, Loss: 0.1416
2026-09-18 23:42:36.450274 Epoch [169/200], Step [0300/0318], LR: 0.000032, Loss: 0.1431
2026-09-18 23:42:40.242898 Epoch [169/200], Step [0318/0318], LR: 0.000032, Loss: 0.1405
Epoch: 169, Dataset: test, Dice: 0.8304, IoU: 0.7352
Epoch: 169, Dataset: val, Dice: 0.8160, IoU: 0.7112
2026-09-18 23:43:08.698981 Epoch [170/200], Step [0100/0318], LR: 0.000030, Loss: 0.1447
2026-09-18 23:43:32.588079 Epoch [170/200], Step [0200/0318], LR: 0.000030, Loss: 0.1357
2026-09-18 23:43:56.385935 Epoch [170/200], Step [0300/0318], LR: 0.000030, Loss: 0.1406
2026-09-18 23:44:01.391512 Epoch [170/200], Step [0318/0318], LR: 0.000030, Loss: 0.1395
Epoch: 170, Dataset: test, Dice: 0.6219, IoU: 0.5095
Epoch: 170, Dataset: val, Dice: 0.7229, IoU: 0.6211
2026-09-18 23:44:31.450542 Epoch [171/200], Step [0100/0318], LR: 0.000028, Loss: 0.1414
2026-09-18 23:44:55.733447 Epoch [171/200], Step [0200/0318], LR: 0.000028, Loss: 0.1385
2026-09-18 23:45:21.065606 Epoch [171/200], Step [0300/0318], LR: 0.000028, Loss: 0.1370
2026-09-18 23:45:25.715911 Epoch [171/200], Step [0318/0318], LR: 0.000028, Loss: 0.1433
Epoch: 171, Dataset: test, Dice: 0.8202, IoU: 0.7296
Epoch: 171, Dataset: val, Dice: 0.8149, IoU: 0.7180
2026-09-18 23:45:55.863625 Epoch [172/200], Step [0100/0318], LR: 0.000026, Loss: 0.1365
2026-09-18 23:46:20.559830 Epoch [172/200], Step [0200/0318], LR: 0.000026, Loss: 0.1391
2026-09-18 23:46:45.197294 Epoch [172/200], Step [0300/0318], LR: 0.000026, Loss: 0.1433
2026-09-18 23:46:49.674577 Epoch [172/200], Step [0318/0318], LR: 0.000026, Loss: 0.1415
Epoch: 172, Dataset: test, Dice: 0.7848, IoU: 0.6947
Epoch: 172, Dataset: val, Dice: 0.7842, IoU: 0.6858
2026-09-18 23:47:19.211531 Epoch [173/200], Step [0100/0318], LR: 0.000025, Loss: 0.1399
2026-09-18 23:47:44.473299 Epoch [173/200], Step [0200/0318], LR: 0.000025, Loss: 0.1371
2026-09-18 23:48:08.200241 Epoch [173/200], Step [0300/0318], LR: 0.000025, Loss: 0.1424
2026-09-18 23:48:12.254136 Epoch [173/200], Step [0318/0318], LR: 0.000025, Loss: 0.1447
Epoch: 173, Dataset: test, Dice: 0.8469, IoU: 0.7596
Epoch: 173, Dataset: val, Dice: 0.8337, IoU: 0.7315
2026-09-18 23:48:41.283591 Epoch [174/200], Step [0100/0318], LR: 0.000023, Loss: 0.1347
2026-09-18 23:49:05.929560 Epoch [174/200], Step [0200/0318], LR: 0.000023, Loss: 0.1398
2026-09-18 23:49:30.604040 Epoch [174/200], Step [0300/0318], LR: 0.000023, Loss: 0.1435
2026-09-18 23:49:34.741421 Epoch [174/200], Step [0318/0318], LR: 0.000023, Loss: 0.1428
Epoch: 174, Dataset: test, Dice: 0.8464, IoU: 0.7560
Epoch: 174, Dataset: val, Dice: 0.8313, IoU: 0.7272
2026-09-18 23:50:03.523281 Epoch [175/200], Step [0100/0318], LR: 0.000022, Loss: 0.1386
2026-09-18 23:50:28.038860 Epoch [175/200], Step [0200/0318], LR: 0.000022, Loss: 0.1398
2026-09-18 23:50:52.654341 Epoch [175/200], Step [0300/0318], LR: 0.000022, Loss: 0.1361
2026-09-18 23:50:56.924935 Epoch [175/200], Step [0318/0318], LR: 0.000022, Loss: 0.1396
Epoch: 175, Dataset: test, Dice: 0.5975, IoU: 0.4955
Epoch: 175, Dataset: val, Dice: 0.6904, IoU: 0.5964
2026-09-18 23:51:25.902397 Epoch [176/200], Step [0100/0318], LR: 0.000020, Loss: 0.1371
2026-09-18 23:51:50.333549 Epoch [176/200], Step [0200/0318], LR: 0.000020, Loss: 0.1391
2026-09-18 23:52:15.478071 Epoch [176/200], Step [0300/0318], LR: 0.000020, Loss: 0.1358
2026-09-18 23:52:19.817329 Epoch [176/200], Step [0318/0318], LR: 0.000020, Loss: 0.1452
Epoch: 176, Dataset: test, Dice: 0.8448, IoU: 0.7529
Epoch: 176, Dataset: val, Dice: 0.8292, IoU: 0.7259
2026-09-18 23:52:48.044576 Epoch [177/200], Step [0100/0318], LR: 0.000019, Loss: 0.1412
2026-09-18 23:53:12.870245 Epoch [177/200], Step [0200/0318], LR: 0.000019, Loss: 0.1367
2026-09-18 23:53:37.261901 Epoch [177/200], Step [0300/0318], LR: 0.000019, Loss: 0.1358
2026-09-18 23:53:41.748683 Epoch [177/200], Step [0318/0318], LR: 0.000019, Loss: 0.1396
Epoch: 177, Dataset: test, Dice: 0.8171, IoU: 0.7199
Epoch: 177, Dataset: val, Dice: 0.8087, IoU: 0.7028
2026-09-18 23:54:09.708488 Epoch [178/200], Step [0100/0318], LR: 0.000017, Loss: 0.1317
2026-09-18 23:54:34.883052 Epoch [178/200], Step [0200/0318], LR: 0.000017, Loss: 0.1389
2026-09-18 23:54:59.596185 Epoch [178/200], Step [0300/0318], LR: 0.000017, Loss: 0.1384
2026-09-18 23:55:03.936830 Epoch [178/200], Step [0318/0318], LR: 0.000017, Loss: 0.1397
Epoch: 178, Dataset: test, Dice: 0.8234, IoU: 0.7338
Epoch: 178, Dataset: val, Dice: 0.8115, IoU: 0.7158
2026-09-18 23:55:34.415742 Epoch [179/200], Step [0100/0318], LR: 0.000016, Loss: 0.1375
2026-09-18 23:55:58.863248 Epoch [179/200], Step [0200/0318], LR: 0.000016, Loss: 0.1466
2026-09-18 23:56:24.270740 Epoch [179/200], Step [0300/0318], LR: 0.000016, Loss: 0.1376
2026-09-18 23:56:28.582399 Epoch [179/200], Step [0318/0318], LR: 0.000016, Loss: 0.1320
Epoch: 179, Dataset: test, Dice: 0.8412, IoU: 0.7529
Epoch: 179, Dataset: val, Dice: 0.8338, IoU: 0.7296
2026-09-18 23:56:56.893520 Epoch [180/200], Step [0100/0318], LR: 0.000014, Loss: 0.1333
2026-09-18 23:57:21.455585 Epoch [180/200], Step [0200/0318], LR: 0.000014, Loss: 0.1349
2026-09-18 23:57:46.332354 Epoch [180/200], Step [0300/0318], LR: 0.000014, Loss: 0.1396
2026-09-18 23:57:50.661578 Epoch [180/200], Step [0318/0318], LR: 0.000014, Loss: 0.1386
Epoch: 180, Dataset: test, Dice: 0.8421, IoU: 0.7498
Epoch: 180, Dataset: val, Dice: 0.8298, IoU: 0.7262
2026-09-18 23:58:19.324153 Epoch [181/200], Step [0100/0318], LR: 0.000013, Loss: 0.1410
2026-09-18 23:58:44.877248 Epoch [181/200], Step [0200/0318], LR: 0.000013, Loss: 0.1366
2026-09-18 23:59:09.849099 Epoch [181/200], Step [0300/0318], LR: 0.000013, Loss: 0.1403
2026-09-18 23:59:14.226878 Epoch [181/200], Step [0318/0318], LR: 0.000013, Loss: 0.1375
Epoch: 181, Dataset: test, Dice: 0.8342, IoU: 0.7433
Epoch: 181, Dataset: val, Dice: 0.8172, IoU: 0.7179
2026-09-18 23:59:43.378984 Epoch [182/200], Step [0100/0318], LR: 0.000012, Loss: 0.1396
2026-09-19 00:00:09.678254 Epoch [182/200], Step [0200/0318], LR: 0.000012, Loss: 0.1389
2026-09-19 00:00:34.695411 Epoch [182/200], Step [0300/0318], LR: 0.000012, Loss: 0.1348
2026-09-19 00:00:39.021343 Epoch [182/200], Step [0318/0318], LR: 0.000012, Loss: 0.1413
Epoch: 182, Dataset: test, Dice: 0.8495, IoU: 0.7592
Epoch: 182, Dataset: val, Dice: 0.8229, IoU: 0.7196
2026-09-19 00:01:08.334696 Epoch [183/200], Step [0100/0318], LR: 0.000011, Loss: 0.1395
2026-09-19 00:01:34.176942 Epoch [183/200], Step [0200/0318], LR: 0.000011, Loss: 0.1368
2026-09-19 00:01:59.644894 Epoch [183/200], Step [0300/0318], LR: 0.000011, Loss: 0.1364
2026-09-19 00:02:03.962972 Epoch [183/200], Step [0318/0318], LR: 0.000011, Loss: 0.1399
Epoch: 183, Dataset: test, Dice: 0.8410, IoU: 0.7507
Epoch: 183, Dataset: val, Dice: 0.8312, IoU: 0.7254
2026-09-19 00:02:33.136240 Epoch [184/200], Step [0100/0318], LR: 0.000010, Loss: 0.1427
2026-09-19 00:02:57.642028 Epoch [184/200], Step [0200/0318], LR: 0.000010, Loss: 0.1408
2026-09-19 00:03:23.628174 Epoch [184/200], Step [0300/0318], LR: 0.000010, Loss: 0.1346
2026-09-19 00:03:28.159453 Epoch [184/200], Step [0318/0318], LR: 0.000010, Loss: 0.1342
Epoch: 184, Dataset: test, Dice: 0.8453, IoU: 0.7565
Epoch: 184, Dataset: val, Dice: 0.8385, IoU: 0.7370
2026-09-19 00:03:58.261000 Epoch [185/200], Step [0100/0318], LR: 0.000009, Loss: 0.1446
2026-09-19 00:04:25.268148 Epoch [185/200], Step [0200/0318], LR: 0.000009, Loss: 0.1406
2026-09-19 00:04:51.829608 Epoch [185/200], Step [0300/0318], LR: 0.000009, Loss: 0.1378
2026-09-19 00:04:56.297918 Epoch [185/200], Step [0318/0318], LR: 0.000009, Loss: 0.1426
Epoch: 185, Dataset: test, Dice: 0.8444, IoU: 0.7557
Epoch: 185, Dataset: val, Dice: 0.8315, IoU: 0.7258
2026-09-19 00:05:26.745673 Epoch [186/200], Step [0100/0318], LR: 0.000008, Loss: 0.1324
2026-09-19 00:05:53.919930 Epoch [186/200], Step [0200/0318], LR: 0.000008, Loss: 0.1443
2026-09-19 00:06:20.144061 Epoch [186/200], Step [0300/0318], LR: 0.000008, Loss: 0.1434
2026-09-19 00:06:25.038710 Epoch [186/200], Step [0318/0318], LR: 0.000008, Loss: 0.1466
Epoch: 186, Dataset: test, Dice: 0.8317, IoU: 0.7361
Epoch: 186, Dataset: val, Dice: 0.8177, IoU: 0.7127
2026-09-19 00:06:55.231017 Epoch [187/200], Step [0100/0318], LR: 0.000007, Loss: 0.1363
2026-09-19 00:07:22.373992 Epoch [187/200], Step [0200/0318], LR: 0.000007, Loss: 0.1348
2026-09-19 00:07:50.183502 Epoch [187/200], Step [0300/0318], LR: 0.000007, Loss: 0.1409
2026-09-19 00:07:54.909221 Epoch [187/200], Step [0318/0318], LR: 0.000007, Loss: 0.1378
Epoch: 187, Dataset: test, Dice: 0.8071, IoU: 0.7139
Epoch: 187, Dataset: val, Dice: 0.8097, IoU: 0.6958
2026-09-19 00:08:26.122600 Epoch [188/200], Step [0100/0318], LR: 0.000006, Loss: 0.1381
2026-09-19 00:08:52.938666 Epoch [188/200], Step [0200/0318], LR: 0.000006, Loss: 0.1408
2026-09-19 00:09:19.196352 Epoch [188/200], Step [0300/0318], LR: 0.000006, Loss: 0.1374
2026-09-19 00:09:23.779445 Epoch [188/200], Step [0318/0318], LR: 0.000006, Loss: 0.1370
Epoch: 188, Dataset: test, Dice: 0.8099, IoU: 0.7195
Epoch: 188, Dataset: val, Dice: 0.8110, IoU: 0.7096
2026-09-19 00:09:53.366875 Epoch [189/200], Step [0100/0318], LR: 0.000005, Loss: 0.1374
2026-09-19 00:10:18.807145 Epoch [189/200], Step [0200/0318], LR: 0.000005, Loss: 0.1415
2026-09-19 00:10:44.207705 Epoch [189/200], Step [0300/0318], LR: 0.000005, Loss: 0.1410
2026-09-19 00:10:48.620452 Epoch [189/200], Step [0318/0318], LR: 0.000005, Loss: 0.1361
Epoch: 189, Dataset: test, Dice: 0.8467, IoU: 0.7582
Epoch: 189, Dataset: val, Dice: 0.8342, IoU: 0.7306
2026-09-19 00:11:17.665142 Epoch [190/200], Step [0100/0318], LR: 0.000005, Loss: 0.1360
2026-09-19 00:11:43.940039 Epoch [190/200], Step [0200/0318], LR: 0.000005, Loss: 0.1410
2026-09-19 00:12:09.260204 Epoch [190/200], Step [0300/0318], LR: 0.000005, Loss: 0.1347
2026-09-19 00:12:13.732962 Epoch [190/200], Step [0318/0318], LR: 0.000005, Loss: 0.1382
Epoch: 190, Dataset: test, Dice: 0.8408, IoU: 0.7506
Epoch: 190, Dataset: val, Dice: 0.8183, IoU: 0.7167
2026-09-19 00:12:43.010300 Epoch [191/200], Step [0100/0318], LR: 0.000004, Loss: 0.1400
2026-09-19 00:13:08.108236 Epoch [191/200], Step [0200/0318], LR: 0.000004, Loss: 0.1401
2026-09-19 00:13:32.867181 Epoch [191/200], Step [0300/0318], LR: 0.000004, Loss: 0.1392
2026-09-19 00:13:37.260907 Epoch [191/200], Step [0318/0318], LR: 0.000004, Loss: 0.1378
Epoch: 191, Dataset: test, Dice: 0.8459, IoU: 0.7595
Epoch: 191, Dataset: val, Dice: 0.8379, IoU: 0.7373
2026-09-19 00:14:06.373153 Epoch [192/200], Step [0100/0318], LR: 0.000003, Loss: 0.1390
2026-09-19 00:14:32.345808 Epoch [192/200], Step [0200/0318], LR: 0.000003, Loss: 0.1366
2026-09-19 00:14:58.224436 Epoch [192/200], Step [0300/0318], LR: 0.000003, Loss: 0.1419
2026-09-19 00:15:02.432781 Epoch [192/200], Step [0318/0318], LR: 0.000003, Loss: 0.1406
Epoch: 192, Dataset: test, Dice: 0.8460, IoU: 0.7543
Epoch: 192, Dataset: val, Dice: 0.8271, IoU: 0.7230
2026-09-19 00:15:32.208237 Epoch [193/200], Step [0100/0318], LR: 0.000003, Loss: 0.1300
2026-09-19 00:15:56.059705 Epoch [193/200], Step [0200/0318], LR: 0.000003, Loss: 0.1427
2026-09-19 00:16:19.894448 Epoch [193/200], Step [0300/0318], LR: 0.000003, Loss: 0.1422
2026-09-19 00:16:23.689572 Epoch [193/200], Step [0318/0318], LR: 0.000003, Loss: 0.1346
Epoch: 193, Dataset: test, Dice: 0.8488, IoU: 0.7597
Epoch: 193, Dataset: val, Dice: 0.8320, IoU: 0.7299
2026-09-19 00:16:51.477389 Epoch [194/200], Step [0100/0318], LR: 0.000003, Loss: 0.1432
2026-09-19 00:17:16.196207 Epoch [194/200], Step [0200/0318], LR: 0.000003, Loss: 0.1373
2026-09-19 00:17:43.610409 Epoch [194/200], Step [0300/0318], LR: 0.000003, Loss: 0.1353
2026-09-19 00:17:48.086893 Epoch [194/200], Step [0318/0318], LR: 0.000003, Loss: 0.1410
Epoch: 194, Dataset: test, Dice: 0.8435, IoU: 0.7544
Epoch: 194, Dataset: val, Dice: 0.8345, IoU: 0.7299
2026-09-19 00:18:16.740724 Epoch [195/200], Step [0100/0318], LR: 0.000002, Loss: 0.1380
2026-09-19 00:18:40.770941 Epoch [195/200], Step [0200/0318], LR: 0.000002, Loss: 0.1369
2026-09-19 00:19:06.104182 Epoch [195/200], Step [0300/0318], LR: 0.000002, Loss: 0.1419
2026-09-19 00:19:10.216553 Epoch [195/200], Step [0318/0318], LR: 0.000002, Loss: 0.1430
Epoch: 195, Dataset: test, Dice: 0.8429, IoU: 0.7521
Epoch: 195, Dataset: val, Dice: 0.8256, IoU: 0.7212
2026-09-19 00:19:37.119326 Epoch [196/200], Step [0100/0318], LR: 0.000002, Loss: 0.1379
2026-09-19 00:20:00.218353 Epoch [196/200], Step [0200/0318], LR: 0.000002, Loss: 0.1385
2026-09-19 00:20:23.465791 Epoch [196/200], Step [0300/0318], LR: 0.000002, Loss: 0.1417
2026-09-19 00:20:27.615485 Epoch [196/200], Step [0318/0318], LR: 0.000002, Loss: 0.1372
Epoch: 196, Dataset: test, Dice: 0.8253, IoU: 0.7346
Epoch: 196, Dataset: val, Dice: 0.8136, IoU: 0.7140
2026-09-19 00:20:57.174485 Epoch [197/200], Step [0100/0318], LR: 0.000001, Loss: 0.1367
2026-09-19 00:21:20.771412 Epoch [197/200], Step [0200/0318], LR: 0.000001, Loss: 0.1371
2026-09-19 00:21:45.228703 Epoch [197/200], Step [0300/0318], LR: 0.000001, Loss: 0.1389
2026-09-19 00:21:49.118661 Epoch [197/200], Step [0318/0318], LR: 0.000001, Loss: 0.1435
Epoch: 197, Dataset: test, Dice: 0.8150, IoU: 0.7173
Epoch: 197, Dataset: val, Dice: 0.8170, IoU: 0.7122
2026-09-19 00:22:17.174494 Epoch [198/200], Step [0100/0318], LR: 0.000001, Loss: 0.1395
2026-09-19 00:22:40.711544 Epoch [198/200], Step [0200/0318], LR: 0.000001, Loss: 0.1436
2026-09-19 00:23:04.280203 Epoch [198/200], Step [0300/0318], LR: 0.000001, Loss: 0.1338
2026-09-19 00:23:08.664730 Epoch [198/200], Step [0318/0318], LR: 0.000001, Loss: 0.1342
Epoch: 198, Dataset: test, Dice: 0.8329, IoU: 0.7399
Epoch: 198, Dataset: val, Dice: 0.8213, IoU: 0.7147
2026-09-19 00:23:35.662997 Epoch [199/200], Step [0100/0318], LR: 0.000001, Loss: 0.1389
2026-09-19 00:23:59.478825 Epoch [199/200], Step [0200/0318], LR: 0.000001, Loss: 0.1400
2026-09-19 00:24:23.419719 Epoch [199/200], Step [0300/0318], LR: 0.000001, Loss: 0.1359
2026-09-19 00:24:27.582364 Epoch [199/200], Step [0318/0318], LR: 0.000001, Loss: 0.1428
Epoch: 199, Dataset: test, Dice: 0.7029, IoU: 0.5944
Epoch: 199, Dataset: val, Dice: 0.7572, IoU: 0.6539
2026-09-19 00:24:56.349758 Epoch [200/200], Step [0100/0318], LR: 0.000001, Loss: 0.1406
2026-09-19 00:25:20.346197 Epoch [200/200], Step [0200/0318], LR: 0.000001, Loss: 0.1430
2026-09-19 00:25:44.106110 Epoch [200/200], Step [0300/0318], LR: 0.000001, Loss: 0.1376
2026-09-19 00:25:48.069087 Epoch [200/200], Step [0318/0318], LR: 0.000001, Loss: 0.1373
Epoch: 200, Dataset: test, Dice: 0.8473, IoU: 0.7592
Epoch: 200, Dataset: val, Dice: 0.8353, IoU: 0.7370

========================================
FINAL RESULTS: BraTS2020_MK_UNet_bs8_lr0.0005_e200_augTrue_run1_t193323
Best Val Dice: 0.8617
Test Dice at Best Val: 0.8461
Total Train Time: 16843.74s
========================================
Network: MK_UNet | Channels: [16, 32, 64, 96, 160]
[INFO] Register count_convNd() for <class 'torch.nn.modules.conv.Conv2d'>.
[INFO] Register count_normalization() for <class 'torch.nn.modules.batchnorm.BatchNorm2d'>.
[INFO] Register zero_ops() for <class 'torch.nn.modules.activation.ReLU6'>.
[INFO] Register zero_ops() for <class 'torch.nn.modules.container.Sequential'>.
[INFO] Register zero_ops() for <class 'torch.nn.modules.activation.ReLU'>.
[INFO] Register count_adap_avgpool() for <class 'torch.nn.modules.pooling.AdaptiveAvgPool2d'>.
[INFO] Register zero_ops() for <class 'torch.nn.modules.pooling.AdaptiveMaxPool2d'>.
flops 0.327543024
params 0.315566
Total params: 0.32M
2026-09-19 00:26:18.227221 Epoch [001/200], Step [0100/0318], LR: 0.000500, Loss: 0.5038
2026-09-19 00:26:43.159400 Epoch [001/200], Step [0200/0318], LR: 0.000500, Loss: 0.4549
2026-09-19 00:27:07.380794 Epoch [001/200], Step [0300/0318], LR: 0.000500, Loss: 0.4138
2026-09-19 00:27:11.265538 Epoch [001/200], Step [0318/0318], LR: 0.000500, Loss: 0.4186
Epoch: 1, Dataset: test, Dice: 0.1779, IoU: 0.1023
Epoch: 1, Dataset: val, Dice: 0.2810, IoU: 0.1758
### Best Model Saved (Dice improved from 0.0000 to 0.2810) ###
2026-09-19 00:27:41.212649 Epoch [002/200], Step [0100/0318], LR: 0.000500, Loss: 0.3983
2026-09-19 00:28:06.302991 Epoch [002/200], Step [0200/0318], LR: 0.000500, Loss: 0.3986
2026-09-19 00:28:30.816169 Epoch [002/200], Step [0300/0318], LR: 0.000500, Loss: 0.4197
2026-09-19 00:28:35.117673 Epoch [002/200], Step [0318/0318], LR: 0.000500, Loss: 0.4066
Epoch: 2, Dataset: test, Dice: 0.7401, IoU: 0.6166
Epoch: 2, Dataset: val, Dice: 0.7028, IoU: 0.5760
### Best Model Saved (Dice improved from 0.2810 to 0.7028) ###
2026-09-19 00:29:04.064803 Epoch [003/200], Step [0100/0318], LR: 0.000500, Loss: 0.3685
2026-09-19 00:29:29.288723 Epoch [003/200], Step [0200/0318], LR: 0.000500, Loss: 0.3583
2026-09-19 00:29:54.410149 Epoch [003/200], Step [0300/0318], LR: 0.000500, Loss: 0.3622
2026-09-19 00:29:58.776922 Epoch [003/200], Step [0318/0318], LR: 0.000500, Loss: 0.3613
Epoch: 3, Dataset: test, Dice: 0.6521, IoU: 0.5255
Epoch: 3, Dataset: val, Dice: 0.6331, IoU: 0.5059
2026-09-19 00:30:27.731177 Epoch [004/200], Step [0100/0318], LR: 0.000500, Loss: 0.3602
2026-09-19 00:30:53.922522 Epoch [004/200], Step [0200/0318], LR: 0.000500, Loss: 0.3533
2026-09-19 00:31:20.972803 Epoch [004/200], Step [0300/0318], LR: 0.000500, Loss: 0.3594
2026-09-19 00:31:25.809053 Epoch [004/200], Step [0318/0318], LR: 0.000500, Loss: 0.3640
Epoch: 4, Dataset: test, Dice: 0.7528, IoU: 0.6347
Epoch: 4, Dataset: val, Dice: 0.8063, IoU: 0.6988
### Best Model Saved (Dice improved from 0.7028 to 0.8063) ###
2026-09-19 00:31:56.030271 Epoch [005/200], Step [0100/0318], LR: 0.000500, Loss: 0.3348
2026-09-19 00:32:22.341657 Epoch [005/200], Step [0200/0318], LR: 0.000500, Loss: 0.3359
2026-09-19 00:32:48.392569 Epoch [005/200], Step [0300/0318], LR: 0.000500, Loss: 0.3502
2026-09-19 00:32:52.949998 Epoch [005/200], Step [0318/0318], LR: 0.000500, Loss: 0.3371
Epoch: 5, Dataset: test, Dice: 0.7402, IoU: 0.6219
Epoch: 5, Dataset: val, Dice: 0.8153, IoU: 0.7072
### Best Model Saved (Dice improved from 0.8063 to 0.8153) ###
2026-09-19 00:33:22.251883 Epoch [006/200], Step [0100/0318], LR: 0.000499, Loss: 0.3321
2026-09-19 00:33:47.485354 Epoch [006/200], Step [0200/0318], LR: 0.000499, Loss: 0.3294
2026-09-19 00:34:12.609405 Epoch [006/200], Step [0300/0318], LR: 0.000499, Loss: 0.3445
2026-09-19 00:34:16.764299 Epoch [006/200], Step [0318/0318], LR: 0.000499, Loss: 0.3423
Epoch: 6, Dataset: test, Dice: 0.7561, IoU: 0.6484
Epoch: 6, Dataset: val, Dice: 0.7257, IoU: 0.5997
2026-09-19 00:34:46.455955 Epoch [007/200], Step [0100/0318], LR: 0.000499, Loss: 0.3189
2026-09-19 00:35:12.181069 Epoch [007/200], Step [0200/0318], LR: 0.000499, Loss: 0.3429
2026-09-19 00:35:37.498133 Epoch [007/200], Step [0300/0318], LR: 0.000499, Loss: 0.3224
2026-09-19 00:35:42.019236 Epoch [007/200], Step [0318/0318], LR: 0.000499, Loss: 0.3060
Epoch: 7, Dataset: test, Dice: 0.8245, IoU: 0.7305
Epoch: 7, Dataset: val, Dice: 0.8515, IoU: 0.7628
### Best Model Saved (Dice improved from 0.8153 to 0.8515) ###
2026-09-19 00:36:12.268545 Epoch [008/200], Step [0100/0318], LR: 0.000498, Loss: 0.3151
2026-09-19 00:36:37.549258 Epoch [008/200], Step [0200/0318], LR: 0.000498, Loss: 0.3134
2026-09-19 00:37:01.706355 Epoch [008/200], Step [0300/0318], LR: 0.000498, Loss: 0.2975
2026-09-19 00:37:05.829283 Epoch [008/200], Step [0318/0318], LR: 0.000498, Loss: 0.3066
Epoch: 8, Dataset: test, Dice: 0.8087, IoU: 0.7082
Epoch: 8, Dataset: val, Dice: 0.8445, IoU: 0.7481
2026-09-19 00:37:34.327425 Epoch [009/200], Step [0100/0318], LR: 0.000498, Loss: 0.3103
2026-09-19 00:37:59.440776 Epoch [009/200], Step [0200/0318], LR: 0.000498, Loss: 0.3007
2026-09-19 00:38:24.340056 Epoch [009/200], Step [0300/0318], LR: 0.000498, Loss: 0.3231
2026-09-19 00:38:28.428811 Epoch [009/200], Step [0318/0318], LR: 0.000498, Loss: 0.3055
Epoch: 9, Dataset: test, Dice: 0.8087, IoU: 0.7144
Epoch: 9, Dataset: val, Dice: 0.8490, IoU: 0.7569
2026-09-19 00:38:56.637493 Epoch [010/200], Step [0100/0318], LR: 0.000498, Loss: 0.3039
2026-09-19 00:39:20.597453 Epoch [010/200], Step [0200/0318], LR: 0.000498, Loss: 0.2980
2026-09-19 00:39:44.633528 Epoch [010/200], Step [0300/0318], LR: 0.000498, Loss: 0.3088
2026-09-19 00:39:48.618227 Epoch [010/200], Step [0318/0318], LR: 0.000498, Loss: 0.3073
Epoch: 10, Dataset: test, Dice: 0.8053, IoU: 0.7088
Epoch: 10, Dataset: val, Dice: 0.8497, IoU: 0.7551
2026-09-19 00:40:16.100405 Epoch [011/200], Step [0100/0318], LR: 0.000497, Loss: 0.3036
2026-09-19 00:40:41.394662 Epoch [011/200], Step [0200/0318], LR: 0.000497, Loss: 0.2784
2026-09-19 00:41:07.348692 Epoch [011/200], Step [0300/0318], LR: 0.000497, Loss: 0.2700
2026-09-19 00:41:11.620981 Epoch [011/200], Step [0318/0318], LR: 0.000497, Loss: 0.2762
Epoch: 11, Dataset: test, Dice: 0.8247, IoU: 0.7324
Epoch: 11, Dataset: val, Dice: 0.8312, IoU: 0.7375
2026-09-19 00:41:39.068562 Epoch [012/200], Step [0100/0318], LR: 0.000496, Loss: 0.2834
2026-09-19 00:42:03.821953 Epoch [012/200], Step [0200/0318], LR: 0.000496, Loss: 0.2814
2026-09-19 00:42:27.678097 Epoch [012/200], Step [0300/0318], LR: 0.000496, Loss: 0.2811
2026-09-19 00:42:31.586427 Epoch [012/200], Step [0318/0318], LR: 0.000496, Loss: 0.2670
Epoch: 12, Dataset: test, Dice: 0.8037, IoU: 0.7036
Epoch: 12, Dataset: val, Dice: 0.8281, IoU: 0.7232
2026-09-19 00:43:00.036347 Epoch [013/200], Step [0100/0318], LR: 0.000496, Loss: 0.2822
2026-09-19 00:43:24.987571 Epoch [013/200], Step [0200/0318], LR: 0.000496, Loss: 0.2830
2026-09-19 00:43:48.694324 Epoch [013/200], Step [0300/0318], LR: 0.000496, Loss: 0.2789
2026-09-19 00:43:52.799217 Epoch [013/200], Step [0318/0318], LR: 0.000496, Loss: 0.2928
Epoch: 13, Dataset: test, Dice: 0.8153, IoU: 0.7258
Epoch: 13, Dataset: val, Dice: 0.8290, IoU: 0.7245
2026-09-19 00:44:19.955303 Epoch [014/200], Step [0100/0318], LR: 0.000495, Loss: 0.2870
2026-09-19 00:44:43.722295 Epoch [014/200], Step [0200/0318], LR: 0.000495, Loss: 0.2751
2026-09-19 00:45:09.088819 Epoch [014/200], Step [0300/0318], LR: 0.000495, Loss: 0.2720
2026-09-19 00:45:13.373517 Epoch [014/200], Step [0318/0318], LR: 0.000495, Loss: 0.2803
Epoch: 14, Dataset: test, Dice: 0.8138, IoU: 0.7229
Epoch: 14, Dataset: val, Dice: 0.8515, IoU: 0.7568
2026-09-19 00:45:41.585725 Epoch [015/200], Step [0100/0318], LR: 0.000494, Loss: 0.2656
2026-09-19 00:46:05.997535 Epoch [015/200], Step [0200/0318], LR: 0.000494, Loss: 0.2565
2026-09-19 00:46:30.463461 Epoch [015/200], Step [0300/0318], LR: 0.000494, Loss: 0.2729
2026-09-19 00:46:34.740303 Epoch [015/200], Step [0318/0318], LR: 0.000494, Loss: 0.2772
Epoch: 15, Dataset: test, Dice: 0.8184, IoU: 0.7168
Epoch: 15, Dataset: val, Dice: 0.8183, IoU: 0.7084
2026-09-19 00:47:03.690993 Epoch [016/200], Step [0100/0318], LR: 0.000493, Loss: 0.2763
2026-09-19 00:47:28.863419 Epoch [016/200], Step [0200/0318], LR: 0.000493, Loss: 0.2842
2026-09-19 00:47:53.469976 Epoch [016/200], Step [0300/0318], LR: 0.000493, Loss: 0.2617
2026-09-19 00:47:57.558865 Epoch [016/200], Step [0318/0318], LR: 0.000493, Loss: 0.2597
Epoch: 16, Dataset: test, Dice: 0.8217, IoU: 0.7236
Epoch: 16, Dataset: val, Dice: 0.8428, IoU: 0.7503
2026-09-19 00:48:25.040798 Epoch [017/200], Step [0100/0318], LR: 0.000492, Loss: 0.2584
2026-09-19 00:48:49.216966 Epoch [017/200], Step [0200/0318], LR: 0.000492, Loss: 0.2565
2026-09-19 00:49:13.001498 Epoch [017/200], Step [0300/0318], LR: 0.000492, Loss: 0.2549
2026-09-19 00:49:17.133412 Epoch [017/200], Step [0318/0318], LR: 0.000492, Loss: 0.2476
Epoch: 17, Dataset: test, Dice: 0.6612, IoU: 0.5473
Epoch: 17, Dataset: val, Dice: 0.7350, IoU: 0.6281
2026-09-19 00:49:45.276377 Epoch [018/200], Step [0100/0318], LR: 0.000491, Loss: 0.2533
2026-09-19 00:50:10.233383 Epoch [018/200], Step [0200/0318], LR: 0.000491, Loss: 0.2514
2026-09-19 00:50:37.773507 Epoch [018/200], Step [0300/0318], LR: 0.000491, Loss: 0.2688
2026-09-19 00:50:42.771544 Epoch [018/200], Step [0318/0318], LR: 0.000491, Loss: 0.2545
Epoch: 18, Dataset: test, Dice: 0.8328, IoU: 0.7400
Epoch: 18, Dataset: val, Dice: 0.8356, IoU: 0.7325
2026-09-19 00:51:14.371622 Epoch [019/200], Step [0100/0318], LR: 0.000490, Loss: 0.2501
2026-09-19 00:51:39.939206 Epoch [019/200], Step [0200/0318], LR: 0.000490, Loss: 0.2569
2026-09-19 00:52:05.159533 Epoch [019/200], Step [0300/0318], LR: 0.000490, Loss: 0.2479
2026-09-19 00:52:09.459359 Epoch [019/200], Step [0318/0318], LR: 0.000490, Loss: 0.2369
Epoch: 19, Dataset: test, Dice: 0.8293, IoU: 0.7334
Epoch: 19, Dataset: val, Dice: 0.8451, IoU: 0.7473
2026-09-19 00:52:37.912673 Epoch [020/200], Step [0100/0318], LR: 0.000489, Loss: 0.2513
2026-09-19 00:53:02.751098 Epoch [020/200], Step [0200/0318], LR: 0.000489, Loss: 0.2610
2026-09-19 00:53:28.502432 Epoch [020/200], Step [0300/0318], LR: 0.000489, Loss: 0.2470
2026-09-19 00:53:33.357089 Epoch [020/200], Step [0318/0318], LR: 0.000489, Loss: 0.2476
Epoch: 20, Dataset: test, Dice: 0.8371, IoU: 0.7504
Epoch: 20, Dataset: val, Dice: 0.8340, IoU: 0.7326
2026-09-19 00:54:04.519010 Epoch [021/200], Step [0100/0318], LR: 0.000488, Loss: 0.2407
2026-09-19 00:54:31.130049 Epoch [021/200], Step [0200/0318], LR: 0.000488, Loss: 0.2422
2026-09-19 00:54:56.686119 Epoch [021/200], Step [0300/0318], LR: 0.000488, Loss: 0.2467
2026-09-19 00:55:01.324965 Epoch [021/200], Step [0318/0318], LR: 0.000488, Loss: 0.2395
Epoch: 21, Dataset: test, Dice: 0.7779, IoU: 0.6793
Epoch: 21, Dataset: val, Dice: 0.7958, IoU: 0.6898
2026-09-19 00:55:31.944580 Epoch [022/200], Step [0100/0318], LR: 0.000487, Loss: 0.2519
2026-09-19 00:55:57.804333 Epoch [022/200], Step [0200/0318], LR: 0.000487, Loss: 0.2446
2026-09-19 00:56:24.194432 Epoch [022/200], Step [0300/0318], LR: 0.000487, Loss: 0.2439
2026-09-19 00:56:28.594975 Epoch [022/200], Step [0318/0318], LR: 0.000487, Loss: 0.2380
Epoch: 22, Dataset: test, Dice: 0.8269, IoU: 0.7293
Epoch: 22, Dataset: val, Dice: 0.8508, IoU: 0.7547
2026-09-19 00:56:59.079196 Epoch [023/200], Step [0100/0318], LR: 0.000485, Loss: 0.2320
2026-09-19 00:57:25.751657 Epoch [023/200], Step [0200/0318], LR: 0.000485, Loss: 0.2282
2026-09-19 00:57:51.700575 Epoch [023/200], Step [0300/0318], LR: 0.000485, Loss: 0.2362
2026-09-19 00:57:56.245068 Epoch [023/200], Step [0318/0318], LR: 0.000485, Loss: 0.2201
Epoch: 23, Dataset: test, Dice: 0.8306, IoU: 0.7376
Epoch: 23, Dataset: val, Dice: 0.8556, IoU: 0.7613
### Best Model Saved (Dice improved from 0.8515 to 0.8556) ###
2026-09-19 00:58:25.955785 Epoch [024/200], Step [0100/0318], LR: 0.000484, Loss: 0.2329
2026-09-19 00:58:51.922998 Epoch [024/200], Step [0200/0318], LR: 0.000484, Loss: 0.2397
2026-09-19 00:59:19.046831 Epoch [024/200], Step [0300/0318], LR: 0.000484, Loss: 0.2342
2026-09-19 00:59:23.706653 Epoch [024/200], Step [0318/0318], LR: 0.000484, Loss: 0.2408
Epoch: 24, Dataset: test, Dice: 0.8304, IoU: 0.7452
Epoch: 24, Dataset: val, Dice: 0.8501, IoU: 0.7585
2026-09-19 00:59:52.942954 Epoch [025/200], Step [0100/0318], LR: 0.000482, Loss: 0.2295
2026-09-19 01:00:19.359935 Epoch [025/200], Step [0200/0318], LR: 0.000482, Loss: 0.2306
2026-09-19 01:00:46.130520 Epoch [025/200], Step [0300/0318], LR: 0.000482, Loss: 0.2337
2026-09-19 01:00:50.378768 Epoch [025/200], Step [0318/0318], LR: 0.000482, Loss: 0.2308
Epoch: 25, Dataset: test, Dice: 0.8354, IoU: 0.7466
Epoch: 25, Dataset: val, Dice: 0.8464, IoU: 0.7497
2026-09-19 01:01:19.820581 Epoch [026/200], Step [0100/0318], LR: 0.000481, Loss: 0.2254
2026-09-19 01:01:44.838960 Epoch [026/200], Step [0200/0318], LR: 0.000481, Loss: 0.2305
2026-09-19 01:02:10.921175 Epoch [026/200], Step [0300/0318], LR: 0.000481, Loss: 0.2206
2026-09-19 01:02:15.512301 Epoch [026/200], Step [0318/0318], LR: 0.000481, Loss: 0.2346
Epoch: 26, Dataset: test, Dice: 0.8330, IoU: 0.7400
Epoch: 26, Dataset: val, Dice: 0.8361, IoU: 0.7348
2026-09-19 01:02:45.978779 Epoch [027/200], Step [0100/0318], LR: 0.000479, Loss: 0.2177
2026-09-19 01:03:12.172172 Epoch [027/200], Step [0200/0318], LR: 0.000479, Loss: 0.2241
2026-09-19 01:03:38.181633 Epoch [027/200], Step [0300/0318], LR: 0.000479, Loss: 0.2195
2026-09-19 01:03:42.818399 Epoch [027/200], Step [0318/0318], LR: 0.000479, Loss: 0.2273
Epoch: 27, Dataset: test, Dice: 0.8070, IoU: 0.7058
Epoch: 27, Dataset: val, Dice: 0.8319, IoU: 0.7344
2026-09-19 01:04:12.703253 Epoch [028/200], Step [0100/0318], LR: 0.000478, Loss: 0.2249
2026-09-19 01:04:38.680787 Epoch [028/200], Step [0200/0318], LR: 0.000478, Loss: 0.2230
2026-09-19 01:05:04.625739 Epoch [028/200], Step [0300/0318], LR: 0.000478, Loss: 0.2257
2026-09-19 01:05:09.156032 Epoch [028/200], Step [0318/0318], LR: 0.000478, Loss: 0.2399
Epoch: 28, Dataset: test, Dice: 0.7978, IoU: 0.6968
Epoch: 28, Dataset: val, Dice: 0.8329, IoU: 0.7338
2026-09-19 01:05:39.404887 Epoch [029/200], Step [0100/0318], LR: 0.000476, Loss: 0.2166
2026-09-19 01:06:05.809152 Epoch [029/200], Step [0200/0318], LR: 0.000476, Loss: 0.2209
2026-09-19 01:06:30.723348 Epoch [029/200], Step [0300/0318], LR: 0.000476, Loss: 0.2246
2026-09-19 01:06:35.329933 Epoch [029/200], Step [0318/0318], LR: 0.000476, Loss: 0.2216
Epoch: 29, Dataset: test, Dice: 0.4569, IoU: 0.3423
Epoch: 29, Dataset: val, Dice: 0.5260, IoU: 0.4043
2026-09-19 01:07:04.732025 Epoch [030/200], Step [0100/0318], LR: 0.000475, Loss: 0.2184
2026-09-19 01:07:29.104793 Epoch [030/200], Step [0200/0318], LR: 0.000475, Loss: 0.2309
2026-09-19 01:07:54.591563 Epoch [030/200], Step [0300/0318], LR: 0.000475, Loss: 0.2261
2026-09-19 01:07:58.976585 Epoch [030/200], Step [0318/0318], LR: 0.000475, Loss: 0.2268
Epoch: 30, Dataset: test, Dice: 0.8323, IoU: 0.7459
Epoch: 30, Dataset: val, Dice: 0.8505, IoU: 0.7590
2026-09-19 01:08:28.496918 Epoch [031/200], Step [0100/0318], LR: 0.000473, Loss: 0.2157
2026-09-19 01:08:52.916285 Epoch [031/200], Step [0200/0318], LR: 0.000473, Loss: 0.2309
2026-09-19 01:09:19.458356 Epoch [031/200], Step [0300/0318], LR: 0.000473, Loss: 0.2108
2026-09-19 01:09:24.127412 Epoch [031/200], Step [0318/0318], LR: 0.000473, Loss: 0.2188
Epoch: 31, Dataset: test, Dice: 0.8195, IoU: 0.7241
Epoch: 31, Dataset: val, Dice: 0.8484, IoU: 0.7596
2026-09-19 01:09:53.416428 Epoch [032/200], Step [0100/0318], LR: 0.000471, Loss: 0.2085
2026-09-19 01:10:18.412326 Epoch [032/200], Step [0200/0318], LR: 0.000471, Loss: 0.2128
2026-09-19 01:10:43.178198 Epoch [032/200], Step [0300/0318], LR: 0.000471, Loss: 0.2194
2026-09-19 01:10:47.291132 Epoch [032/200], Step [0318/0318], LR: 0.000471, Loss: 0.2244
Epoch: 32, Dataset: test, Dice: 0.4535, IoU: 0.3382
Epoch: 32, Dataset: val, Dice: 0.5427, IoU: 0.4189
2026-09-19 01:11:17.229765 Epoch [033/200], Step [0100/0318], LR: 0.000469, Loss: 0.2203
2026-09-19 01:11:42.216239 Epoch [033/200], Step [0200/0318], LR: 0.000469, Loss: 0.2164
2026-09-19 01:12:07.643403 Epoch [033/200], Step [0300/0318], LR: 0.000469, Loss: 0.2093
2026-09-19 01:12:11.887547 Epoch [033/200], Step [0318/0318], LR: 0.000469, Loss: 0.2167
Epoch: 33, Dataset: test, Dice: 0.8077, IoU: 0.7044
Epoch: 33, Dataset: val, Dice: 0.8233, IoU: 0.7144
2026-09-19 01:12:39.939408 Epoch [034/200], Step [0100/0318], LR: 0.000467, Loss: 0.2086
2026-09-19 01:13:04.206590 Epoch [034/200], Step [0200/0318], LR: 0.000467, Loss: 0.2179
2026-09-19 01:13:28.015567 Epoch [034/200], Step [0300/0318], LR: 0.000467, Loss: 0.2102
2026-09-19 01:13:32.052117 Epoch [034/200], Step [0318/0318], LR: 0.000467, Loss: 0.2247
Epoch: 34, Dataset: test, Dice: 0.8005, IoU: 0.7049
Epoch: 34, Dataset: val, Dice: 0.8277, IoU: 0.7346
2026-09-19 01:14:00.899726 Epoch [035/200], Step [0100/0318], LR: 0.000465, Loss: 0.2247
2026-09-19 01:14:25.979100 Epoch [035/200], Step [0200/0318], LR: 0.000465, Loss: 0.2160
2026-09-19 01:14:49.466210 Epoch [035/200], Step [0300/0318], LR: 0.000465, Loss: 0.2025
2026-09-19 01:14:53.487424 Epoch [035/200], Step [0318/0318], LR: 0.000465, Loss: 0.1988
Epoch: 35, Dataset: test, Dice: 0.8447, IoU: 0.7514
Epoch: 35, Dataset: val, Dice: 0.8525, IoU: 0.7606
2026-09-19 01:15:23.555210 Epoch [036/200], Step [0100/0318], LR: 0.000463, Loss: 0.2135
2026-09-19 01:15:50.517353 Epoch [036/200], Step [0200/0318], LR: 0.000463, Loss: 0.2082
2026-09-19 01:16:16.284537 Epoch [036/200], Step [0300/0318], LR: 0.000463, Loss: 0.2121
2026-09-19 01:16:21.159619 Epoch [036/200], Step [0318/0318], LR: 0.000463, Loss: 0.2040
Epoch: 36, Dataset: test, Dice: 0.8198, IoU: 0.7198
Epoch: 36, Dataset: val, Dice: 0.8230, IoU: 0.7242
2026-09-19 01:16:49.221412 Epoch [037/200], Step [0100/0318], LR: 0.000461, Loss: 0.1998
2026-09-19 01:17:13.606858 Epoch [037/200], Step [0200/0318], LR: 0.000461, Loss: 0.2136
2026-09-19 01:17:39.195521 Epoch [037/200], Step [0300/0318], LR: 0.000461, Loss: 0.2069
2026-09-19 01:17:43.456021 Epoch [037/200], Step [0318/0318], LR: 0.000461, Loss: 0.2108
Epoch: 37, Dataset: test, Dice: 0.8207, IoU: 0.7238
Epoch: 37, Dataset: val, Dice: 0.8529, IoU: 0.7559
2026-09-19 01:18:12.111679 Epoch [038/200], Step [0100/0318], LR: 0.000459, Loss: 0.2110
2026-09-19 01:18:36.930304 Epoch [038/200], Step [0200/0318], LR: 0.000459, Loss: 0.2097
2026-09-19 01:19:01.752948 Epoch [038/200], Step [0300/0318], LR: 0.000459, Loss: 0.2058
2026-09-19 01:19:05.947936 Epoch [038/200], Step [0318/0318], LR: 0.000459, Loss: 0.2052
Epoch: 38, Dataset: test, Dice: 0.8254, IoU: 0.7282
Epoch: 38, Dataset: val, Dice: 0.8462, IoU: 0.7482
2026-09-19 01:19:35.469780 Epoch [039/200], Step [0100/0318], LR: 0.000457, Loss: 0.2077
2026-09-19 01:20:01.224588 Epoch [039/200], Step [0200/0318], LR: 0.000457, Loss: 0.1982
2026-09-19 01:20:27.991465 Epoch [039/200], Step [0300/0318], LR: 0.000457, Loss: 0.2030
2026-09-19 01:20:32.845655 Epoch [039/200], Step [0318/0318], LR: 0.000457, Loss: 0.2030
Epoch: 39, Dataset: test, Dice: 0.8404, IoU: 0.7561
Epoch: 39, Dataset: val, Dice: 0.8502, IoU: 0.7595
2026-09-19 01:21:02.113746 Epoch [040/200], Step [0100/0318], LR: 0.000455, Loss: 0.1961
2026-09-19 01:21:27.593040 Epoch [040/200], Step [0200/0318], LR: 0.000455, Loss: 0.2066
2026-09-19 01:21:52.798366 Epoch [040/200], Step [0300/0318], LR: 0.000455, Loss: 0.2023
2026-09-19 01:21:57.148367 Epoch [040/200], Step [0318/0318], LR: 0.000455, Loss: 0.1986
Epoch: 40, Dataset: test, Dice: 0.8283, IoU: 0.7352
Epoch: 40, Dataset: val, Dice: 0.8453, IoU: 0.7475
2026-09-19 01:22:26.575909 Epoch [041/200], Step [0100/0318], LR: 0.000452, Loss: 0.1924
2026-09-19 01:22:52.058704 Epoch [041/200], Step [0200/0318], LR: 0.000452, Loss: 0.2061
2026-09-19 01:23:18.797197 Epoch [041/200], Step [0300/0318], LR: 0.000452, Loss: 0.2096
2026-09-19 01:23:23.448780 Epoch [041/200], Step [0318/0318], LR: 0.000452, Loss: 0.2233
Epoch: 41, Dataset: test, Dice: 0.8173, IoU: 0.7242
Epoch: 41, Dataset: val, Dice: 0.8530, IoU: 0.7584
2026-09-19 01:23:55.009570 Epoch [042/200], Step [0100/0318], LR: 0.000450, Loss: 0.2170
2026-09-19 01:24:19.747981 Epoch [042/200], Step [0200/0318], LR: 0.000450, Loss: 0.1982
2026-09-19 01:24:44.321792 Epoch [042/200], Step [0300/0318], LR: 0.000450, Loss: 0.1916
2026-09-19 01:24:48.718106 Epoch [042/200], Step [0318/0318], LR: 0.000450, Loss: 0.1897
Epoch: 42, Dataset: test, Dice: 0.8112, IoU: 0.7159
Epoch: 42, Dataset: val, Dice: 0.8566, IoU: 0.7634
### Best Model Saved (Dice improved from 0.8556 to 0.8566) ###
2026-09-19 01:25:17.409052 Epoch [043/200], Step [0100/0318], LR: 0.000448, Loss: 0.1964
2026-09-19 01:25:41.967716 Epoch [043/200], Step [0200/0318], LR: 0.000448, Loss: 0.2001
2026-09-19 01:26:06.778635 Epoch [043/200], Step [0300/0318], LR: 0.000448, Loss: 0.2030
2026-09-19 01:26:11.083791 Epoch [043/200], Step [0318/0318], LR: 0.000448, Loss: 0.2026
Epoch: 43, Dataset: test, Dice: 0.8077, IoU: 0.7109
Epoch: 43, Dataset: val, Dice: 0.8467, IoU: 0.7525
2026-09-19 01:26:39.500210 Epoch [044/200], Step [0100/0318], LR: 0.000445, Loss: 0.1945
2026-09-19 01:27:04.023607 Epoch [044/200], Step [0200/0318], LR: 0.000445, Loss: 0.2002
2026-09-19 01:27:29.323074 Epoch [044/200], Step [0300/0318], LR: 0.000445, Loss: 0.1917
2026-09-19 01:27:33.386667 Epoch [044/200], Step [0318/0318], LR: 0.000445, Loss: 0.1935
Epoch: 44, Dataset: test, Dice: 0.8047, IoU: 0.7087
Epoch: 44, Dataset: val, Dice: 0.8559, IoU: 0.7656
2026-09-19 01:28:00.811951 Epoch [045/200], Step [0100/0318], LR: 0.000443, Loss: 0.1929
2026-09-19 01:28:25.129142 Epoch [045/200], Step [0200/0318], LR: 0.000443, Loss: 0.1936
2026-09-19 01:28:48.720640 Epoch [045/200], Step [0300/0318], LR: 0.000443, Loss: 0.1935
2026-09-19 01:28:53.007192 Epoch [045/200], Step [0318/0318], LR: 0.000443, Loss: 0.1949
Epoch: 45, Dataset: test, Dice: 0.8161, IoU: 0.7198
Epoch: 45, Dataset: val, Dice: 0.8552, IoU: 0.7627
2026-09-19 01:29:20.812747 Epoch [046/200], Step [0100/0318], LR: 0.000440, Loss: 0.1962
2026-09-19 01:29:44.787708 Epoch [046/200], Step [0200/0318], LR: 0.000440, Loss: 0.1954
2026-09-19 01:30:09.150050 Epoch [046/200], Step [0300/0318], LR: 0.000440, Loss: 0.1924
2026-09-19 01:30:13.273240 Epoch [046/200], Step [0318/0318], LR: 0.000440, Loss: 0.1905
Epoch: 46, Dataset: test, Dice: 0.8157, IoU: 0.7213
Epoch: 46, Dataset: val, Dice: 0.8459, IoU: 0.7454
2026-09-19 01:30:41.167291 Epoch [047/200], Step [0100/0318], LR: 0.000438, Loss: 0.1914
2026-09-19 01:31:05.232137 Epoch [047/200], Step [0200/0318], LR: 0.000438, Loss: 0.1845
2026-09-19 01:31:29.140826 Epoch [047/200], Step [0300/0318], LR: 0.000438, Loss: 0.2018
2026-09-19 01:31:33.442340 Epoch [047/200], Step [0318/0318], LR: 0.000438, Loss: 0.1923
Epoch: 47, Dataset: test, Dice: 0.8182, IoU: 0.7306
Epoch: 47, Dataset: val, Dice: 0.8582, IoU: 0.7680
### Best Model Saved (Dice improved from 0.8566 to 0.8582) ###
2026-09-19 01:32:01.451634 Epoch [048/200], Step [0100/0318], LR: 0.000435, Loss: 0.1903
2026-09-19 01:32:25.663788 Epoch [048/200], Step [0200/0318], LR: 0.000435, Loss: 0.1902
2026-09-19 01:32:49.663238 Epoch [048/200], Step [0300/0318], LR: 0.000435, Loss: 0.1931
2026-09-19 01:32:54.048113 Epoch [048/200], Step [0318/0318], LR: 0.000435, Loss: 0.1982
Epoch: 48, Dataset: test, Dice: 0.8363, IoU: 0.7443
Epoch: 48, Dataset: val, Dice: 0.8412, IoU: 0.7481
2026-09-19 01:33:23.191224 Epoch [049/200], Step [0100/0318], LR: 0.000432, Loss: 0.1923
2026-09-19 01:33:49.263479 Epoch [049/200], Step [0200/0318], LR: 0.000432, Loss: 0.1866
2026-09-19 01:34:14.509205 Epoch [049/200], Step [0300/0318], LR: 0.000432, Loss: 0.1920
2026-09-19 01:34:18.670010 Epoch [049/200], Step [0318/0318], LR: 0.000432, Loss: 0.1923
Epoch: 49, Dataset: test, Dice: 0.8293, IoU: 0.7382
Epoch: 49, Dataset: val, Dice: 0.8605, IoU: 0.7689
### Best Model Saved (Dice improved from 0.8582 to 0.8605) ###
2026-09-19 01:34:47.146369 Epoch [050/200], Step [0100/0318], LR: 0.000430, Loss: 0.1944
2026-09-19 01:35:12.376713 Epoch [050/200], Step [0200/0318], LR: 0.000430, Loss: 0.1938
2026-09-19 01:35:37.125773 Epoch [050/200], Step [0300/0318], LR: 0.000430, Loss: 0.1874
2026-09-19 01:35:41.957589 Epoch [050/200], Step [0318/0318], LR: 0.000430, Loss: 0.1900
Epoch: 50, Dataset: test, Dice: 0.8217, IoU: 0.7256
Epoch: 50, Dataset: val, Dice: 0.8592, IoU: 0.7680
2026-09-19 01:36:09.979011 Epoch [051/200], Step [0100/0318], LR: 0.000427, Loss: 0.1827
2026-09-19 01:36:35.363223 Epoch [051/200], Step [0200/0318], LR: 0.000427, Loss: 0.2072
2026-09-19 01:37:00.386979 Epoch [051/200], Step [0300/0318], LR: 0.000427, Loss: 0.1793
2026-09-19 01:37:04.706965 Epoch [051/200], Step [0318/0318], LR: 0.000427, Loss: 0.1834
Epoch: 51, Dataset: test, Dice: 0.8245, IoU: 0.7359
Epoch: 51, Dataset: val, Dice: 0.8482, IoU: 0.7522
2026-09-19 01:37:33.880766 Epoch [052/200], Step [0100/0318], LR: 0.000424, Loss: 0.1836
2026-09-19 01:37:59.040989 Epoch [052/200], Step [0200/0318], LR: 0.000424, Loss: 0.1900
2026-09-19 01:38:25.242096 Epoch [052/200], Step [0300/0318], LR: 0.000424, Loss: 0.1907
2026-09-19 01:38:29.624889 Epoch [052/200], Step [0318/0318], LR: 0.000424, Loss: 0.1944
Epoch: 52, Dataset: test, Dice: 0.7787, IoU: 0.6846
Epoch: 52, Dataset: val, Dice: 0.8342, IoU: 0.7339
2026-09-19 01:38:57.866510 Epoch [053/200], Step [0100/0318], LR: 0.000421, Loss: 0.1920
2026-09-19 01:39:22.978458 Epoch [053/200], Step [0200/0318], LR: 0.000421, Loss: 0.1862
2026-09-19 01:39:47.614988 Epoch [053/200], Step [0300/0318], LR: 0.000421, Loss: 0.1818
2026-09-19 01:39:52.070171 Epoch [053/200], Step [0318/0318], LR: 0.000421, Loss: 0.1837
Epoch: 53, Dataset: test, Dice: 0.8229, IoU: 0.7289
Epoch: 53, Dataset: val, Dice: 0.8462, IoU: 0.7495
2026-09-19 01:40:20.387184 Epoch [054/200], Step [0100/0318], LR: 0.000418, Loss: 0.1792
2026-09-19 01:40:44.631328 Epoch [054/200], Step [0200/0318], LR: 0.000418, Loss: 0.1840
2026-09-19 01:41:09.371000 Epoch [054/200], Step [0300/0318], LR: 0.000418, Loss: 0.1968
2026-09-19 01:41:13.669475 Epoch [054/200], Step [0318/0318], LR: 0.000418, Loss: 0.1886
Epoch: 54, Dataset: test, Dice: 0.7944, IoU: 0.7003
Epoch: 54, Dataset: val, Dice: 0.8375, IoU: 0.7353
2026-09-19 01:41:42.208917 Epoch [055/200], Step [0100/0318], LR: 0.000415, Loss: 0.1873
2026-09-19 01:42:06.355245 Epoch [055/200], Step [0200/0318], LR: 0.000415, Loss: 0.1808
2026-09-19 01:42:31.699943 Epoch [055/200], Step [0300/0318], LR: 0.000415, Loss: 0.1874
2026-09-19 01:42:36.197582 Epoch [055/200], Step [0318/0318], LR: 0.000415, Loss: 0.1881
Epoch: 55, Dataset: test, Dice: 0.8104, IoU: 0.7136
Epoch: 55, Dataset: val, Dice: 0.8312, IoU: 0.7301
2026-09-19 01:43:05.893005 Epoch [056/200], Step [0100/0318], LR: 0.000413, Loss: 0.1759
2026-09-19 01:43:32.147512 Epoch [056/200], Step [0200/0318], LR: 0.000413, Loss: 0.1903
2026-09-19 01:43:57.903624 Epoch [056/200], Step [0300/0318], LR: 0.000413, Loss: 0.1809
2026-09-19 01:44:02.298867 Epoch [056/200], Step [0318/0318], LR: 0.000413, Loss: 0.1874
Epoch: 56, Dataset: test, Dice: 0.8071, IoU: 0.7091
Epoch: 56, Dataset: val, Dice: 0.8444, IoU: 0.7513
2026-09-19 01:44:31.783538 Epoch [057/200], Step [0100/0318], LR: 0.000410, Loss: 0.1922
2026-09-19 01:44:57.189293 Epoch [057/200], Step [0200/0318], LR: 0.000410, Loss: 0.1779
2026-09-19 01:45:22.750116 Epoch [057/200], Step [0300/0318], LR: 0.000410, Loss: 0.1884
2026-09-19 01:45:27.560070 Epoch [057/200], Step [0318/0318], LR: 0.000410, Loss: 0.1914
Epoch: 57, Dataset: test, Dice: 0.8267, IoU: 0.7367
Epoch: 57, Dataset: val, Dice: 0.8480, IoU: 0.7521
2026-09-19 01:45:57.703537 Epoch [058/200], Step [0100/0318], LR: 0.000406, Loss: 0.1815
2026-09-19 01:46:23.810406 Epoch [058/200], Step [0200/0318], LR: 0.000406, Loss: 0.1901
2026-09-19 01:46:50.084583 Epoch [058/200], Step [0300/0318], LR: 0.000406, Loss: 0.1766
2026-09-19 01:46:54.557248 Epoch [058/200], Step [0318/0318], LR: 0.000406, Loss: 0.1772
Epoch: 58, Dataset: test, Dice: 0.8146, IoU: 0.7196
Epoch: 58, Dataset: val, Dice: 0.8619, IoU: 0.7731
### Best Model Saved (Dice improved from 0.8605 to 0.8619) ###
2026-09-19 01:47:24.876008 Epoch [059/200], Step [0100/0318], LR: 0.000403, Loss: 0.1830
2026-09-19 01:47:51.208649 Epoch [059/200], Step [0200/0318], LR: 0.000403, Loss: 0.1788
2026-09-19 01:48:18.530058 Epoch [059/200], Step [0300/0318], LR: 0.000403, Loss: 0.1925
2026-09-19 01:48:22.894090 Epoch [059/200], Step [0318/0318], LR: 0.000403, Loss: 0.1849
Epoch: 59, Dataset: test, Dice: 0.7991, IoU: 0.7011
Epoch: 59, Dataset: val, Dice: 0.8440, IoU: 0.7434
2026-09-19 01:48:53.489135 Epoch [060/200], Step [0100/0318], LR: 0.000400, Loss: 0.1826
2026-09-19 01:49:19.314614 Epoch [060/200], Step [0200/0318], LR: 0.000400, Loss: 0.1851
2026-09-19 01:49:45.552128 Epoch [060/200], Step [0300/0318], LR: 0.000400, Loss: 0.1734
2026-09-19 01:49:50.353645 Epoch [060/200], Step [0318/0318], LR: 0.000400, Loss: 0.1775
Epoch: 60, Dataset: test, Dice: 0.8091, IoU: 0.7095
Epoch: 60, Dataset: val, Dice: 0.8222, IoU: 0.7177
2026-09-19 01:50:21.354686 Epoch [061/200], Step [0100/0318], LR: 0.000397, Loss: 0.1796
2026-09-19 01:50:48.099017 Epoch [061/200], Step [0200/0318], LR: 0.000397, Loss: 0.1862
2026-09-19 01:51:14.540796 Epoch [061/200], Step [0300/0318], LR: 0.000397, Loss: 0.1760
2026-09-19 01:51:19.136389 Epoch [061/200], Step [0318/0318], LR: 0.000397, Loss: 0.1805
Epoch: 61, Dataset: test, Dice: 0.8164, IoU: 0.7239
Epoch: 61, Dataset: val, Dice: 0.8518, IoU: 0.7583
2026-09-19 01:51:49.901798 Epoch [062/200], Step [0100/0318], LR: 0.000394, Loss: 0.1872
2026-09-19 01:52:16.283815 Epoch [062/200], Step [0200/0318], LR: 0.000394, Loss: 0.1749
2026-09-19 01:52:42.827895 Epoch [062/200], Step [0300/0318], LR: 0.000394, Loss: 0.1813
2026-09-19 01:52:47.283757 Epoch [062/200], Step [0318/0318], LR: 0.000394, Loss: 0.1837
Epoch: 62, Dataset: test, Dice: 0.8310, IoU: 0.7374
Epoch: 62, Dataset: val, Dice: 0.8259, IoU: 0.7248
2026-09-19 01:53:16.825069 Epoch [063/200], Step [0100/0318], LR: 0.000391, Loss: 0.1815
2026-09-19 01:53:41.808280 Epoch [063/200], Step [0200/0318], LR: 0.000391, Loss: 0.1672
2026-09-19 01:54:07.261907 Epoch [063/200], Step [0300/0318], LR: 0.000391, Loss: 0.1828
2026-09-19 01:54:11.671887 Epoch [063/200], Step [0318/0318], LR: 0.000391, Loss: 0.1838
Epoch: 63, Dataset: test, Dice: 0.8235, IoU: 0.7340
Epoch: 63, Dataset: val, Dice: 0.8528, IoU: 0.7570
2026-09-19 01:54:41.532649 Epoch [064/200], Step [0100/0318], LR: 0.000387, Loss: 0.1835
2026-09-19 01:55:06.838812 Epoch [064/200], Step [0200/0318], LR: 0.000387, Loss: 0.1815
2026-09-19 01:55:31.710119 Epoch [064/200], Step [0300/0318], LR: 0.000387, Loss: 0.1739
2026-09-19 01:55:36.133954 Epoch [064/200], Step [0318/0318], LR: 0.000387, Loss: 0.1799
Epoch: 64, Dataset: test, Dice: 0.8301, IoU: 0.7339
Epoch: 64, Dataset: val, Dice: 0.8478, IoU: 0.7483
2026-09-19 01:56:06.286792 Epoch [065/200], Step [0100/0318], LR: 0.000384, Loss: 0.1808
2026-09-19 01:56:31.656616 Epoch [065/200], Step [0200/0318], LR: 0.000384, Loss: 0.1770
2026-09-19 01:56:57.286547 Epoch [065/200], Step [0300/0318], LR: 0.000384, Loss: 0.1786
2026-09-19 01:57:01.569174 Epoch [065/200], Step [0318/0318], LR: 0.000384, Loss: 0.1783
Epoch: 65, Dataset: test, Dice: 0.8154, IoU: 0.7211
Epoch: 65, Dataset: val, Dice: 0.8256, IoU: 0.7220
2026-09-19 01:57:30.801155 Epoch [066/200], Step [0100/0318], LR: 0.000381, Loss: 0.1840
2026-09-19 01:57:56.568888 Epoch [066/200], Step [0200/0318], LR: 0.000381, Loss: 0.1720
2026-09-19 01:58:22.375990 Epoch [066/200], Step [0300/0318], LR: 0.000381, Loss: 0.1722
2026-09-19 01:58:26.699841 Epoch [066/200], Step [0318/0318], LR: 0.000381, Loss: 0.1755
Epoch: 66, Dataset: test, Dice: 0.8090, IoU: 0.7124
Epoch: 66, Dataset: val, Dice: 0.8301, IoU: 0.7272
2026-09-19 01:58:55.151380 Epoch [067/200], Step [0100/0318], LR: 0.000378, Loss: 0.1765
2026-09-19 01:59:20.178001 Epoch [067/200], Step [0200/0318], LR: 0.000378, Loss: 0.1742
2026-09-19 01:59:44.727059 Epoch [067/200], Step [0300/0318], LR: 0.000378, Loss: 0.1777
2026-09-19 01:59:49.113665 Epoch [067/200], Step [0318/0318], LR: 0.000378, Loss: 0.1817
Epoch: 67, Dataset: test, Dice: 0.8205, IoU: 0.7209
Epoch: 67, Dataset: val, Dice: 0.8096, IoU: 0.7001
2026-09-19 02:00:17.016033 Epoch [068/200], Step [0100/0318], LR: 0.000374, Loss: 0.1811
2026-09-19 02:00:41.008508 Epoch [068/200], Step [0200/0318], LR: 0.000374, Loss: 0.1747
2026-09-19 02:01:04.856427 Epoch [068/200], Step [0300/0318], LR: 0.000374, Loss: 0.1808
2026-09-19 02:01:09.034184 Epoch [068/200], Step [0318/0318], LR: 0.000374, Loss: 0.1769
Epoch: 68, Dataset: test, Dice: 0.8283, IoU: 0.7286
Epoch: 68, Dataset: val, Dice: 0.8450, IoU: 0.7475
2026-09-19 02:01:37.323166 Epoch [069/200], Step [0100/0318], LR: 0.000371, Loss: 0.1787
2026-09-19 02:02:01.414001 Epoch [069/200], Step [0200/0318], LR: 0.000371, Loss: 0.1669
2026-09-19 02:02:25.785570 Epoch [069/200], Step [0300/0318], LR: 0.000371, Loss: 0.1756
2026-09-19 02:02:30.259114 Epoch [069/200], Step [0318/0318], LR: 0.000371, Loss: 0.1817
Epoch: 69, Dataset: test, Dice: 0.7722, IoU: 0.6778
Epoch: 69, Dataset: val, Dice: 0.8165, IoU: 0.7143
2026-09-19 02:02:58.515901 Epoch [070/200], Step [0100/0318], LR: 0.000367, Loss: 0.1686
2026-09-19 02:03:22.786441 Epoch [070/200], Step [0200/0318], LR: 0.000367, Loss: 0.1830
2026-09-19 02:03:48.068569 Epoch [070/200], Step [0300/0318], LR: 0.000367, Loss: 0.1771
2026-09-19 02:03:52.140800 Epoch [070/200], Step [0318/0318], LR: 0.000367, Loss: 0.1753
Epoch: 70, Dataset: test, Dice: 0.8109, IoU: 0.7205
Epoch: 70, Dataset: val, Dice: 0.8505, IoU: 0.7525
2026-09-19 02:04:20.486293 Epoch [071/200], Step [0100/0318], LR: 0.000364, Loss: 0.1768
2026-09-19 02:04:45.868208 Epoch [071/200], Step [0200/0318], LR: 0.000364, Loss: 0.1742
2026-09-19 02:05:10.209891 Epoch [071/200], Step [0300/0318], LR: 0.000364, Loss: 0.1763
2026-09-19 02:05:14.479226 Epoch [071/200], Step [0318/0318], LR: 0.000364, Loss: 0.1820
Epoch: 71, Dataset: test, Dice: 0.8205, IoU: 0.7233
Epoch: 71, Dataset: val, Dice: 0.8452, IoU: 0.7450
2026-09-19 02:05:42.084106 Epoch [072/200], Step [0100/0318], LR: 0.000360, Loss: 0.1793
2026-09-19 02:06:06.409183 Epoch [072/200], Step [0200/0318], LR: 0.000360, Loss: 0.1677
2026-09-19 02:06:31.696585 Epoch [072/200], Step [0300/0318], LR: 0.000360, Loss: 0.1713
2026-09-19 02:06:35.637146 Epoch [072/200], Step [0318/0318], LR: 0.000360, Loss: 0.1692
Epoch: 72, Dataset: test, Dice: 0.8107, IoU: 0.7146
Epoch: 72, Dataset: val, Dice: 0.8312, IoU: 0.7318
2026-09-19 02:07:03.752917 Epoch [073/200], Step [0100/0318], LR: 0.000357, Loss: 0.1720
2026-09-19 02:07:29.629518 Epoch [073/200], Step [0200/0318], LR: 0.000357, Loss: 0.1770
2026-09-19 02:07:53.270606 Epoch [073/200], Step [0300/0318], LR: 0.000357, Loss: 0.1717
2026-09-19 02:07:57.388002 Epoch [073/200], Step [0318/0318], LR: 0.000357, Loss: 0.1715
Epoch: 73, Dataset: test, Dice: 0.8149, IoU: 0.7158
Epoch: 73, Dataset: val, Dice: 0.8285, IoU: 0.7242
2026-09-19 02:08:26.022373 Epoch [074/200], Step [0100/0318], LR: 0.000353, Loss: 0.1669
2026-09-19 02:08:50.628249 Epoch [074/200], Step [0200/0318], LR: 0.000353, Loss: 0.1723
2026-09-19 02:09:16.065785 Epoch [074/200], Step [0300/0318], LR: 0.000353, Loss: 0.1702
2026-09-19 02:09:19.981603 Epoch [074/200], Step [0318/0318], LR: 0.000353, Loss: 0.1738
Epoch: 74, Dataset: test, Dice: 0.8308, IoU: 0.7344
Epoch: 74, Dataset: val, Dice: 0.8420, IoU: 0.7418
2026-09-19 02:09:48.653194 Epoch [075/200], Step [0100/0318], LR: 0.000350, Loss: 0.1685
2026-09-19 02:10:13.121056 Epoch [075/200], Step [0200/0318], LR: 0.000350, Loss: 0.1715
2026-09-19 02:10:39.922906 Epoch [075/200], Step [0300/0318], LR: 0.000350, Loss: 0.1748
2026-09-19 02:10:44.907206 Epoch [075/200], Step [0318/0318], LR: 0.000350, Loss: 0.1771
Epoch: 75, Dataset: test, Dice: 0.7423, IoU: 0.6437
Epoch: 75, Dataset: val, Dice: 0.8041, IoU: 0.7013
2026-09-19 02:11:15.226382 Epoch [076/200], Step [0100/0318], LR: 0.000346, Loss: 0.1696
2026-09-19 02:11:39.389399 Epoch [076/200], Step [0200/0318], LR: 0.000346, Loss: 0.1723
2026-09-19 02:12:04.474740 Epoch [076/200], Step [0300/0318], LR: 0.000346, Loss: 0.1691
2026-09-19 02:12:08.620510 Epoch [076/200], Step [0318/0318], LR: 0.000346, Loss: 0.1649
Epoch: 76, Dataset: test, Dice: 0.8115, IoU: 0.7176
Epoch: 76, Dataset: val, Dice: 0.8389, IoU: 0.7364
2026-09-19 02:12:36.049764 Epoch [077/200], Step [0100/0318], LR: 0.000342, Loss: 0.1731
2026-09-19 02:13:02.401212 Epoch [077/200], Step [0200/0318], LR: 0.000342, Loss: 0.1646
2026-09-19 02:13:25.983546 Epoch [077/200], Step [0300/0318], LR: 0.000342, Loss: 0.1647
2026-09-19 02:13:30.229536 Epoch [077/200], Step [0318/0318], LR: 0.000342, Loss: 0.1677
Epoch: 77, Dataset: test, Dice: 0.8240, IoU: 0.7308
Epoch: 77, Dataset: val, Dice: 0.8562, IoU: 0.7601
2026-09-19 02:13:58.015703 Epoch [078/200], Step [0100/0318], LR: 0.000339, Loss: 0.1734
2026-09-19 02:14:21.999020 Epoch [078/200], Step [0200/0318], LR: 0.000339, Loss: 0.1687
2026-09-19 02:14:46.834735 Epoch [078/200], Step [0300/0318], LR: 0.000339, Loss: 0.1688
2026-09-19 02:14:50.937783 Epoch [078/200], Step [0318/0318], LR: 0.000339, Loss: 0.1631
Epoch: 78, Dataset: test, Dice: 0.8321, IoU: 0.7422
Epoch: 78, Dataset: val, Dice: 0.8462, IoU: 0.7457
2026-09-19 02:15:19.047682 Epoch [079/200], Step [0100/0318], LR: 0.000335, Loss: 0.1678
2026-09-19 02:15:43.221669 Epoch [079/200], Step [0200/0318], LR: 0.000335, Loss: 0.1721
2026-09-19 02:16:06.465143 Epoch [079/200], Step [0300/0318], LR: 0.000335, Loss: 0.1675
2026-09-19 02:16:10.746284 Epoch [079/200], Step [0318/0318], LR: 0.000335, Loss: 0.1617
Epoch: 79, Dataset: test, Dice: 0.8097, IoU: 0.7114
Epoch: 79, Dataset: val, Dice: 0.8357, IoU: 0.7300
2026-09-19 02:16:37.864704 Epoch [080/200], Step [0100/0318], LR: 0.000331, Loss: 0.1664
2026-09-19 02:17:00.588026 Epoch [080/200], Step [0200/0318], LR: 0.000331, Loss: 0.1688
2026-09-19 02:17:23.551818 Epoch [080/200], Step [0300/0318], LR: 0.000331, Loss: 0.1689
2026-09-19 02:17:27.736942 Epoch [080/200], Step [0318/0318], LR: 0.000331, Loss: 0.1685
Epoch: 80, Dataset: test, Dice: 0.7957, IoU: 0.6995
Epoch: 80, Dataset: val, Dice: 0.8137, IoU: 0.7074
2026-09-19 02:17:54.456779 Epoch [081/200], Step [0100/0318], LR: 0.000328, Loss: 0.1636
2026-09-19 02:18:17.830332 Epoch [081/200], Step [0200/0318], LR: 0.000328, Loss: 0.1772
2026-09-19 02:18:40.441389 Epoch [081/200], Step [0300/0318], LR: 0.000328, Loss: 0.1640
2026-09-19 02:18:44.372502 Epoch [081/200], Step [0318/0318], LR: 0.000328, Loss: 0.1634
Epoch: 81, Dataset: test, Dice: 0.7883, IoU: 0.6943
Epoch: 81, Dataset: val, Dice: 0.8223, IoU: 0.7201
2026-09-19 02:19:12.959082 Epoch [082/200], Step [0100/0318], LR: 0.000324, Loss: 0.1666
2026-09-19 02:19:37.123651 Epoch [082/200], Step [0200/0318], LR: 0.000324, Loss: 0.1624
2026-09-19 02:20:00.104856 Epoch [082/200], Step [0300/0318], LR: 0.000324, Loss: 0.1634
2026-09-19 02:20:04.017643 Epoch [082/200], Step [0318/0318], LR: 0.000324, Loss: 0.1636
Epoch: 82, Dataset: test, Dice: 0.8239, IoU: 0.7318
Epoch: 82, Dataset: val, Dice: 0.8370, IoU: 0.7335
2026-09-19 02:20:33.520761 Epoch [083/200], Step [0100/0318], LR: 0.000320, Loss: 0.1678
2026-09-19 02:20:56.551156 Epoch [083/200], Step [0200/0318], LR: 0.000320, Loss: 0.1718
2026-09-19 02:21:19.761197 Epoch [083/200], Step [0300/0318], LR: 0.000320, Loss: 0.1634
2026-09-19 02:21:24.006931 Epoch [083/200], Step [0318/0318], LR: 0.000320, Loss: 0.1699
Epoch: 83, Dataset: test, Dice: 0.8236, IoU: 0.7346
Epoch: 83, Dataset: val, Dice: 0.8524, IoU: 0.7583
2026-09-19 02:21:51.464544 Epoch [084/200], Step [0100/0318], LR: 0.000316, Loss: 0.1679
2026-09-19 02:22:14.851677 Epoch [084/200], Step [0200/0318], LR: 0.000316, Loss: 0.1650
2026-09-19 02:22:38.109971 Epoch [084/200], Step [0300/0318], LR: 0.000316, Loss: 0.1637
2026-09-19 02:22:42.791756 Epoch [084/200], Step [0318/0318], LR: 0.000316, Loss: 0.1708
Epoch: 84, Dataset: test, Dice: 0.8148, IoU: 0.7215
Epoch: 84, Dataset: val, Dice: 0.8451, IoU: 0.7449
2026-09-19 02:23:10.031719 Epoch [085/200], Step [0100/0318], LR: 0.000313, Loss: 0.1636
2026-09-19 02:23:33.189869 Epoch [085/200], Step [0200/0318], LR: 0.000313, Loss: 0.1658
2026-09-19 02:23:58.115777 Epoch [085/200], Step [0300/0318], LR: 0.000313, Loss: 0.1651
2026-09-19 02:24:02.538027 Epoch [085/200], Step [0318/0318], LR: 0.000313, Loss: 0.1604
Epoch: 85, Dataset: test, Dice: 0.8366, IoU: 0.7462
Epoch: 85, Dataset: val, Dice: 0.8391, IoU: 0.7366
2026-09-19 02:24:32.144819 Epoch [086/200], Step [0100/0318], LR: 0.000309, Loss: 0.1629
2026-09-19 02:24:57.925378 Epoch [086/200], Step [0200/0318], LR: 0.000309, Loss: 0.1614
2026-09-19 02:25:22.934799 Epoch [086/200], Step [0300/0318], LR: 0.000309, Loss: 0.1735
2026-09-19 02:25:27.242323 Epoch [086/200], Step [0318/0318], LR: 0.000309, Loss: 0.1697
Epoch: 86, Dataset: test, Dice: 0.8202, IoU: 0.7284
Epoch: 86, Dataset: val, Dice: 0.8513, IoU: 0.7528
2026-09-19 02:25:55.782489 Epoch [087/200], Step [0100/0318], LR: 0.000305, Loss: 0.1625
2026-09-19 02:26:20.673606 Epoch [087/200], Step [0200/0318], LR: 0.000305, Loss: 0.1598
2026-09-19 02:26:45.678767 Epoch [087/200], Step [0300/0318], LR: 0.000305, Loss: 0.1656
2026-09-19 02:26:50.323964 Epoch [087/200], Step [0318/0318], LR: 0.000305, Loss: 0.1606
Epoch: 87, Dataset: test, Dice: 0.8086, IoU: 0.7121
Epoch: 87, Dataset: val, Dice: 0.8436, IoU: 0.7442
2026-09-19 02:27:18.495019 Epoch [088/200], Step [0100/0318], LR: 0.000301, Loss: 0.1633
2026-09-19 02:27:43.351294 Epoch [088/200], Step [0200/0318], LR: 0.000301, Loss: 0.1631
2026-09-19 02:28:07.860646 Epoch [088/200], Step [0300/0318], LR: 0.000301, Loss: 0.1662
2026-09-19 02:28:12.711505 Epoch [088/200], Step [0318/0318], LR: 0.000301, Loss: 0.1644
Epoch: 88, Dataset: test, Dice: 0.8206, IoU: 0.7232
Epoch: 88, Dataset: val, Dice: 0.8419, IoU: 0.7435
2026-09-19 02:28:41.536508 Epoch [089/200], Step [0100/0318], LR: 0.000297, Loss: 0.1615
2026-09-19 02:29:05.338478 Epoch [089/200], Step [0200/0318], LR: 0.000297, Loss: 0.1648
2026-09-19 02:29:30.268653 Epoch [089/200], Step [0300/0318], LR: 0.000297, Loss: 0.1640
2026-09-19 02:29:34.463770 Epoch [089/200], Step [0318/0318], LR: 0.000297, Loss: 0.1671
Epoch: 89, Dataset: test, Dice: 0.8196, IoU: 0.7285
Epoch: 89, Dataset: val, Dice: 0.8494, IoU: 0.7508
2026-09-19 02:30:03.399015 Epoch [090/200], Step [0100/0318], LR: 0.000293, Loss: 0.1681
2026-09-19 02:30:28.671990 Epoch [090/200], Step [0200/0318], LR: 0.000293, Loss: 0.1566
2026-09-19 02:30:53.737206 Epoch [090/200], Step [0300/0318], LR: 0.000293, Loss: 0.1620
2026-09-19 02:30:58.214292 Epoch [090/200], Step [0318/0318], LR: 0.000293, Loss: 0.1611
Epoch: 90, Dataset: test, Dice: 0.8037, IoU: 0.7036
Epoch: 90, Dataset: val, Dice: 0.8321, IoU: 0.7279
2026-09-19 02:31:27.950146 Epoch [091/200], Step [0100/0318], LR: 0.000290, Loss: 0.1631
2026-09-19 02:31:53.341759 Epoch [091/200], Step [0200/0318], LR: 0.000290, Loss: 0.1636
2026-09-19 02:32:18.926768 Epoch [091/200], Step [0300/0318], LR: 0.000290, Loss: 0.1634
2026-09-19 02:32:23.303191 Epoch [091/200], Step [0318/0318], LR: 0.000290, Loss: 0.1669
Epoch: 91, Dataset: test, Dice: 0.8117, IoU: 0.7166
Epoch: 91, Dataset: val, Dice: 0.8361, IoU: 0.7318
2026-09-19 02:32:52.688899 Epoch [092/200], Step [0100/0318], LR: 0.000286, Loss: 0.1628
2026-09-19 02:33:18.242095 Epoch [092/200], Step [0200/0318], LR: 0.000286, Loss: 0.1631
2026-09-19 02:33:43.212811 Epoch [092/200], Step [0300/0318], LR: 0.000286, Loss: 0.1567
2026-09-19 02:33:47.412987 Epoch [092/200], Step [0318/0318], LR: 0.000286, Loss: 0.1574
Epoch: 92, Dataset: test, Dice: 0.8185, IoU: 0.7255
Epoch: 92, Dataset: val, Dice: 0.8455, IoU: 0.7466
2026-09-19 02:34:16.264071 Epoch [093/200], Step [0100/0318], LR: 0.000282, Loss: 0.1616
2026-09-19 02:34:41.473783 Epoch [093/200], Step [0200/0318], LR: 0.000282, Loss: 0.1617
2026-09-19 02:35:07.201988 Epoch [093/200], Step [0300/0318], LR: 0.000282, Loss: 0.1635
2026-09-19 02:35:11.605421 Epoch [093/200], Step [0318/0318], LR: 0.000282, Loss: 0.1602
Epoch: 93, Dataset: test, Dice: 0.8383, IoU: 0.7463
Epoch: 93, Dataset: val, Dice: 0.8527, IoU: 0.7553
2026-09-19 02:35:41.787776 Epoch [094/200], Step [0100/0318], LR: 0.000278, Loss: 0.1641
2026-09-19 02:36:08.153273 Epoch [094/200], Step [0200/0318], LR: 0.000278, Loss: 0.1619
2026-09-19 02:36:34.110403 Epoch [094/200], Step [0300/0318], LR: 0.000278, Loss: 0.1586
2026-09-19 02:36:38.976086 Epoch [094/200], Step [0318/0318], LR: 0.000278, Loss: 0.1685
Epoch: 94, Dataset: test, Dice: 0.8360, IoU: 0.7441
Epoch: 94, Dataset: val, Dice: 0.8485, IoU: 0.7499
2026-09-19 02:37:09.230133 Epoch [095/200], Step [0100/0318], LR: 0.000274, Loss: 0.1581
2026-09-19 02:37:35.421928 Epoch [095/200], Step [0200/0318], LR: 0.000274, Loss: 0.1538
2026-09-19 02:38:01.597972 Epoch [095/200], Step [0300/0318], LR: 0.000274, Loss: 0.1614
2026-09-19 02:38:06.004133 Epoch [095/200], Step [0318/0318], LR: 0.000274, Loss: 0.1577
Epoch: 95, Dataset: test, Dice: 0.8276, IoU: 0.7326
Epoch: 95, Dataset: val, Dice: 0.8522, IoU: 0.7535
2026-09-19 02:38:35.952002 Epoch [096/200], Step [0100/0318], LR: 0.000270, Loss: 0.1632
2026-09-19 02:39:02.401561 Epoch [096/200], Step [0200/0318], LR: 0.000270, Loss: 0.1606
2026-09-19 02:39:28.991063 Epoch [096/200], Step [0300/0318], LR: 0.000270, Loss: 0.1554
2026-09-19 02:39:33.590276 Epoch [096/200], Step [0318/0318], LR: 0.000270, Loss: 0.1584
Epoch: 96, Dataset: test, Dice: 0.8298, IoU: 0.7362
Epoch: 96, Dataset: val, Dice: 0.8471, IoU: 0.7475
2026-09-19 02:40:04.342086 Epoch [097/200], Step [0100/0318], LR: 0.000266, Loss: 0.1647
2026-09-19 02:40:30.722449 Epoch [097/200], Step [0200/0318], LR: 0.000266, Loss: 0.1576
2026-09-19 02:40:57.155164 Epoch [097/200], Step [0300/0318], LR: 0.000266, Loss: 0.1639
2026-09-19 02:41:01.667467 Epoch [097/200], Step [0318/0318], LR: 0.000266, Loss: 0.1621
Epoch: 97, Dataset: test, Dice: 0.8315, IoU: 0.7384
Epoch: 97, Dataset: val, Dice: 0.8515, IoU: 0.7557
2026-09-19 02:41:32.559833 Epoch [098/200], Step [0100/0318], LR: 0.000262, Loss: 0.1564
2026-09-19 02:41:59.242541 Epoch [098/200], Step [0200/0318], LR: 0.000262, Loss: 0.1576
2026-09-19 02:42:26.312623 Epoch [098/200], Step [0300/0318], LR: 0.000262, Loss: 0.1614
2026-09-19 02:42:30.933653 Epoch [098/200], Step [0318/0318], LR: 0.000262, Loss: 0.1634
Epoch: 98, Dataset: test, Dice: 0.8299, IoU: 0.7424
Epoch: 98, Dataset: val, Dice: 0.8553, IoU: 0.7599
2026-09-19 02:43:01.624853 Epoch [099/200], Step [0100/0318], LR: 0.000258, Loss: 0.1483
2026-09-19 02:43:27.949095 Epoch [099/200], Step [0200/0318], LR: 0.000258, Loss: 0.1581
2026-09-19 02:43:54.486525 Epoch [099/200], Step [0300/0318], LR: 0.000258, Loss: 0.1608
2026-09-19 02:43:58.983039 Epoch [099/200], Step [0318/0318], LR: 0.000258, Loss: 0.1623
Epoch: 99, Dataset: test, Dice: 0.6391, IoU: 0.5356
Epoch: 99, Dataset: val, Dice: 0.7624, IoU: 0.6663
2026-09-19 02:44:29.158588 Epoch [100/200], Step [0100/0318], LR: 0.000254, Loss: 0.1524
2026-09-19 02:44:54.726150 Epoch [100/200], Step [0200/0318], LR: 0.000254, Loss: 0.1628
2026-09-19 02:45:20.060003 Epoch [100/200], Step [0300/0318], LR: 0.000254, Loss: 0.1571
2026-09-19 02:45:24.314410 Epoch [100/200], Step [0318/0318], LR: 0.000254, Loss: 0.1607
Epoch: 100, Dataset: test, Dice: 0.8262, IoU: 0.7344
Epoch: 100, Dataset: val, Dice: 0.8487, IoU: 0.7508
2026-09-19 02:45:53.630064 Epoch [101/200], Step [0100/0318], LR: 0.000250, Loss: 0.1581
2026-09-19 02:46:18.597819 Epoch [101/200], Step [0200/0318], LR: 0.000250, Loss: 0.1561
2026-09-19 02:46:43.364463 Epoch [101/200], Step [0300/0318], LR: 0.000250, Loss: 0.1550
2026-09-19 02:46:47.683976 Epoch [101/200], Step [0318/0318], LR: 0.000250, Loss: 0.1595
Epoch: 101, Dataset: test, Dice: 0.7895, IoU: 0.6851
Epoch: 101, Dataset: val, Dice: 0.8066, IoU: 0.7000
2026-09-19 02:47:16.228361 Epoch [102/200], Step [0100/0318], LR: 0.000247, Loss: 0.1534
2026-09-19 02:47:41.701453 Epoch [102/200], Step [0200/0318], LR: 0.000247, Loss: 0.1525
2026-09-19 02:48:07.122849 Epoch [102/200], Step [0300/0318], LR: 0.000247, Loss: 0.1609
2026-09-19 02:48:11.413187 Epoch [102/200], Step [0318/0318], LR: 0.000247, Loss: 0.1526
Epoch: 102, Dataset: test, Dice: 0.8003, IoU: 0.7042
Epoch: 102, Dataset: val, Dice: 0.8421, IoU: 0.7409
2026-09-19 02:48:40.026063 Epoch [103/200], Step [0100/0318], LR: 0.000243, Loss: 0.1565
2026-09-19 02:49:04.651255 Epoch [103/200], Step [0200/0318], LR: 0.000243, Loss: 0.1507
2026-09-19 02:49:29.483849 Epoch [103/200], Step [0300/0318], LR: 0.000243, Loss: 0.1568
2026-09-19 02:49:33.910726 Epoch [103/200], Step [0318/0318], LR: 0.000243, Loss: 0.1573
Epoch: 103, Dataset: test, Dice: 0.8258, IoU: 0.7287
Epoch: 103, Dataset: val, Dice: 0.8439, IoU: 0.7442
2026-09-19 02:50:03.223290 Epoch [104/200], Step [0100/0318], LR: 0.000239, Loss: 0.1547
2026-09-19 02:50:28.560687 Epoch [104/200], Step [0200/0318], LR: 0.000239, Loss: 0.1562
2026-09-19 02:50:53.575967 Epoch [104/200], Step [0300/0318], LR: 0.000239, Loss: 0.1542
2026-09-19 02:50:57.996420 Epoch [104/200], Step [0318/0318], LR: 0.000239, Loss: 0.1597
Epoch: 104, Dataset: test, Dice: 0.8242, IoU: 0.7280
Epoch: 104, Dataset: val, Dice: 0.8446, IoU: 0.7447
2026-09-19 02:51:26.560078 Epoch [105/200], Step [0100/0318], LR: 0.000235, Loss: 0.1567
2026-09-19 02:51:51.158976 Epoch [105/200], Step [0200/0318], LR: 0.000235, Loss: 0.1529
2026-09-19 02:52:15.538041 Epoch [105/200], Step [0300/0318], LR: 0.000235, Loss: 0.1620
2026-09-19 02:52:19.597169 Epoch [105/200], Step [0318/0318], LR: 0.000235, Loss: 0.1593
Epoch: 105, Dataset: test, Dice: 0.8263, IoU: 0.7328
Epoch: 105, Dataset: val, Dice: 0.8432, IoU: 0.7449
2026-09-19 02:52:48.074048 Epoch [106/200], Step [0100/0318], LR: 0.000231, Loss: 0.1558
2026-09-19 02:53:12.814852 Epoch [106/200], Step [0200/0318], LR: 0.000231, Loss: 0.1537
2026-09-19 02:53:37.757503 Epoch [106/200], Step [0300/0318], LR: 0.000231, Loss: 0.1510
2026-09-19 02:53:42.317238 Epoch [106/200], Step [0318/0318], LR: 0.000231, Loss: 0.1521
Epoch: 106, Dataset: test, Dice: 0.8103, IoU: 0.7152
Epoch: 106, Dataset: val, Dice: 0.8303, IoU: 0.7265
2026-09-19 02:54:11.605872 Epoch [107/200], Step [0100/0318], LR: 0.000227, Loss: 0.1590
2026-09-19 02:54:36.228160 Epoch [107/200], Step [0200/0318], LR: 0.000227, Loss: 0.1548
2026-09-19 02:55:01.078314 Epoch [107/200], Step [0300/0318], LR: 0.000227, Loss: 0.1580
2026-09-19 02:55:05.387930 Epoch [107/200], Step [0318/0318], LR: 0.000227, Loss: 0.1533
Epoch: 107, Dataset: test, Dice: 0.8276, IoU: 0.7341
Epoch: 107, Dataset: val, Dice: 0.8480, IoU: 0.7510
2026-09-19 02:55:34.343572 Epoch [108/200], Step [0100/0318], LR: 0.000223, Loss: 0.1538
2026-09-19 02:55:59.410680 Epoch [108/200], Step [0200/0318], LR: 0.000223, Loss: 0.1518
2026-09-19 02:56:24.289016 Epoch [108/200], Step [0300/0318], LR: 0.000223, Loss: 0.1572
2026-09-19 02:56:28.611338 Epoch [108/200], Step [0318/0318], LR: 0.000223, Loss: 0.1558
Epoch: 108, Dataset: test, Dice: 0.7817, IoU: 0.6818
Epoch: 108, Dataset: val, Dice: 0.8152, IoU: 0.7152
2026-09-19 02:56:57.388371 Epoch [109/200], Step [0100/0318], LR: 0.000219, Loss: 0.1516
2026-09-19 02:57:22.258207 Epoch [109/200], Step [0200/0318], LR: 0.000219, Loss: 0.1588
2026-09-19 02:57:46.658898 Epoch [109/200], Step [0300/0318], LR: 0.000219, Loss: 0.1551
2026-09-19 02:57:50.928623 Epoch [109/200], Step [0318/0318], LR: 0.000219, Loss: 0.1569
Epoch: 109, Dataset: test, Dice: 0.8233, IoU: 0.7248
Epoch: 109, Dataset: val, Dice: 0.8264, IoU: 0.7257
2026-09-19 02:58:19.692973 Epoch [110/200], Step [0100/0318], LR: 0.000215, Loss: 0.1562
2026-09-19 02:58:44.595769 Epoch [110/200], Step [0200/0318], LR: 0.000215, Loss: 0.1522
2026-09-19 02:59:09.365202 Epoch [110/200], Step [0300/0318], LR: 0.000215, Loss: 0.1512
2026-09-19 02:59:13.484214 Epoch [110/200], Step [0318/0318], LR: 0.000215, Loss: 0.1497
Epoch: 110, Dataset: test, Dice: 0.8218, IoU: 0.7227
Epoch: 110, Dataset: val, Dice: 0.8371, IoU: 0.7380
2026-09-19 02:59:42.168885 Epoch [111/200], Step [0100/0318], LR: 0.000211, Loss: 0.1518
2026-09-19 03:00:07.393875 Epoch [111/200], Step [0200/0318], LR: 0.000211, Loss: 0.1514
2026-09-19 03:00:33.716304 Epoch [111/200], Step [0300/0318], LR: 0.000211, Loss: 0.1516
2026-09-19 03:00:38.051898 Epoch [111/200], Step [0318/0318], LR: 0.000211, Loss: 0.1554
Epoch: 111, Dataset: test, Dice: 0.7688, IoU: 0.6628
Epoch: 111, Dataset: val, Dice: 0.8103, IoU: 0.7082
2026-09-19 03:01:07.688255 Epoch [112/200], Step [0100/0318], LR: 0.000208, Loss: 0.1507
2026-09-19 03:01:33.961052 Epoch [112/200], Step [0200/0318], LR: 0.000208, Loss: 0.1493
2026-09-19 03:02:01.062110 Epoch [112/200], Step [0300/0318], LR: 0.000208, Loss: 0.1497
2026-09-19 03:02:05.621123 Epoch [112/200], Step [0318/0318], LR: 0.000208, Loss: 0.1504
Epoch: 112, Dataset: test, Dice: 0.8390, IoU: 0.7459
Epoch: 112, Dataset: val, Dice: 0.8415, IoU: 0.7447
2026-09-19 03:02:34.690368 Epoch [113/200], Step [0100/0318], LR: 0.000204, Loss: 0.1497
2026-09-19 03:03:00.055992 Epoch [113/200], Step [0200/0318], LR: 0.000204, Loss: 0.1517
2026-09-19 03:03:26.497879 Epoch [113/200], Step [0300/0318], LR: 0.000204, Loss: 0.1472
2026-09-19 03:03:31.027621 Epoch [113/200], Step [0318/0318], LR: 0.000204, Loss: 0.1517
Epoch: 113, Dataset: test, Dice: 0.8138, IoU: 0.7160
Epoch: 113, Dataset: val, Dice: 0.8385, IoU: 0.7366
2026-09-19 03:04:00.307831 Epoch [114/200], Step [0100/0318], LR: 0.000200, Loss: 0.1481
2026-09-19 03:04:25.266900 Epoch [114/200], Step [0200/0318], LR: 0.000200, Loss: 0.1496
2026-09-19 03:04:49.866250 Epoch [114/200], Step [0300/0318], LR: 0.000200, Loss: 0.1535
2026-09-19 03:04:54.230778 Epoch [114/200], Step [0318/0318], LR: 0.000200, Loss: 0.1568
Epoch: 114, Dataset: test, Dice: 0.8289, IoU: 0.7351
Epoch: 114, Dataset: val, Dice: 0.8441, IoU: 0.7441
2026-09-19 03:05:22.038127 Epoch [115/200], Step [0100/0318], LR: 0.000196, Loss: 0.1508
2026-09-19 03:05:45.969407 Epoch [115/200], Step [0200/0318], LR: 0.000196, Loss: 0.1463
2026-09-19 03:06:09.861998 Epoch [115/200], Step [0300/0318], LR: 0.000196, Loss: 0.1520
2026-09-19 03:06:14.005493 Epoch [115/200], Step [0318/0318], LR: 0.000196, Loss: 0.1530
Epoch: 115, Dataset: test, Dice: 0.8367, IoU: 0.7442
Epoch: 115, Dataset: val, Dice: 0.8487, IoU: 0.7505
2026-09-19 03:06:42.382629 Epoch [116/200], Step [0100/0318], LR: 0.000192, Loss: 0.1487
2026-09-19 03:07:06.252289 Epoch [116/200], Step [0200/0318], LR: 0.000192, Loss: 0.1594
2026-09-19 03:07:30.425916 Epoch [116/200], Step [0300/0318], LR: 0.000192, Loss: 0.1510
2026-09-19 03:07:34.649264 Epoch [116/200], Step [0318/0318], LR: 0.000192, Loss: 0.1478
Epoch: 116, Dataset: test, Dice: 0.8333, IoU: 0.7424
Epoch: 116, Dataset: val, Dice: 0.8502, IoU: 0.7537
2026-09-19 03:08:02.470205 Epoch [117/200], Step [0100/0318], LR: 0.000188, Loss: 0.1512
2026-09-19 03:08:26.443525 Epoch [117/200], Step [0200/0318], LR: 0.000188, Loss: 0.1588
2026-09-19 03:08:50.366983 Epoch [117/200], Step [0300/0318], LR: 0.000188, Loss: 0.1511
2026-09-19 03:08:54.419199 Epoch [117/200], Step [0318/0318], LR: 0.000188, Loss: 0.1480
Epoch: 117, Dataset: test, Dice: 0.8233, IoU: 0.7296
Epoch: 117, Dataset: val, Dice: 0.8402, IoU: 0.7381
2026-09-19 03:09:22.139778 Epoch [118/200], Step [0100/0318], LR: 0.000185, Loss: 0.1432
2026-09-19 03:09:45.895581 Epoch [118/200], Step [0200/0318], LR: 0.000185, Loss: 0.1495
2026-09-19 03:10:09.943249 Epoch [118/200], Step [0300/0318], LR: 0.000185, Loss: 0.1512
2026-09-19 03:10:14.163576 Epoch [118/200], Step [0318/0318], LR: 0.000185, Loss: 0.1529
Epoch: 118, Dataset: test, Dice: 0.8331, IoU: 0.7417
Epoch: 118, Dataset: val, Dice: 0.8422, IoU: 0.7413
2026-09-19 03:10:42.159673 Epoch [119/200], Step [0100/0318], LR: 0.000181, Loss: 0.1519
2026-09-19 03:11:06.121849 Epoch [119/200], Step [0200/0318], LR: 0.000181, Loss: 0.1547
2026-09-19 03:11:29.968454 Epoch [119/200], Step [0300/0318], LR: 0.000181, Loss: 0.1488
2026-09-19 03:11:34.062518 Epoch [119/200], Step [0318/0318], LR: 0.000181, Loss: 0.1462
Epoch: 119, Dataset: test, Dice: 0.8216, IoU: 0.7281
Epoch: 119, Dataset: val, Dice: 0.8389, IoU: 0.7366
2026-09-19 03:12:03.143240 Epoch [120/200], Step [0100/0318], LR: 0.000177, Loss: 0.1604
2026-09-19 03:12:28.281825 Epoch [120/200], Step [0200/0318], LR: 0.000177, Loss: 0.1459
2026-09-19 03:12:52.252712 Epoch [120/200], Step [0300/0318], LR: 0.000177, Loss: 0.1482
2026-09-19 03:12:56.325450 Epoch [120/200], Step [0318/0318], LR: 0.000177, Loss: 0.1570
Epoch: 120, Dataset: test, Dice: 0.8159, IoU: 0.7151
Epoch: 120, Dataset: val, Dice: 0.8358, IoU: 0.7354
2026-09-19 03:13:24.276885 Epoch [121/200], Step [0100/0318], LR: 0.000173, Loss: 0.1490
2026-09-19 03:13:49.203213 Epoch [121/200], Step [0200/0318], LR: 0.000173, Loss: 0.1469
2026-09-19 03:14:13.580279 Epoch [121/200], Step [0300/0318], LR: 0.000173, Loss: 0.1494
2026-09-19 03:14:17.721763 Epoch [121/200], Step [0318/0318], LR: 0.000173, Loss: 0.1464
Epoch: 121, Dataset: test, Dice: 0.8308, IoU: 0.7369
Epoch: 121, Dataset: val, Dice: 0.8452, IoU: 0.7467
2026-09-19 03:14:46.487213 Epoch [122/200], Step [0100/0318], LR: 0.000170, Loss: 0.1491
2026-09-19 03:15:11.341119 Epoch [122/200], Step [0200/0318], LR: 0.000170, Loss: 0.1495
2026-09-19 03:15:36.808394 Epoch [122/200], Step [0300/0318], LR: 0.000170, Loss: 0.1492
2026-09-19 03:15:41.040586 Epoch [122/200], Step [0318/0318], LR: 0.000170, Loss: 0.1481
Epoch: 122, Dataset: test, Dice: 0.8317, IoU: 0.7395
Epoch: 122, Dataset: val, Dice: 0.8439, IoU: 0.7451
2026-09-19 03:16:09.793097 Epoch [123/200], Step [0100/0318], LR: 0.000166, Loss: 0.1507
2026-09-19 03:16:34.637928 Epoch [123/200], Step [0200/0318], LR: 0.000166, Loss: 0.1528
2026-09-19 03:17:00.025417 Epoch [123/200], Step [0300/0318], LR: 0.000166, Loss: 0.1466
2026-09-19 03:17:04.478452 Epoch [123/200], Step [0318/0318], LR: 0.000166, Loss: 0.1473
Epoch: 123, Dataset: test, Dice: 0.7767, IoU: 0.6720
Epoch: 123, Dataset: val, Dice: 0.7945, IoU: 0.6883
2026-09-19 03:17:33.247939 Epoch [124/200], Step [0100/0318], LR: 0.000162, Loss: 0.1446
2026-09-19 03:17:58.622718 Epoch [124/200], Step [0200/0318], LR: 0.000162, Loss: 0.1497
2026-09-19 03:18:23.870385 Epoch [124/200], Step [0300/0318], LR: 0.000162, Loss: 0.1440
2026-09-19 03:18:28.716969 Epoch [124/200], Step [0318/0318], LR: 0.000162, Loss: 0.1481
Epoch: 124, Dataset: test, Dice: 0.8316, IoU: 0.7382
Epoch: 124, Dataset: val, Dice: 0.8478, IoU: 0.7492
2026-09-19 03:18:57.777162 Epoch [125/200], Step [0100/0318], LR: 0.000159, Loss: 0.1461
2026-09-19 03:19:22.878024 Epoch [125/200], Step [0200/0318], LR: 0.000159, Loss: 0.1485
2026-09-19 03:19:47.678210 Epoch [125/200], Step [0300/0318], LR: 0.000159, Loss: 0.1444
2026-09-19 03:19:51.967222 Epoch [125/200], Step [0318/0318], LR: 0.000159, Loss: 0.1484
Epoch: 125, Dataset: test, Dice: 0.8188, IoU: 0.7239
Epoch: 125, Dataset: val, Dice: 0.8406, IoU: 0.7397
2026-09-19 03:20:21.761003 Epoch [126/200], Step [0100/0318], LR: 0.000155, Loss: 0.1503
2026-09-19 03:20:46.625145 Epoch [126/200], Step [0200/0318], LR: 0.000155, Loss: 0.1506
2026-09-19 03:21:11.537093 Epoch [126/200], Step [0300/0318], LR: 0.000155, Loss: 0.1478
2026-09-19 03:21:15.831667 Epoch [126/200], Step [0318/0318], LR: 0.000155, Loss: 0.1483
Epoch: 126, Dataset: test, Dice: 0.8226, IoU: 0.7290
Epoch: 126, Dataset: val, Dice: 0.8403, IoU: 0.7376
2026-09-19 03:21:44.406695 Epoch [127/200], Step [0100/0318], LR: 0.000151, Loss: 0.1503
2026-09-19 03:22:08.713622 Epoch [127/200], Step [0200/0318], LR: 0.000151, Loss: 0.1464
2026-09-19 03:22:33.870366 Epoch [127/200], Step [0300/0318], LR: 0.000151, Loss: 0.1497
2026-09-19 03:22:38.324045 Epoch [127/200], Step [0318/0318], LR: 0.000151, Loss: 0.1505
Epoch: 127, Dataset: test, Dice: 0.8397, IoU: 0.7473
Epoch: 127, Dataset: val, Dice: 0.8402, IoU: 0.7383
2026-09-19 03:23:08.102104 Epoch [128/200], Step [0100/0318], LR: 0.000148, Loss: 0.1429
2026-09-19 03:23:33.501654 Epoch [128/200], Step [0200/0318], LR: 0.000148, Loss: 0.1557
2026-09-19 03:23:59.383920 Epoch [128/200], Step [0300/0318], LR: 0.000148, Loss: 0.1493
2026-09-19 03:24:04.943991 Epoch [128/200], Step [0318/0318], LR: 0.000148, Loss: 0.1453
Epoch: 128, Dataset: test, Dice: 0.8295, IoU: 0.7374
Epoch: 128, Dataset: val, Dice: 0.8427, IoU: 0.7421
2026-09-19 03:24:34.366510 Epoch [129/200], Step [0100/0318], LR: 0.000144, Loss: 0.1462
2026-09-19 03:25:00.006653 Epoch [129/200], Step [0200/0318], LR: 0.000144, Loss: 0.1437
2026-09-19 03:25:26.696879 Epoch [129/200], Step [0300/0318], LR: 0.000144, Loss: 0.1455
2026-09-19 03:25:31.302526 Epoch [129/200], Step [0318/0318], LR: 0.000144, Loss: 0.1411
Epoch: 129, Dataset: test, Dice: 0.8283, IoU: 0.7326
Epoch: 129, Dataset: val, Dice: 0.8315, IoU: 0.7284
2026-09-19 03:26:02.191435 Epoch [130/200], Step [0100/0318], LR: 0.000141, Loss: 0.1471
2026-09-19 03:26:28.835382 Epoch [130/200], Step [0200/0318], LR: 0.000141, Loss: 0.1463
2026-09-19 03:26:55.587640 Epoch [130/200], Step [0300/0318], LR: 0.000141, Loss: 0.1472
2026-09-19 03:27:00.301860 Epoch [130/200], Step [0318/0318], LR: 0.000141, Loss: 0.1563
Epoch: 130, Dataset: test, Dice: 0.8056, IoU: 0.7103
Epoch: 130, Dataset: val, Dice: 0.8171, IoU: 0.7152
2026-09-19 03:27:30.563498 Epoch [131/200], Step [0100/0318], LR: 0.000137, Loss: 0.1474
2026-09-19 03:27:57.271758 Epoch [131/200], Step [0200/0318], LR: 0.000137, Loss: 0.1465
2026-09-19 03:28:24.479726 Epoch [131/200], Step [0300/0318], LR: 0.000137, Loss: 0.1472
2026-09-19 03:28:29.055947 Epoch [131/200], Step [0318/0318], LR: 0.000137, Loss: 0.1456
Epoch: 131, Dataset: test, Dice: 0.8257, IoU: 0.7331
Epoch: 131, Dataset: val, Dice: 0.8422, IoU: 0.7423
2026-09-19 03:28:59.153263 Epoch [132/200], Step [0100/0318], LR: 0.000134, Loss: 0.1453
2026-09-19 03:29:25.893427 Epoch [132/200], Step [0200/0318], LR: 0.000134, Loss: 0.1515
2026-09-19 03:29:52.059569 Epoch [132/200], Step [0300/0318], LR: 0.000134, Loss: 0.1453
2026-09-19 03:29:56.727604 Epoch [132/200], Step [0318/0318], LR: 0.000134, Loss: 0.1455
Epoch: 132, Dataset: test, Dice: 0.7879, IoU: 0.6909
Epoch: 132, Dataset: val, Dice: 0.8007, IoU: 0.6973
2026-09-19 03:30:27.995652 Epoch [133/200], Step [0100/0318], LR: 0.000130, Loss: 0.1444
2026-09-19 03:30:54.956949 Epoch [133/200], Step [0200/0318], LR: 0.000130, Loss: 0.1458
2026-09-19 03:31:21.932991 Epoch [133/200], Step [0300/0318], LR: 0.000130, Loss: 0.1488
2026-09-19 03:31:26.571090 Epoch [133/200], Step [0318/0318], LR: 0.000130, Loss: 0.1457
Epoch: 133, Dataset: test, Dice: 0.8234, IoU: 0.7290
Epoch: 133, Dataset: val, Dice: 0.8461, IoU: 0.7479
2026-09-19 03:31:57.291961 Epoch [134/200], Step [0100/0318], LR: 0.000127, Loss: 0.1432
2026-09-19 03:32:23.596619 Epoch [134/200], Step [0200/0318], LR: 0.000127, Loss: 0.1470
2026-09-19 03:32:49.784859 Epoch [134/200], Step [0300/0318], LR: 0.000127, Loss: 0.1509
2026-09-19 03:32:54.176207 Epoch [134/200], Step [0318/0318], LR: 0.000127, Loss: 0.1511
Epoch: 134, Dataset: test, Dice: 0.8279, IoU: 0.7328
Epoch: 134, Dataset: val, Dice: 0.8462, IoU: 0.7489
2026-09-19 03:33:23.953746 Epoch [135/200], Step [0100/0318], LR: 0.000123, Loss: 0.1449
2026-09-19 03:33:49.856476 Epoch [135/200], Step [0200/0318], LR: 0.000123, Loss: 0.1476
2026-09-19 03:34:15.760206 Epoch [135/200], Step [0300/0318], LR: 0.000123, Loss: 0.1407
2026-09-19 03:34:20.225201 Epoch [135/200], Step [0318/0318], LR: 0.000123, Loss: 0.1428
Epoch: 135, Dataset: test, Dice: 0.8217, IoU: 0.7252
Epoch: 135, Dataset: val, Dice: 0.8400, IoU: 0.7396
2026-09-19 03:34:49.989281 Epoch [136/200], Step [0100/0318], LR: 0.000120, Loss: 0.1474
2026-09-19 03:35:15.588747 Epoch [136/200], Step [0200/0318], LR: 0.000120, Loss: 0.1464
2026-09-19 03:35:41.590292 Epoch [136/200], Step [0300/0318], LR: 0.000120, Loss: 0.1442
2026-09-19 03:35:46.011641 Epoch [136/200], Step [0318/0318], LR: 0.000120, Loss: 0.1460
Epoch: 136, Dataset: test, Dice: 0.8378, IoU: 0.7448
Epoch: 136, Dataset: val, Dice: 0.8421, IoU: 0.7426
2026-09-19 03:36:16.121783 Epoch [137/200], Step [0100/0318], LR: 0.000117, Loss: 0.1465
2026-09-19 03:36:41.957630 Epoch [137/200], Step [0200/0318], LR: 0.000117, Loss: 0.1444
2026-09-19 03:37:07.132725 Epoch [137/200], Step [0300/0318], LR: 0.000117, Loss: 0.1439
2026-09-19 03:37:11.463853 Epoch [137/200], Step [0318/0318], LR: 0.000117, Loss: 0.1471
Epoch: 137, Dataset: test, Dice: 0.8261, IoU: 0.7284
Epoch: 137, Dataset: val, Dice: 0.8367, IoU: 0.7373
2026-09-19 03:37:41.075593 Epoch [138/200], Step [0100/0318], LR: 0.000114, Loss: 0.1457
2026-09-19 03:38:06.577239 Epoch [138/200], Step [0200/0318], LR: 0.000114, Loss: 0.1478
2026-09-19 03:38:32.075616 Epoch [138/200], Step [0300/0318], LR: 0.000114, Loss: 0.1426
2026-09-19 03:38:36.541044 Epoch [138/200], Step [0318/0318], LR: 0.000114, Loss: 0.1477
Epoch: 138, Dataset: test, Dice: 0.8206, IoU: 0.7228
Epoch: 138, Dataset: val, Dice: 0.8412, IoU: 0.7398
2026-09-19 03:39:05.926323 Epoch [139/200], Step [0100/0318], LR: 0.000110, Loss: 0.1487
2026-09-19 03:39:30.978387 Epoch [139/200], Step [0200/0318], LR: 0.000110, Loss: 0.1448
2026-09-19 03:39:56.477975 Epoch [139/200], Step [0300/0318], LR: 0.000110, Loss: 0.1473
2026-09-19 03:40:00.802882 Epoch [139/200], Step [0318/0318], LR: 0.000110, Loss: 0.1478
Epoch: 139, Dataset: test, Dice: 0.7952, IoU: 0.6978
Epoch: 139, Dataset: val, Dice: 0.8070, IoU: 0.7039
2026-09-19 03:40:29.956471 Epoch [140/200], Step [0100/0318], LR: 0.000107, Loss: 0.1413
2026-09-19 03:40:55.778272 Epoch [140/200], Step [0200/0318], LR: 0.000107, Loss: 0.1464
2026-09-19 03:41:21.559498 Epoch [140/200], Step [0300/0318], LR: 0.000107, Loss: 0.1479
2026-09-19 03:41:26.082207 Epoch [140/200], Step [0318/0318], LR: 0.000107, Loss: 0.1446
Epoch: 140, Dataset: test, Dice: 0.8297, IoU: 0.7349
Epoch: 140, Dataset: val, Dice: 0.8453, IoU: 0.7463
2026-09-19 03:41:55.654682 Epoch [141/200], Step [0100/0318], LR: 0.000104, Loss: 0.1456
2026-09-19 03:42:21.761067 Epoch [141/200], Step [0200/0318], LR: 0.000104, Loss: 0.1481
2026-09-19 03:42:47.843554 Epoch [141/200], Step [0300/0318], LR: 0.000104, Loss: 0.1455
2026-09-19 03:42:52.246109 Epoch [141/200], Step [0318/0318], LR: 0.000104, Loss: 0.1500
Epoch: 141, Dataset: test, Dice: 0.8120, IoU: 0.7168
Epoch: 141, Dataset: val, Dice: 0.8032, IoU: 0.6967
2026-09-19 03:43:21.982460 Epoch [142/200], Step [0100/0318], LR: 0.000101, Loss: 0.1426
2026-09-19 03:43:47.985444 Epoch [142/200], Step [0200/0318], LR: 0.000101, Loss: 0.1450
2026-09-19 03:44:14.014754 Epoch [142/200], Step [0300/0318], LR: 0.000101, Loss: 0.1445
2026-09-19 03:44:18.442451 Epoch [142/200], Step [0318/0318], LR: 0.000101, Loss: 0.1450
Epoch: 142, Dataset: test, Dice: 0.8245, IoU: 0.7297
Epoch: 142, Dataset: val, Dice: 0.8325, IoU: 0.7282
2026-09-19 03:44:48.590752 Epoch [143/200], Step [0100/0318], LR: 0.000098, Loss: 0.1419
2026-09-19 03:45:13.832586 Epoch [143/200], Step [0200/0318], LR: 0.000098, Loss: 0.1443
2026-09-19 03:45:38.261614 Epoch [143/200], Step [0300/0318], LR: 0.000098, Loss: 0.1454
2026-09-19 03:45:42.415345 Epoch [143/200], Step [0318/0318], LR: 0.000098, Loss: 0.1438
Epoch: 143, Dataset: test, Dice: 0.8210, IoU: 0.7273
Epoch: 143, Dataset: val, Dice: 0.8439, IoU: 0.7450
2026-09-19 03:46:11.249087 Epoch [144/200], Step [0100/0318], LR: 0.000095, Loss: 0.1419
2026-09-19 03:46:35.650219 Epoch [144/200], Step [0200/0318], LR: 0.000095, Loss: 0.1439
2026-09-19 03:47:00.500452 Epoch [144/200], Step [0300/0318], LR: 0.000095, Loss: 0.1394
2026-09-19 03:47:04.705226 Epoch [144/200], Step [0318/0318], LR: 0.000095, Loss: 0.1356
Epoch: 144, Dataset: test, Dice: 0.8271, IoU: 0.7308
Epoch: 144, Dataset: val, Dice: 0.8369, IoU: 0.7355
2026-09-19 03:47:33.075850 Epoch [145/200], Step [0100/0318], LR: 0.000091, Loss: 0.1461
2026-09-19 03:47:58.050781 Epoch [145/200], Step [0200/0318], LR: 0.000091, Loss: 0.1379
2026-09-19 03:48:22.584666 Epoch [145/200], Step [0300/0318], LR: 0.000091, Loss: 0.1415
2026-09-19 03:48:26.650086 Epoch [145/200], Step [0318/0318], LR: 0.000091, Loss: 0.1374
Epoch: 145, Dataset: test, Dice: 0.8135, IoU: 0.7182
Epoch: 145, Dataset: val, Dice: 0.8428, IoU: 0.7435
2026-09-19 03:48:54.984371 Epoch [146/200], Step [0100/0318], LR: 0.000088, Loss: 0.1454
2026-09-19 03:49:19.958596 Epoch [146/200], Step [0200/0318], LR: 0.000088, Loss: 0.1471
2026-09-19 03:49:44.041271 Epoch [146/200], Step [0300/0318], LR: 0.000088, Loss: 0.1455
2026-09-19 03:49:48.236844 Epoch [146/200], Step [0318/0318], LR: 0.000088, Loss: 0.1391
Epoch: 146, Dataset: test, Dice: 0.8206, IoU: 0.7253
Epoch: 146, Dataset: val, Dice: 0.8415, IoU: 0.7409
2026-09-19 03:50:16.811093 Epoch [147/200], Step [0100/0318], LR: 0.000086, Loss: 0.1484
2026-09-19 03:50:41.818215 Epoch [147/200], Step [0200/0318], LR: 0.000086, Loss: 0.1355
2026-09-19 03:51:06.512145 Epoch [147/200], Step [0300/0318], LR: 0.000086, Loss: 0.1454
2026-09-19 03:51:10.976520 Epoch [147/200], Step [0318/0318], LR: 0.000086, Loss: 0.1512
Epoch: 147, Dataset: test, Dice: 0.8265, IoU: 0.7330
Epoch: 147, Dataset: val, Dice: 0.8436, IoU: 0.7440
2026-09-19 03:51:40.932664 Epoch [148/200], Step [0100/0318], LR: 0.000083, Loss: 0.1440
2026-09-19 03:52:06.024458 Epoch [148/200], Step [0200/0318], LR: 0.000083, Loss: 0.1419
2026-09-19 03:52:30.592635 Epoch [148/200], Step [0300/0318], LR: 0.000083, Loss: 0.1435
2026-09-19 03:52:35.078313 Epoch [148/200], Step [0318/0318], LR: 0.000083, Loss: 0.1382
Epoch: 148, Dataset: test, Dice: 0.8274, IoU: 0.7328
Epoch: 148, Dataset: val, Dice: 0.8444, IoU: 0.7444
2026-09-19 03:53:04.192863 Epoch [149/200], Step [0100/0318], LR: 0.000080, Loss: 0.1352
2026-09-19 03:53:28.901489 Epoch [149/200], Step [0200/0318], LR: 0.000080, Loss: 0.1528
2026-09-19 03:53:52.782620 Epoch [149/200], Step [0300/0318], LR: 0.000080, Loss: 0.1425
2026-09-19 03:53:56.894343 Epoch [149/200], Step [0318/0318], LR: 0.000080, Loss: 0.1432
Epoch: 149, Dataset: test, Dice: 0.8312, IoU: 0.7386
Epoch: 149, Dataset: val, Dice: 0.8437, IoU: 0.7441
2026-09-19 03:54:24.776273 Epoch [150/200], Step [0100/0318], LR: 0.000077, Loss: 0.1384
2026-09-19 03:54:49.658344 Epoch [150/200], Step [0200/0318], LR: 0.000077, Loss: 0.1456
2026-09-19 03:55:14.145026 Epoch [150/200], Step [0300/0318], LR: 0.000077, Loss: 0.1407
2026-09-19 03:55:18.079681 Epoch [150/200], Step [0318/0318], LR: 0.000077, Loss: 0.1359
Epoch: 150, Dataset: test, Dice: 0.8315, IoU: 0.7353
Epoch: 150, Dataset: val, Dice: 0.8440, IoU: 0.7466
2026-09-19 03:55:46.629562 Epoch [151/200], Step [0100/0318], LR: 0.000074, Loss: 0.1357
2026-09-19 03:56:11.093910 Epoch [151/200], Step [0200/0318], LR: 0.000074, Loss: 0.1388
2026-09-19 03:56:35.686768 Epoch [151/200], Step [0300/0318], LR: 0.000074, Loss: 0.1431
2026-09-19 03:56:39.968319 Epoch [151/200], Step [0318/0318], LR: 0.000074, Loss: 0.1397
Epoch: 151, Dataset: test, Dice: 0.8366, IoU: 0.7427
Epoch: 151, Dataset: val, Dice: 0.8436, IoU: 0.7460
2026-09-19 03:57:07.548866 Epoch [152/200], Step [0100/0318], LR: 0.000071, Loss: 0.1439
2026-09-19 03:57:31.010193 Epoch [152/200], Step [0200/0318], LR: 0.000071, Loss: 0.1393
2026-09-19 03:57:54.935256 Epoch [152/200], Step [0300/0318], LR: 0.000071, Loss: 0.1409
2026-09-19 03:57:59.316659 Epoch [152/200], Step [0318/0318], LR: 0.000071, Loss: 0.1401
Epoch: 152, Dataset: test, Dice: 0.8390, IoU: 0.7462
Epoch: 152, Dataset: val, Dice: 0.8353, IoU: 0.7335
2026-09-19 03:58:27.724991 Epoch [153/200], Step [0100/0318], LR: 0.000069, Loss: 0.1467
2026-09-19 03:58:51.687440 Epoch [153/200], Step [0200/0318], LR: 0.000069, Loss: 0.1425
2026-09-19 03:59:15.918423 Epoch [153/200], Step [0300/0318], LR: 0.000069, Loss: 0.1427
2026-09-19 03:59:20.129533 Epoch [153/200], Step [0318/0318], LR: 0.000069, Loss: 0.1424
Epoch: 153, Dataset: test, Dice: 0.8167, IoU: 0.7221
Epoch: 153, Dataset: val, Dice: 0.8407, IoU: 0.7401
2026-09-19 03:59:48.796522 Epoch [154/200], Step [0100/0318], LR: 0.000066, Loss: 0.1427
2026-09-19 04:00:13.323353 Epoch [154/200], Step [0200/0318], LR: 0.000066, Loss: 0.1450
2026-09-19 04:00:38.424789 Epoch [154/200], Step [0300/0318], LR: 0.000066, Loss: 0.1379
2026-09-19 04:00:42.682980 Epoch [154/200], Step [0318/0318], LR: 0.000066, Loss: 0.1372
Epoch: 154, Dataset: test, Dice: 0.8230, IoU: 0.7245
Epoch: 154, Dataset: val, Dice: 0.8356, IoU: 0.7372
2026-09-19 04:01:11.255458 Epoch [155/200], Step [0100/0318], LR: 0.000063, Loss: 0.1444
2026-09-19 04:01:35.216626 Epoch [155/200], Step [0200/0318], LR: 0.000063, Loss: 0.1457
2026-09-19 04:01:59.385145 Epoch [155/200], Step [0300/0318], LR: 0.000063, Loss: 0.1387
2026-09-19 04:02:03.550673 Epoch [155/200], Step [0318/0318], LR: 0.000063, Loss: 0.1419
Epoch: 155, Dataset: test, Dice: 0.8354, IoU: 0.7407
Epoch: 155, Dataset: val, Dice: 0.8372, IoU: 0.7348
2026-09-19 04:02:31.610445 Epoch [156/200], Step [0100/0318], LR: 0.000061, Loss: 0.1411
2026-09-19 04:02:55.467752 Epoch [156/200], Step [0200/0318], LR: 0.000061, Loss: 0.1402
2026-09-19 04:03:19.785184 Epoch [156/200], Step [0300/0318], LR: 0.000061, Loss: 0.1436
2026-09-19 04:03:23.848876 Epoch [156/200], Step [0318/0318], LR: 0.000061, Loss: 0.1432
Epoch: 156, Dataset: test, Dice: 0.8409, IoU: 0.7484
Epoch: 156, Dataset: val, Dice: 0.8455, IoU: 0.7473
2026-09-19 04:03:52.387916 Epoch [157/200], Step [0100/0318], LR: 0.000058, Loss: 0.1440
2026-09-19 04:04:18.364354 Epoch [157/200], Step [0200/0318], LR: 0.000058, Loss: 0.1403
2026-09-19 04:04:44.417838 Epoch [157/200], Step [0300/0318], LR: 0.000058, Loss: 0.1386
2026-09-19 04:04:49.278113 Epoch [157/200], Step [0318/0318], LR: 0.000058, Loss: 0.1407
Epoch: 157, Dataset: test, Dice: 0.8025, IoU: 0.7059
Epoch: 157, Dataset: val, Dice: 0.8056, IoU: 0.6978
2026-09-19 04:05:18.337564 Epoch [158/200], Step [0100/0318], LR: 0.000056, Loss: 0.1421
2026-09-19 04:05:43.362046 Epoch [158/200], Step [0200/0318], LR: 0.000056, Loss: 0.1439
2026-09-19 04:06:08.762792 Epoch [158/200], Step [0300/0318], LR: 0.000056, Loss: 0.1419
2026-09-19 04:06:13.589445 Epoch [158/200], Step [0318/0318], LR: 0.000056, Loss: 0.1473
Epoch: 158, Dataset: test, Dice: 0.6497, IoU: 0.5482
Epoch: 158, Dataset: val, Dice: 0.7378, IoU: 0.6356
2026-09-19 04:06:44.322089 Epoch [159/200], Step [0100/0318], LR: 0.000053, Loss: 0.1412
2026-09-19 04:07:08.452167 Epoch [159/200], Step [0200/0318], LR: 0.000053, Loss: 0.1421
2026-09-19 04:07:34.419674 Epoch [159/200], Step [0300/0318], LR: 0.000053, Loss: 0.1388
2026-09-19 04:07:39.038853 Epoch [159/200], Step [0318/0318], LR: 0.000053, Loss: 0.1419
Epoch: 159, Dataset: test, Dice: 0.8205, IoU: 0.7239
Epoch: 159, Dataset: val, Dice: 0.8260, IoU: 0.7283
2026-09-19 04:08:07.921416 Epoch [160/200], Step [0100/0318], LR: 0.000051, Loss: 0.1430
2026-09-19 04:08:32.593006 Epoch [160/200], Step [0200/0318], LR: 0.000051, Loss: 0.1388
2026-09-19 04:08:57.384175 Epoch [160/200], Step [0300/0318], LR: 0.000051, Loss: 0.1440
2026-09-19 04:09:01.574466 Epoch [160/200], Step [0318/0318], LR: 0.000051, Loss: 0.1422
Epoch: 160, Dataset: test, Dice: 0.8404, IoU: 0.7494
Epoch: 160, Dataset: val, Dice: 0.8470, IoU: 0.7494
2026-09-19 04:09:29.322636 Epoch [161/200], Step [0100/0318], LR: 0.000049, Loss: 0.1381
2026-09-19 04:09:54.776148 Epoch [161/200], Step [0200/0318], LR: 0.000049, Loss: 0.1436
2026-09-19 04:10:20.591116 Epoch [161/200], Step [0300/0318], LR: 0.000049, Loss: 0.1422
2026-09-19 04:10:25.059186 Epoch [161/200], Step [0318/0318], LR: 0.000049, Loss: 0.1414
Epoch: 161, Dataset: test, Dice: 0.8286, IoU: 0.7302
Epoch: 161, Dataset: val, Dice: 0.8405, IoU: 0.7416
2026-09-19 04:10:53.716158 Epoch [162/200], Step [0100/0318], LR: 0.000046, Loss: 0.1420
2026-09-19 04:11:18.434251 Epoch [162/200], Step [0200/0318], LR: 0.000046, Loss: 0.1364
2026-09-19 04:11:42.570380 Epoch [162/200], Step [0300/0318], LR: 0.000046, Loss: 0.1371
2026-09-19 04:11:46.638046 Epoch [162/200], Step [0318/0318], LR: 0.000046, Loss: 0.1395
Epoch: 162, Dataset: test, Dice: 0.8064, IoU: 0.7112
Epoch: 162, Dataset: val, Dice: 0.8051, IoU: 0.7003
2026-09-19 04:12:14.926024 Epoch [163/200], Step [0100/0318], LR: 0.000044, Loss: 0.1370
2026-09-19 04:12:40.542373 Epoch [163/200], Step [0200/0318], LR: 0.000044, Loss: 0.1413
2026-09-19 04:13:06.498447 Epoch [163/200], Step [0300/0318], LR: 0.000044, Loss: 0.1331
2026-09-19 04:13:11.233498 Epoch [163/200], Step [0318/0318], LR: 0.000044, Loss: 0.1391
Epoch: 163, Dataset: test, Dice: 0.8205, IoU: 0.7263
Epoch: 163, Dataset: val, Dice: 0.8393, IoU: 0.7382
2026-09-19 04:13:41.706601 Epoch [164/200], Step [0100/0318], LR: 0.000042, Loss: 0.1412
2026-09-19 04:14:08.508674 Epoch [164/200], Step [0200/0318], LR: 0.000042, Loss: 0.1384
2026-09-19 04:14:34.542010 Epoch [164/200], Step [0300/0318], LR: 0.000042, Loss: 0.1422
2026-09-19 04:14:39.116261 Epoch [164/200], Step [0318/0318], LR: 0.000042, Loss: 0.1465
Epoch: 164, Dataset: test, Dice: 0.8323, IoU: 0.7398
Epoch: 164, Dataset: val, Dice: 0.8445, IoU: 0.7454
2026-09-19 04:15:09.125091 Epoch [165/200], Step [0100/0318], LR: 0.000040, Loss: 0.1447
2026-09-19 04:15:35.137154 Epoch [165/200], Step [0200/0318], LR: 0.000040, Loss: 0.1301
2026-09-19 04:16:01.386584 Epoch [165/200], Step [0300/0318], LR: 0.000040, Loss: 0.1447
2026-09-19 04:16:06.140906 Epoch [165/200], Step [0318/0318], LR: 0.000040, Loss: 0.1459
Epoch: 165, Dataset: test, Dice: 0.8256, IoU: 0.7334
Epoch: 165, Dataset: val, Dice: 0.8459, IoU: 0.7474
2026-09-19 04:16:36.399560 Epoch [166/200], Step [0100/0318], LR: 0.000038, Loss: 0.1440
2026-09-19 04:17:02.654194 Epoch [166/200], Step [0200/0318], LR: 0.000038, Loss: 0.1366
2026-09-19 04:17:28.867714 Epoch [166/200], Step [0300/0318], LR: 0.000038, Loss: 0.1446
2026-09-19 04:17:33.478437 Epoch [166/200], Step [0318/0318], LR: 0.000038, Loss: 0.1418
Epoch: 166, Dataset: test, Dice: 0.8251, IoU: 0.7317
Epoch: 166, Dataset: val, Dice: 0.8417, IoU: 0.7406
2026-09-19 04:18:03.781128 Epoch [167/200], Step [0100/0318], LR: 0.000036, Loss: 0.1426
2026-09-19 04:18:29.839290 Epoch [167/200], Step [0200/0318], LR: 0.000036, Loss: 0.1416
2026-09-19 04:18:55.699921 Epoch [167/200], Step [0300/0318], LR: 0.000036, Loss: 0.1409
2026-09-19 04:19:00.202234 Epoch [167/200], Step [0318/0318], LR: 0.000036, Loss: 0.1423
Epoch: 167, Dataset: test, Dice: 0.8197, IoU: 0.7244
Epoch: 167, Dataset: val, Dice: 0.8421, IoU: 0.7417
2026-09-19 04:19:30.148851 Epoch [168/200], Step [0100/0318], LR: 0.000034, Loss: 0.1393
2026-09-19 04:19:55.502147 Epoch [168/200], Step [0200/0318], LR: 0.000034, Loss: 0.1469
2026-09-19 04:20:21.336712 Epoch [168/200], Step [0300/0318], LR: 0.000034, Loss: 0.1402
2026-09-19 04:20:25.832510 Epoch [168/200], Step [0318/0318], LR: 0.000034, Loss: 0.1414
Epoch: 168, Dataset: test, Dice: 0.8262, IoU: 0.7322
Epoch: 168, Dataset: val, Dice: 0.8406, IoU: 0.7396
2026-09-19 04:20:56.201609 Epoch [169/200], Step [0100/0318], LR: 0.000032, Loss: 0.1393
2026-09-19 04:21:21.903522 Epoch [169/200], Step [0200/0318], LR: 0.000032, Loss: 0.1434
2026-09-19 04:21:47.628807 Epoch [169/200], Step [0300/0318], LR: 0.000032, Loss: 0.1408
2026-09-19 04:21:52.062199 Epoch [169/200], Step [0318/0318], LR: 0.000032, Loss: 0.1450
Epoch: 169, Dataset: test, Dice: 0.7980, IoU: 0.7017
Epoch: 169, Dataset: val, Dice: 0.7974, IoU: 0.6891
2026-09-19 04:22:21.933181 Epoch [170/200], Step [0100/0318], LR: 0.000030, Loss: 0.1385
2026-09-19 04:22:47.405322 Epoch [170/200], Step [0200/0318], LR: 0.000030, Loss: 0.1358
2026-09-19 04:23:12.952563 Epoch [170/200], Step [0300/0318], LR: 0.000030, Loss: 0.1426
2026-09-19 04:23:17.358069 Epoch [170/200], Step [0318/0318], LR: 0.000030, Loss: 0.1386
Epoch: 170, Dataset: test, Dice: 0.8242, IoU: 0.7306
Epoch: 170, Dataset: val, Dice: 0.8454, IoU: 0.7471
2026-09-19 04:23:47.298386 Epoch [171/200], Step [0100/0318], LR: 0.000028, Loss: 0.1365
2026-09-19 04:24:13.672793 Epoch [171/200], Step [0200/0318], LR: 0.000028, Loss: 0.1424
2026-09-19 04:24:39.505203 Epoch [171/200], Step [0300/0318], LR: 0.000028, Loss: 0.1394
2026-09-19 04:24:44.159275 Epoch [171/200], Step [0318/0318], LR: 0.000028, Loss: 0.1367
Epoch: 171, Dataset: test, Dice: 0.8237, IoU: 0.7299
Epoch: 171, Dataset: val, Dice: 0.8428, IoU: 0.7423
2026-09-19 04:25:14.081472 Epoch [172/200], Step [0100/0318], LR: 0.000026, Loss: 0.1414
2026-09-19 04:25:39.828644 Epoch [172/200], Step [0200/0318], LR: 0.000026, Loss: 0.1369
2026-09-19 04:26:05.724459 Epoch [172/200], Step [0300/0318], LR: 0.000026, Loss: 0.1368
2026-09-19 04:26:10.137671 Epoch [172/200], Step [0318/0318], LR: 0.000026, Loss: 0.1414
Epoch: 172, Dataset: test, Dice: 0.8222, IoU: 0.7274
Epoch: 172, Dataset: val, Dice: 0.8351, IoU: 0.7324
2026-09-19 04:26:39.712204 Epoch [173/200], Step [0100/0318], LR: 0.000025, Loss: 0.1381
2026-09-19 04:27:05.772133 Epoch [173/200], Step [0200/0318], LR: 0.000025, Loss: 0.1391
2026-09-19 04:27:32.144306 Epoch [173/200], Step [0300/0318], LR: 0.000025, Loss: 0.1389
2026-09-19 04:27:36.528659 Epoch [173/200], Step [0318/0318], LR: 0.000025, Loss: 0.1470
Epoch: 173, Dataset: test, Dice: 0.8435, IoU: 0.7524
Epoch: 173, Dataset: val, Dice: 0.8432, IoU: 0.7441
2026-09-19 04:28:06.039596 Epoch [174/200], Step [0100/0318], LR: 0.000023, Loss: 0.1394
2026-09-19 04:28:31.904096 Epoch [174/200], Step [0200/0318], LR: 0.000023, Loss: 0.1374
2026-09-19 04:28:57.389042 Epoch [174/200], Step [0300/0318], LR: 0.000023, Loss: 0.1408
2026-09-19 04:29:01.668615 Epoch [174/200], Step [0318/0318], LR: 0.000023, Loss: 0.1510
Epoch: 174, Dataset: test, Dice: 0.8356, IoU: 0.7412
Epoch: 174, Dataset: val, Dice: 0.8405, IoU: 0.7423
2026-09-19 04:29:31.441245 Epoch [175/200], Step [0100/0318], LR: 0.000022, Loss: 0.1376
2026-09-19 04:29:57.004470 Epoch [175/200], Step [0200/0318], LR: 0.000022, Loss: 0.1358
2026-09-19 04:30:22.574425 Epoch [175/200], Step [0300/0318], LR: 0.000022, Loss: 0.1407
2026-09-19 04:30:27.048401 Epoch [175/200], Step [0318/0318], LR: 0.000022, Loss: 0.1415
Epoch: 175, Dataset: test, Dice: 0.8242, IoU: 0.7298
Epoch: 175, Dataset: val, Dice: 0.8408, IoU: 0.7406
2026-09-19 04:30:56.878776 Epoch [176/200], Step [0100/0318], LR: 0.000020, Loss: 0.1351
2026-09-19 04:31:22.914975 Epoch [176/200], Step [0200/0318], LR: 0.000020, Loss: 0.1340
2026-09-19 04:31:48.452759 Epoch [176/200], Step [0300/0318], LR: 0.000020, Loss: 0.1404
2026-09-19 04:31:52.868569 Epoch [176/200], Step [0318/0318], LR: 0.000020, Loss: 0.1426
Epoch: 176, Dataset: test, Dice: 0.8292, IoU: 0.7380
Epoch: 176, Dataset: val, Dice: 0.8390, IoU: 0.7370
2026-09-19 04:32:22.086132 Epoch [177/200], Step [0100/0318], LR: 0.000019, Loss: 0.1382
2026-09-19 04:32:47.240669 Epoch [177/200], Step [0200/0318], LR: 0.000019, Loss: 0.1403
2026-09-19 04:33:12.520838 Epoch [177/200], Step [0300/0318], LR: 0.000019, Loss: 0.1373
2026-09-19 04:33:16.703099 Epoch [177/200], Step [0318/0318], LR: 0.000019, Loss: 0.1401
Epoch: 177, Dataset: test, Dice: 0.8289, IoU: 0.7366
Epoch: 177, Dataset: val, Dice: 0.8393, IoU: 0.7375
2026-09-19 04:33:44.997733 Epoch [178/200], Step [0100/0318], LR: 0.000017, Loss: 0.1349
2026-09-19 04:34:10.595089 Epoch [178/200], Step [0200/0318], LR: 0.000017, Loss: 0.1435
2026-09-19 04:34:36.117936 Epoch [178/200], Step [0300/0318], LR: 0.000017, Loss: 0.1380
2026-09-19 04:34:40.338756 Epoch [178/200], Step [0318/0318], LR: 0.000017, Loss: 0.1389
Epoch: 178, Dataset: test, Dice: 0.8284, IoU: 0.7338
Epoch: 178, Dataset: val, Dice: 0.8438, IoU: 0.7440
2026-09-19 04:35:09.500596 Epoch [179/200], Step [0100/0318], LR: 0.000016, Loss: 0.1400
2026-09-19 04:35:34.621163 Epoch [179/200], Step [0200/0318], LR: 0.000016, Loss: 0.1385
2026-09-19 04:35:59.999051 Epoch [179/200], Step [0300/0318], LR: 0.000016, Loss: 0.1431
2026-09-19 04:36:04.507398 Epoch [179/200], Step [0318/0318], LR: 0.000016, Loss: 0.1363
Epoch: 179, Dataset: test, Dice: 0.8298, IoU: 0.7320
Epoch: 179, Dataset: val, Dice: 0.8361, IoU: 0.7339
2026-09-19 04:36:34.184272 Epoch [180/200], Step [0100/0318], LR: 0.000014, Loss: 0.1398
2026-09-19 04:36:59.269700 Epoch [180/200], Step [0200/0318], LR: 0.000014, Loss: 0.1344
2026-09-19 04:37:24.279885 Epoch [180/200], Step [0300/0318], LR: 0.000014, Loss: 0.1370
2026-09-19 04:37:28.555051 Epoch [180/200], Step [0318/0318], LR: 0.000014, Loss: 0.1349
Epoch: 180, Dataset: test, Dice: 0.8317, IoU: 0.7362
Epoch: 180, Dataset: val, Dice: 0.8371, IoU: 0.7377
2026-09-19 04:37:57.067770 Epoch [181/200], Step [0100/0318], LR: 0.000013, Loss: 0.1433
2026-09-19 04:38:21.164472 Epoch [181/200], Step [0200/0318], LR: 0.000013, Loss: 0.1363
2026-09-19 04:38:45.703042 Epoch [181/200], Step [0300/0318], LR: 0.000013, Loss: 0.1385
2026-09-19 04:38:49.994236 Epoch [181/200], Step [0318/0318], LR: 0.000013, Loss: 0.1356
Epoch: 181, Dataset: test, Dice: 0.8265, IoU: 0.7335
Epoch: 181, Dataset: val, Dice: 0.8413, IoU: 0.7414
2026-09-19 04:39:19.108293 Epoch [182/200], Step [0100/0318], LR: 0.000012, Loss: 0.1377
2026-09-19 04:39:43.436425 Epoch [182/200], Step [0200/0318], LR: 0.000012, Loss: 0.1391
2026-09-19 04:40:07.983331 Epoch [182/200], Step [0300/0318], LR: 0.000012, Loss: 0.1349
2026-09-19 04:40:12.181780 Epoch [182/200], Step [0318/0318], LR: 0.000012, Loss: 0.1377
Epoch: 182, Dataset: test, Dice: 0.8396, IoU: 0.7481
Epoch: 182, Dataset: val, Dice: 0.8397, IoU: 0.7392
2026-09-19 04:40:40.558972 Epoch [183/200], Step [0100/0318], LR: 0.000011, Loss: 0.1371
2026-09-19 04:41:05.506836 Epoch [183/200], Step [0200/0318], LR: 0.000011, Loss: 0.1400
2026-09-19 04:41:31.958109 Epoch [183/200], Step [0300/0318], LR: 0.000011, Loss: 0.1387
2026-09-19 04:41:36.285579 Epoch [183/200], Step [0318/0318], LR: 0.000011, Loss: 0.1373
Epoch: 183, Dataset: test, Dice: 0.8321, IoU: 0.7379
Epoch: 183, Dataset: val, Dice: 0.8450, IoU: 0.7476
2026-09-19 04:42:05.028126 Epoch [184/200], Step [0100/0318], LR: 0.000010, Loss: 0.1396
2026-09-19 04:42:29.736718 Epoch [184/200], Step [0200/0318], LR: 0.000010, Loss: 0.1349
2026-09-19 04:42:53.854916 Epoch [184/200], Step [0300/0318], LR: 0.000010, Loss: 0.1443
2026-09-19 04:42:58.148455 Epoch [184/200], Step [0318/0318], LR: 0.000010, Loss: 0.1389
Epoch: 184, Dataset: test, Dice: 0.8233, IoU: 0.7287
Epoch: 184, Dataset: val, Dice: 0.8426, IoU: 0.7430
2026-09-19 04:43:25.762461 Epoch [185/200], Step [0100/0318], LR: 0.000009, Loss: 0.1354
2026-09-19 04:43:49.498196 Epoch [185/200], Step [0200/0318], LR: 0.000009, Loss: 0.1360
2026-09-19 04:44:13.377732 Epoch [185/200], Step [0300/0318], LR: 0.000009, Loss: 0.1436
2026-09-19 04:44:17.524489 Epoch [185/200], Step [0318/0318], LR: 0.000009, Loss: 0.1395
Epoch: 185, Dataset: test, Dice: 0.8277, IoU: 0.7332
Epoch: 185, Dataset: val, Dice: 0.8416, IoU: 0.7413
2026-09-19 04:44:45.695790 Epoch [186/200], Step [0100/0318], LR: 0.000008, Loss: 0.1379
2026-09-19 04:45:09.518307 Epoch [186/200], Step [0200/0318], LR: 0.000008, Loss: 0.1353
2026-09-19 04:45:33.368632 Epoch [186/200], Step [0300/0318], LR: 0.000008, Loss: 0.1412
2026-09-19 04:45:37.689973 Epoch [186/200], Step [0318/0318], LR: 0.000008, Loss: 0.1428
Epoch: 186, Dataset: test, Dice: 0.8306, IoU: 0.7380
Epoch: 186, Dataset: val, Dice: 0.8396, IoU: 0.7388
2026-09-19 04:46:05.021592 Epoch [187/200], Step [0100/0318], LR: 0.000007, Loss: 0.1396
2026-09-19 04:46:28.250606 Epoch [187/200], Step [0200/0318], LR: 0.000007, Loss: 0.1344
2026-09-19 04:46:51.942926 Epoch [187/200], Step [0300/0318], LR: 0.000007, Loss: 0.1375
2026-09-19 04:46:56.066035 Epoch [187/200], Step [0318/0318], LR: 0.000007, Loss: 0.1420
Epoch: 187, Dataset: test, Dice: 0.8385, IoU: 0.7459
Epoch: 187, Dataset: val, Dice: 0.8444, IoU: 0.7455
2026-09-19 04:47:23.502206 Epoch [188/200], Step [0100/0318], LR: 0.000006, Loss: 0.1371
2026-09-19 04:47:47.069964 Epoch [188/200], Step [0200/0318], LR: 0.000006, Loss: 0.1405
2026-09-19 04:48:10.780206 Epoch [188/200], Step [0300/0318], LR: 0.000006, Loss: 0.1384
2026-09-19 04:48:14.900873 Epoch [188/200], Step [0318/0318], LR: 0.000006, Loss: 0.1354
Epoch: 188, Dataset: test, Dice: 0.8259, IoU: 0.7309
Epoch: 188, Dataset: val, Dice: 0.8441, IoU: 0.7445
2026-09-19 04:48:42.124248 Epoch [189/200], Step [0100/0318], LR: 0.000005, Loss: 0.1387
2026-09-19 04:49:07.018496 Epoch [189/200], Step [0200/0318], LR: 0.000005, Loss: 0.1390
2026-09-19 04:49:31.083881 Epoch [189/200], Step [0300/0318], LR: 0.000005, Loss: 0.1387
2026-09-19 04:49:35.259952 Epoch [189/200], Step [0318/0318], LR: 0.000005, Loss: 0.1385
Epoch: 189, Dataset: test, Dice: 0.8229, IoU: 0.7283
Epoch: 189, Dataset: val, Dice: 0.8398, IoU: 0.7396
2026-09-19 04:50:03.869197 Epoch [190/200], Step [0100/0318], LR: 0.000005, Loss: 0.1361
2026-09-19 04:50:27.683391 Epoch [190/200], Step [0200/0318], LR: 0.000005, Loss: 0.1407
2026-09-19 04:50:52.070965 Epoch [190/200], Step [0300/0318], LR: 0.000005, Loss: 0.1366
2026-09-19 04:50:56.312262 Epoch [190/200], Step [0318/0318], LR: 0.000005, Loss: 0.1368
Epoch: 190, Dataset: test, Dice: 0.8208, IoU: 0.7263
Epoch: 190, Dataset: val, Dice: 0.8428, IoU: 0.7435
2026-09-19 04:51:25.007284 Epoch [191/200], Step [0100/0318], LR: 0.000004, Loss: 0.1436
2026-09-19 04:51:49.185810 Epoch [191/200], Step [0200/0318], LR: 0.000004, Loss: 0.1422
2026-09-19 04:52:13.422282 Epoch [191/200], Step [0300/0318], LR: 0.000004, Loss: 0.1374
2026-09-19 04:52:17.844253 Epoch [191/200], Step [0318/0318], LR: 0.000004, Loss: 0.1394
Epoch: 191, Dataset: test, Dice: 0.7918, IoU: 0.6953
Epoch: 191, Dataset: val, Dice: 0.7943, IoU: 0.6852
2026-09-19 04:52:48.045234 Epoch [192/200], Step [0100/0318], LR: 0.000003, Loss: 0.1369
2026-09-19 04:53:14.384168 Epoch [192/200], Step [0200/0318], LR: 0.000003, Loss: 0.1369
2026-09-19 04:53:38.947465 Epoch [192/200], Step [0300/0318], LR: 0.000003, Loss: 0.1355
2026-09-19 04:53:43.352480 Epoch [192/200], Step [0318/0318], LR: 0.000003, Loss: 0.1386
Epoch: 192, Dataset: test, Dice: 0.8331, IoU: 0.7369
Epoch: 192, Dataset: val, Dice: 0.8375, IoU: 0.7383
2026-09-19 04:54:12.423605 Epoch [193/200], Step [0100/0318], LR: 0.000003, Loss: 0.1373
2026-09-19 04:54:38.496633 Epoch [193/200], Step [0200/0318], LR: 0.000003, Loss: 0.1350
2026-09-19 04:55:04.236087 Epoch [193/200], Step [0300/0318], LR: 0.000003, Loss: 0.1390
2026-09-19 04:55:08.765982 Epoch [193/200], Step [0318/0318], LR: 0.000003, Loss: 0.1439
Epoch: 193, Dataset: test, Dice: 0.7952, IoU: 0.6989
Epoch: 193, Dataset: val, Dice: 0.8001, IoU: 0.6926
2026-09-19 04:55:37.480341 Epoch [194/200], Step [0100/0318], LR: 0.000003, Loss: 0.1384
2026-09-19 04:56:02.360266 Epoch [194/200], Step [0200/0318], LR: 0.000003, Loss: 0.1389
2026-09-19 04:56:28.150774 Epoch [194/200], Step [0300/0318], LR: 0.000003, Loss: 0.1440
2026-09-19 04:56:32.568393 Epoch [194/200], Step [0318/0318], LR: 0.000003, Loss: 0.1405
Epoch: 194, Dataset: test, Dice: 0.8287, IoU: 0.7362
Epoch: 194, Dataset: val, Dice: 0.8373, IoU: 0.7346
2026-09-19 04:57:02.168335 Epoch [195/200], Step [0100/0318], LR: 0.000002, Loss: 0.1399
2026-09-19 04:57:27.995211 Epoch [195/200], Step [0200/0318], LR: 0.000002, Loss: 0.1395
2026-09-19 04:57:53.541689 Epoch [195/200], Step [0300/0318], LR: 0.000002, Loss: 0.1345
2026-09-19 04:57:57.993196 Epoch [195/200], Step [0318/0318], LR: 0.000002, Loss: 0.1346
Epoch: 195, Dataset: test, Dice: 0.8309, IoU: 0.7383
Epoch: 195, Dataset: val, Dice: 0.8416, IoU: 0.7410
2026-09-19 04:58:27.739326 Epoch [196/200], Step [0100/0318], LR: 0.000002, Loss: 0.1394
2026-09-19 04:58:52.998218 Epoch [196/200], Step [0200/0318], LR: 0.000002, Loss: 0.1340
2026-09-19 04:59:17.897595 Epoch [196/200], Step [0300/0318], LR: 0.000002, Loss: 0.1343
2026-09-19 04:59:22.136731 Epoch [196/200], Step [0318/0318], LR: 0.000002, Loss: 0.1334
Epoch: 196, Dataset: test, Dice: 0.8216, IoU: 0.7265
Epoch: 196, Dataset: val, Dice: 0.8403, IoU: 0.7389
2026-09-19 04:59:51.305531 Epoch [197/200], Step [0100/0318], LR: 0.000001, Loss: 0.1354
2026-09-19 05:00:16.255206 Epoch [197/200], Step [0200/0318], LR: 0.000001, Loss: 0.1353
2026-09-19 05:00:41.295721 Epoch [197/200], Step [0300/0318], LR: 0.000001, Loss: 0.1390
2026-09-19 05:00:45.540468 Epoch [197/200], Step [0318/0318], LR: 0.000001, Loss: 0.1411
Epoch: 197, Dataset: test, Dice: 0.8406, IoU: 0.7471
Epoch: 197, Dataset: val, Dice: 0.8423, IoU: 0.7449
2026-09-19 05:01:14.767876 Epoch [198/200], Step [0100/0318], LR: 0.000001, Loss: 0.1365
2026-09-19 05:01:39.751088 Epoch [198/200], Step [0200/0318], LR: 0.000001, Loss: 0.1401
2026-09-19 05:02:05.141750 Epoch [198/200], Step [0300/0318], LR: 0.000001, Loss: 0.1394
2026-09-19 05:02:09.755817 Epoch [198/200], Step [0318/0318], LR: 0.000001, Loss: 0.1483
Epoch: 198, Dataset: test, Dice: 0.8362, IoU: 0.7417
Epoch: 198, Dataset: val, Dice: 0.8350, IoU: 0.7354
2026-09-19 05:02:40.061283 Epoch [199/200], Step [0100/0318], LR: 0.000001, Loss: 0.1345
2026-09-19 05:03:06.033323 Epoch [199/200], Step [0200/0318], LR: 0.000001, Loss: 0.1337
2026-09-19 05:03:32.347706 Epoch [199/200], Step [0300/0318], LR: 0.000001, Loss: 0.1429
2026-09-19 05:03:36.838317 Epoch [199/200], Step [0318/0318], LR: 0.000001, Loss: 0.1440
Epoch: 199, Dataset: test, Dice: 0.8185, IoU: 0.7211
Epoch: 199, Dataset: val, Dice: 0.8131, IoU: 0.7117
2026-09-19 05:04:08.149228 Epoch [200/200], Step [0100/0318], LR: 0.000001, Loss: 0.1407
2026-09-19 05:04:34.378521 Epoch [200/200], Step [0200/0318], LR: 0.000001, Loss: 0.1333
2026-09-19 05:05:00.141330 Epoch [200/200], Step [0300/0318], LR: 0.000001, Loss: 0.1343
2026-09-19 05:05:04.780120 Epoch [200/200], Step [0318/0318], LR: 0.000001, Loss: 0.1373
Epoch: 200, Dataset: test, Dice: 0.8290, IoU: 0.7377
Epoch: 200, Dataset: val, Dice: 0.8406, IoU: 0.7396

========================================
FINAL RESULTS: BraTS2020_MK_UNet_bs8_lr0.0005_e200_augTrue_run2_t002551
Best Val Dice: 0.8619
Test Dice at Best Val: 0.8146
Total Train Time: 16076.77s
========================================
Network: MK_UNet | Channels: [16, 32, 64, 96, 160]
[INFO] Register count_convNd() for <class 'torch.nn.modules.conv.Conv2d'>.
[INFO] Register count_normalization() for <class 'torch.nn.modules.batchnorm.BatchNorm2d'>.
[INFO] Register zero_ops() for <class 'torch.nn.modules.activation.ReLU6'>.
[INFO] Register zero_ops() for <class 'torch.nn.modules.container.Sequential'>.
[INFO] Register zero_ops() for <class 'torch.nn.modules.activation.ReLU'>.
[INFO] Register count_adap_avgpool() for <class 'torch.nn.modules.pooling.AdaptiveAvgPool2d'>.
[INFO] Register zero_ops() for <class 'torch.nn.modules.pooling.AdaptiveMaxPool2d'>.
flops 0.327543024
params 0.315566
Total params: 0.32M
2026-09-19 05:05:35.861252 Epoch [001/200], Step [0100/0318], LR: 0.000500, Loss: 0.4764
2026-09-19 05:06:02.074571 Epoch [001/200], Step [0200/0318], LR: 0.000500, Loss: 0.4260
2026-09-19 05:06:28.789199 Epoch [001/200], Step [0300/0318], LR: 0.000500, Loss: 0.4129
2026-09-19 05:06:33.663787 Epoch [001/200], Step [0318/0318], LR: 0.000500, Loss: 0.4393
Epoch: 1, Dataset: test, Dice: 0.5181, IoU: 0.4180
Epoch: 1, Dataset: val, Dice: 0.5763, IoU: 0.4727
### Best Model Saved (Dice improved from 0.0000 to 0.5763) ###
2026-09-19 05:07:05.513259 Epoch [002/200], Step [0100/0318], LR: 0.000500, Loss: 0.3956
2026-09-19 05:07:32.027433 Epoch [002/200], Step [0200/0318], LR: 0.000500, Loss: 0.4262
2026-09-19 05:07:58.699908 Epoch [002/200], Step [0300/0318], LR: 0.000500, Loss: 0.3844
2026-09-19 05:08:03.102842 Epoch [002/200], Step [0318/0318], LR: 0.000500, Loss: 0.4029
Epoch: 2, Dataset: test, Dice: 0.6938, IoU: 0.5923
Epoch: 2, Dataset: val, Dice: 0.7732, IoU: 0.6748
### Best Model Saved (Dice improved from 0.5763 to 0.7732) ###
2026-09-19 05:08:33.464705 Epoch [003/200], Step [0100/0318], LR: 0.000500, Loss: 0.3718
2026-09-19 05:08:59.416827 Epoch [003/200], Step [0200/0318], LR: 0.000500, Loss: 0.3822
2026-09-19 05:09:25.651547 Epoch [003/200], Step [0300/0318], LR: 0.000500, Loss: 0.3910
2026-09-19 05:09:30.170393 Epoch [003/200], Step [0318/0318], LR: 0.000500, Loss: 0.3649
Epoch: 3, Dataset: test, Dice: 0.7711, IoU: 0.6669
Epoch: 3, Dataset: val, Dice: 0.8282, IoU: 0.7316
### Best Model Saved (Dice improved from 0.7732 to 0.8282) ###
2026-09-19 05:09:58.921680 Epoch [004/200], Step [0100/0318], LR: 0.000500, Loss: 0.3839
2026-09-19 05:10:24.127781 Epoch [004/200], Step [0200/0318], LR: 0.000500, Loss: 0.3777
2026-09-19 05:10:49.511716 Epoch [004/200], Step [0300/0318], LR: 0.000500, Loss: 0.3533
2026-09-19 05:10:53.880965 Epoch [004/200], Step [0318/0318], LR: 0.000500, Loss: 0.3637
Epoch: 4, Dataset: test, Dice: 0.7699, IoU: 0.6644
Epoch: 4, Dataset: val, Dice: 0.8115, IoU: 0.7109
2026-09-19 05:11:22.909860 Epoch [005/200], Step [0100/0318], LR: 0.000500, Loss: 0.3354
2026-09-19 05:11:49.505103 Epoch [005/200], Step [0200/0318], LR: 0.000500, Loss: 0.3405
2026-09-19 05:12:14.570433 Epoch [005/200], Step [0300/0318], LR: 0.000500, Loss: 0.3312
2026-09-19 05:12:18.870958 Epoch [005/200], Step [0318/0318], LR: 0.000500, Loss: 0.3308
Epoch: 5, Dataset: test, Dice: 0.2194, IoU: 0.1321
Epoch: 5, Dataset: val, Dice: 0.3247, IoU: 0.2206
2026-09-19 05:12:47.422012 Epoch [006/200], Step [0100/0318], LR: 0.000499, Loss: 0.3622
2026-09-19 05:13:13.279200 Epoch [006/200], Step [0200/0318], LR: 0.000499, Loss: 0.3135
2026-09-19 05:13:38.248193 Epoch [006/200], Step [0300/0318], LR: 0.000499, Loss: 0.3457
2026-09-19 05:13:42.622401 Epoch [006/200], Step [0318/0318], LR: 0.000499, Loss: 0.3465
Epoch: 6, Dataset: test, Dice: 0.8327, IoU: 0.7376
Epoch: 6, Dataset: val, Dice: 0.8048, IoU: 0.6982
2026-09-19 05:14:11.512372 Epoch [007/200], Step [0100/0318], LR: 0.000499, Loss: 0.3175
2026-09-19 05:14:36.512312 Epoch [007/200], Step [0200/0318], LR: 0.000499, Loss: 0.3052
2026-09-19 05:15:01.133423 Epoch [007/200], Step [0300/0318], LR: 0.000499, Loss: 0.3360
2026-09-19 05:15:06.252310 Epoch [007/200], Step [0318/0318], LR: 0.000499, Loss: 0.3236
Epoch: 7, Dataset: test, Dice: 0.8173, IoU: 0.7234
Epoch: 7, Dataset: val, Dice: 0.8409, IoU: 0.7433
### Best Model Saved (Dice improved from 0.8282 to 0.8409) ###
2026-09-19 05:15:34.549352 Epoch [008/200], Step [0100/0318], LR: 0.000498, Loss: 0.3077
2026-09-19 05:15:59.758739 Epoch [008/200], Step [0200/0318], LR: 0.000498, Loss: 0.3350
2026-09-19 05:16:25.000836 Epoch [008/200], Step [0300/0318], LR: 0.000498, Loss: 0.3209
2026-09-19 05:16:29.314682 Epoch [008/200], Step [0318/0318], LR: 0.000498, Loss: 0.3079
Epoch: 8, Dataset: test, Dice: 0.8351, IoU: 0.7431
Epoch: 8, Dataset: val, Dice: 0.8259, IoU: 0.7234
2026-09-19 05:16:57.779045 Epoch [009/200], Step [0100/0318], LR: 0.000498, Loss: 0.3210
2026-09-19 05:17:23.195714 Epoch [009/200], Step [0200/0318], LR: 0.000498, Loss: 0.3026
2026-09-19 05:17:49.884313 Epoch [009/200], Step [0300/0318], LR: 0.000498, Loss: 0.3104
2026-09-19 05:17:54.111331 Epoch [009/200], Step [0318/0318], LR: 0.000498, Loss: 0.3258
Epoch: 9, Dataset: test, Dice: 0.8254, IoU: 0.7270
Epoch: 9, Dataset: val, Dice: 0.8276, IoU: 0.7373
2026-09-19 05:18:23.294001 Epoch [010/200], Step [0100/0318], LR: 0.000498, Loss: 0.2931
2026-09-19 05:18:48.705934 Epoch [010/200], Step [0200/0318], LR: 0.000498, Loss: 0.3114
2026-09-19 05:19:14.909034 Epoch [010/200], Step [0300/0318], LR: 0.000498, Loss: 0.2961
2026-09-19 05:19:19.197591 Epoch [010/200], Step [0318/0318], LR: 0.000498, Loss: 0.3103
Epoch: 10, Dataset: test, Dice: 0.6324, IoU: 0.5323
Epoch: 10, Dataset: val, Dice: 0.7273, IoU: 0.6352
2026-09-19 05:19:48.625629 Epoch [011/200], Step [0100/0318], LR: 0.000497, Loss: 0.2794
2026-09-19 05:20:13.371134 Epoch [011/200], Step [0200/0318], LR: 0.000497, Loss: 0.2979
2026-09-19 05:20:38.202160 Epoch [011/200], Step [0300/0318], LR: 0.000497, Loss: 0.2872
2026-09-19 05:20:42.477811 Epoch [011/200], Step [0318/0318], LR: 0.000497, Loss: 0.3064
Epoch: 11, Dataset: test, Dice: 0.8301, IoU: 0.7357
Epoch: 11, Dataset: val, Dice: 0.8322, IoU: 0.7371
2026-09-19 05:21:11.416101 Epoch [012/200], Step [0100/0318], LR: 0.000496, Loss: 0.2810
2026-09-19 05:21:36.082351 Epoch [012/200], Step [0200/0318], LR: 0.000496, Loss: 0.2985
2026-09-19 05:22:01.065936 Epoch [012/200], Step [0300/0318], LR: 0.000496, Loss: 0.2745
2026-09-19 05:22:05.301892 Epoch [012/200], Step [0318/0318], LR: 0.000496, Loss: 0.2903
Epoch: 12, Dataset: test, Dice: 0.7765, IoU: 0.6730
Epoch: 12, Dataset: val, Dice: 0.7944, IoU: 0.6804
2026-09-19 05:22:33.745738 Epoch [013/200], Step [0100/0318], LR: 0.000496, Loss: 0.2828
2026-09-19 05:22:58.546196 Epoch [013/200], Step [0200/0318], LR: 0.000496, Loss: 0.2895
2026-09-19 05:23:23.016707 Epoch [013/200], Step [0300/0318], LR: 0.000496, Loss: 0.2883
2026-09-19 05:23:27.320138 Epoch [013/200], Step [0318/0318], LR: 0.000496, Loss: 0.2775
Epoch: 13, Dataset: test, Dice: 0.8059, IoU: 0.7103
Epoch: 13, Dataset: val, Dice: 0.8097, IoU: 0.7219
2026-09-19 05:23:57.601426 Epoch [014/200], Step [0100/0318], LR: 0.000495, Loss: 0.2619
2026-09-19 05:24:23.561309 Epoch [014/200], Step [0200/0318], LR: 0.000495, Loss: 0.2720
2026-09-19 05:24:49.287345 Epoch [014/200], Step [0300/0318], LR: 0.000495, Loss: 0.2714
2026-09-19 05:24:53.775494 Epoch [014/200], Step [0318/0318], LR: 0.000495, Loss: 0.2699
Epoch: 14, Dataset: test, Dice: 0.6088, IoU: 0.5189
Epoch: 14, Dataset: val, Dice: 0.7282, IoU: 0.6375
2026-09-19 05:25:23.365746 Epoch [015/200], Step [0100/0318], LR: 0.000494, Loss: 0.2732
2026-09-19 05:25:48.689960 Epoch [015/200], Step [0200/0318], LR: 0.000494, Loss: 0.2711
2026-09-19 05:26:13.837125 Epoch [015/200], Step [0300/0318], LR: 0.000494, Loss: 0.2588
2026-09-19 05:26:18.210287 Epoch [015/200], Step [0318/0318], LR: 0.000494, Loss: 0.2603
Epoch: 15, Dataset: test, Dice: 0.8151, IoU: 0.7131
Epoch: 15, Dataset: val, Dice: 0.8576, IoU: 0.7689
### Best Model Saved (Dice improved from 0.8409 to 0.8576) ###
2026-09-19 05:26:48.186646 Epoch [016/200], Step [0100/0318], LR: 0.000493, Loss: 0.2671
2026-09-19 05:27:13.589571 Epoch [016/200], Step [0200/0318], LR: 0.000493, Loss: 0.2596
2026-09-19 05:27:37.904825 Epoch [016/200], Step [0300/0318], LR: 0.000493, Loss: 0.2635
2026-09-19 05:27:42.022015 Epoch [016/200], Step [0318/0318], LR: 0.000493, Loss: 0.2736
Epoch: 16, Dataset: test, Dice: 0.8143, IoU: 0.7164
Epoch: 16, Dataset: val, Dice: 0.8347, IoU: 0.7416
2026-09-19 05:28:10.648811 Epoch [017/200], Step [0100/0318], LR: 0.000492, Loss: 0.2676
2026-09-19 05:28:35.463688 Epoch [017/200], Step [0200/0318], LR: 0.000492, Loss: 0.2509
2026-09-19 05:29:01.510838 Epoch [017/200], Step [0300/0318], LR: 0.000492, Loss: 0.2784
2026-09-19 05:29:05.718619 Epoch [017/200], Step [0318/0318], LR: 0.000492, Loss: 0.2788
Epoch: 17, Dataset: test, Dice: 0.8142, IoU: 0.7143
Epoch: 17, Dataset: val, Dice: 0.8407, IoU: 0.7451
2026-09-19 05:29:34.702664 Epoch [018/200], Step [0100/0318], LR: 0.000491, Loss: 0.2540
2026-09-19 05:29:59.108519 Epoch [018/200], Step [0200/0318], LR: 0.000491, Loss: 0.2583
2026-09-19 05:30:23.554440 Epoch [018/200], Step [0300/0318], LR: 0.000491, Loss: 0.2593
2026-09-19 05:30:27.960887 Epoch [018/200], Step [0318/0318], LR: 0.000491, Loss: 0.2584
Epoch: 18, Dataset: test, Dice: 0.7649, IoU: 0.6610
Epoch: 18, Dataset: val, Dice: 0.8187, IoU: 0.7304
2026-09-19 05:30:55.192096 Epoch [019/200], Step [0100/0318], LR: 0.000490, Loss: 0.2442
2026-09-19 05:31:19.426035 Epoch [019/200], Step [0200/0318], LR: 0.000490, Loss: 0.2596
2026-09-19 05:31:43.615239 Epoch [019/200], Step [0300/0318], LR: 0.000490, Loss: 0.2803
2026-09-19 05:31:47.757023 Epoch [019/200], Step [0318/0318], LR: 0.000490, Loss: 0.2620
Epoch: 19, Dataset: test, Dice: 0.8375, IoU: 0.7440
Epoch: 19, Dataset: val, Dice: 0.8409, IoU: 0.7482
2026-09-19 05:32:16.459387 Epoch [020/200], Step [0100/0318], LR: 0.000489, Loss: 0.2455
2026-09-19 05:32:40.650399 Epoch [020/200], Step [0200/0318], LR: 0.000489, Loss: 0.2510
2026-09-19 05:33:04.589803 Epoch [020/200], Step [0300/0318], LR: 0.000489, Loss: 0.2471
2026-09-19 05:33:09.076882 Epoch [020/200], Step [0318/0318], LR: 0.000489, Loss: 0.2305
Epoch: 20, Dataset: test, Dice: 0.7255, IoU: 0.6139
Epoch: 20, Dataset: val, Dice: 0.7890, IoU: 0.6968
2026-09-19 05:33:37.241956 Epoch [021/200], Step [0100/0318], LR: 0.000488, Loss: 0.2527
2026-09-19 05:34:01.689974 Epoch [021/200], Step [0200/0318], LR: 0.000488, Loss: 0.2466
2026-09-19 05:34:25.530485 Epoch [021/200], Step [0300/0318], LR: 0.000488, Loss: 0.2494
2026-09-19 05:34:29.642605 Epoch [021/200], Step [0318/0318], LR: 0.000488, Loss: 0.2466
Epoch: 21, Dataset: test, Dice: 0.7841, IoU: 0.6819
Epoch: 21, Dataset: val, Dice: 0.8272, IoU: 0.7230
2026-09-19 05:34:57.263904 Epoch [022/200], Step [0100/0318], LR: 0.000487, Loss: 0.2323
2026-09-19 05:35:21.378635 Epoch [022/200], Step [0200/0318], LR: 0.000487, Loss: 0.2465
2026-09-19 05:35:45.387442 Epoch [022/200], Step [0300/0318], LR: 0.000487, Loss: 0.2516
2026-09-19 05:35:49.756082 Epoch [022/200], Step [0318/0318], LR: 0.000487, Loss: 0.2444
Epoch: 22, Dataset: test, Dice: 0.8180, IoU: 0.7180
Epoch: 22, Dataset: val, Dice: 0.8084, IoU: 0.6944
2026-09-19 05:36:17.339337 Epoch [023/200], Step [0100/0318], LR: 0.000485, Loss: 0.2571
2026-09-19 05:36:42.430759 Epoch [023/200], Step [0200/0318], LR: 0.000485, Loss: 0.2541
2026-09-19 05:37:08.664379 Epoch [023/200], Step [0300/0318], LR: 0.000485, Loss: 0.2428
2026-09-19 05:37:13.055517 Epoch [023/200], Step [0318/0318], LR: 0.000485, Loss: 0.2484
Epoch: 23, Dataset: test, Dice: 0.8069, IoU: 0.7073
Epoch: 23, Dataset: val, Dice: 0.8051, IoU: 0.6942
2026-09-19 05:37:41.600821 Epoch [024/200], Step [0100/0318], LR: 0.000484, Loss: 0.2532
2026-09-19 05:38:06.659284 Epoch [024/200], Step [0200/0318], LR: 0.000484, Loss: 0.2255
2026-09-19 05:38:31.818571 Epoch [024/200], Step [0300/0318], LR: 0.000484, Loss: 0.2411
2026-09-19 05:38:36.060860 Epoch [024/200], Step [0318/0318], LR: 0.000484, Loss: 0.2478
Epoch: 24, Dataset: test, Dice: 0.8398, IoU: 0.7434
Epoch: 24, Dataset: val, Dice: 0.8314, IoU: 0.7359
2026-09-19 05:39:04.364577 Epoch [025/200], Step [0100/0318], LR: 0.000482, Loss: 0.2290
2026-09-19 05:39:28.756678 Epoch [025/200], Step [0200/0318], LR: 0.000482, Loss: 0.2296
2026-09-19 05:39:53.676044 Epoch [025/200], Step [0300/0318], LR: 0.000482, Loss: 0.2380
2026-09-19 05:39:57.922899 Epoch [025/200], Step [0318/0318], LR: 0.000482, Loss: 0.2431
Epoch: 25, Dataset: test, Dice: 0.7998, IoU: 0.6993
Epoch: 25, Dataset: val, Dice: 0.8270, IoU: 0.7196
2026-09-19 05:40:26.596911 Epoch [026/200], Step [0100/0318], LR: 0.000481, Loss: 0.2228
2026-09-19 05:40:51.869600 Epoch [026/200], Step [0200/0318], LR: 0.000481, Loss: 0.2378
2026-09-19 05:41:17.100560 Epoch [026/200], Step [0300/0318], LR: 0.000481, Loss: 0.2360
2026-09-19 05:41:21.479023 Epoch [026/200], Step [0318/0318], LR: 0.000481, Loss: 0.2255
Epoch: 26, Dataset: test, Dice: 0.8349, IoU: 0.7499
Epoch: 26, Dataset: val, Dice: 0.8387, IoU: 0.7444
2026-09-19 05:41:51.503392 Epoch [027/200], Step [0100/0318], LR: 0.000479, Loss: 0.2386
2026-09-19 05:42:17.432833 Epoch [027/200], Step [0200/0318], LR: 0.000479, Loss: 0.2327
2026-09-19 05:42:43.187252 Epoch [027/200], Step [0300/0318], LR: 0.000479, Loss: 0.2364
2026-09-19 05:42:47.463908 Epoch [027/200], Step [0318/0318], LR: 0.000479, Loss: 0.2251
Epoch: 27, Dataset: test, Dice: 0.8178, IoU: 0.7210
Epoch: 27, Dataset: val, Dice: 0.8136, IoU: 0.7063
2026-09-19 05:43:17.010233 Epoch [028/200], Step [0100/0318], LR: 0.000478, Loss: 0.2240
2026-09-19 05:43:41.275224 Epoch [028/200], Step [0200/0318], LR: 0.000478, Loss: 0.2472
2026-09-19 05:44:05.776671 Epoch [028/200], Step [0300/0318], LR: 0.000478, Loss: 0.2203
2026-09-19 05:44:10.154565 Epoch [028/200], Step [0318/0318], LR: 0.000478, Loss: 0.2171
Epoch: 28, Dataset: test, Dice: 0.8135, IoU: 0.7139
Epoch: 28, Dataset: val, Dice: 0.8440, IoU: 0.7456
2026-09-19 05:44:39.810980 Epoch [029/200], Step [0100/0318], LR: 0.000476, Loss: 0.2347
2026-09-19 05:45:05.183397 Epoch [029/200], Step [0200/0318], LR: 0.000476, Loss: 0.2169
2026-09-19 05:45:30.742179 Epoch [029/200], Step [0300/0318], LR: 0.000476, Loss: 0.2291
2026-09-19 05:45:35.343264 Epoch [029/200], Step [0318/0318], LR: 0.000476, Loss: 0.2173
Epoch: 29, Dataset: test, Dice: 0.8227, IoU: 0.7240
Epoch: 29, Dataset: val, Dice: 0.8338, IoU: 0.7395
2026-09-19 05:46:03.777493 Epoch [030/200], Step [0100/0318], LR: 0.000475, Loss: 0.2348
2026-09-19 05:46:28.973937 Epoch [030/200], Step [0200/0318], LR: 0.000475, Loss: 0.2255
2026-09-19 05:46:54.577822 Epoch [030/200], Step [0300/0318], LR: 0.000475, Loss: 0.2217
2026-09-19 05:46:59.075523 Epoch [030/200], Step [0318/0318], LR: 0.000475, Loss: 0.2392
Epoch: 30, Dataset: test, Dice: 0.8348, IoU: 0.7472
Epoch: 30, Dataset: val, Dice: 0.8114, IoU: 0.7044
2026-09-19 05:47:28.940544 Epoch [031/200], Step [0100/0318], LR: 0.000473, Loss: 0.2134
2026-09-19 05:47:56.472674 Epoch [031/200], Step [0200/0318], LR: 0.000473, Loss: 0.2305
2026-09-19 05:48:22.731539 Epoch [031/200], Step [0300/0318], LR: 0.000473, Loss: 0.2455
2026-09-19 05:48:27.296511 Epoch [031/200], Step [0318/0318], LR: 0.000473, Loss: 0.2226
Epoch: 31, Dataset: test, Dice: 0.8388, IoU: 0.7443
Epoch: 31, Dataset: val, Dice: 0.8491, IoU: 0.7582
2026-09-19 05:48:57.695880 Epoch [032/200], Step [0100/0318], LR: 0.000471, Loss: 0.2242
2026-09-19 05:49:24.067693 Epoch [032/200], Step [0200/0318], LR: 0.000471, Loss: 0.2148
2026-09-19 05:49:49.996546 Epoch [032/200], Step [0300/0318], LR: 0.000471, Loss: 0.2208
2026-09-19 05:49:54.426135 Epoch [032/200], Step [0318/0318], LR: 0.000471, Loss: 0.2210
Epoch: 32, Dataset: test, Dice: 0.8209, IoU: 0.7261
Epoch: 32, Dataset: val, Dice: 0.8302, IoU: 0.7370
2026-09-19 05:50:24.746840 Epoch [033/200], Step [0100/0318], LR: 0.000469, Loss: 0.2192
2026-09-19 05:50:51.421813 Epoch [033/200], Step [0200/0318], LR: 0.000469, Loss: 0.2114
2026-09-19 05:51:18.222608 Epoch [033/200], Step [0300/0318], LR: 0.000469, Loss: 0.2242
2026-09-19 05:51:22.855484 Epoch [033/200], Step [0318/0318], LR: 0.000469, Loss: 0.2149
Epoch: 33, Dataset: test, Dice: 0.8093, IoU: 0.7098
Epoch: 33, Dataset: val, Dice: 0.8531, IoU: 0.7648
2026-09-19 05:51:53.712821 Epoch [034/200], Step [0100/0318], LR: 0.000467, Loss: 0.2100
2026-09-19 05:52:19.930363 Epoch [034/200], Step [0200/0318], LR: 0.000467, Loss: 0.2155
2026-09-19 05:52:47.023749 Epoch [034/200], Step [0300/0318], LR: 0.000467, Loss: 0.2127
2026-09-19 05:52:51.938062 Epoch [034/200], Step [0318/0318], LR: 0.000467, Loss: 0.2214
Epoch: 34, Dataset: test, Dice: 0.8274, IoU: 0.7366
Epoch: 34, Dataset: val, Dice: 0.8286, IoU: 0.7280
2026-09-19 05:53:22.856531 Epoch [035/200], Step [0100/0318], LR: 0.000465, Loss: 0.2189
2026-09-19 05:53:49.434259 Epoch [035/200], Step [0200/0318], LR: 0.000465, Loss: 0.1990
2026-09-19 05:54:16.126671 Epoch [035/200], Step [0300/0318], LR: 0.000465, Loss: 0.2260
2026-09-19 05:54:20.932067 Epoch [035/200], Step [0318/0318], LR: 0.000465, Loss: 0.2297
Epoch: 35, Dataset: test, Dice: 0.8414, IoU: 0.7483
Epoch: 35, Dataset: val, Dice: 0.8442, IoU: 0.7506
2026-09-19 05:54:52.611303 Epoch [036/200], Step [0100/0318], LR: 0.000463, Loss: 0.2111
2026-09-19 05:55:19.715264 Epoch [036/200], Step [0200/0318], LR: 0.000463, Loss: 0.2098
2026-09-19 05:55:47.161414 Epoch [036/200], Step [0300/0318], LR: 0.000463, Loss: 0.2360
2026-09-19 05:55:52.016465 Epoch [036/200], Step [0318/0318], LR: 0.000463, Loss: 0.2208
Epoch: 36, Dataset: test, Dice: 0.8470, IoU: 0.7614
Epoch: 36, Dataset: val, Dice: 0.8315, IoU: 0.7349
2026-09-19 05:56:23.295479 Epoch [037/200], Step [0100/0318], LR: 0.000461, Loss: 0.2212
2026-09-19 05:56:49.819301 Epoch [037/200], Step [0200/0318], LR: 0.000461, Loss: 0.2076
2026-09-19 05:57:16.473135 Epoch [037/200], Step [0300/0318], LR: 0.000461, Loss: 0.2107
2026-09-19 05:57:20.915296 Epoch [037/200], Step [0318/0318], LR: 0.000461, Loss: 0.2166
Epoch: 37, Dataset: test, Dice: 0.8309, IoU: 0.7343
Epoch: 37, Dataset: val, Dice: 0.8359, IoU: 0.7359
2026-09-19 05:57:50.500761 Epoch [038/200], Step [0100/0318], LR: 0.000459, Loss: 0.2004
2026-09-19 05:58:15.706207 Epoch [038/200], Step [0200/0318], LR: 0.000459, Loss: 0.2132
2026-09-19 05:58:41.233535 Epoch [038/200], Step [0300/0318], LR: 0.000459, Loss: 0.2187
2026-09-19 05:58:45.624969 Epoch [038/200], Step [0318/0318], LR: 0.000459, Loss: 0.2129
Epoch: 38, Dataset: test, Dice: 0.8210, IoU: 0.7180
Epoch: 38, Dataset: val, Dice: 0.8254, IoU: 0.7186
2026-09-19 05:59:14.968986 Epoch [039/200], Step [0100/0318], LR: 0.000457, Loss: 0.2078
2026-09-19 05:59:39.991965 Epoch [039/200], Step [0200/0318], LR: 0.000457, Loss: 0.2052
2026-09-19 06:00:05.487105 Epoch [039/200], Step [0300/0318], LR: 0.000457, Loss: 0.2203
2026-09-19 06:00:09.894612 Epoch [039/200], Step [0318/0318], LR: 0.000457, Loss: 0.2115
Epoch: 39, Dataset: test, Dice: 0.7030, IoU: 0.5849
Epoch: 39, Dataset: val, Dice: 0.7467, IoU: 0.6479
2026-09-19 06:00:38.927079 Epoch [040/200], Step [0100/0318], LR: 0.000455, Loss: 0.2046
2026-09-19 06:01:04.429666 Epoch [040/200], Step [0200/0318], LR: 0.000455, Loss: 0.2167
2026-09-19 06:01:30.083858 Epoch [040/200], Step [0300/0318], LR: 0.000455, Loss: 0.2097
2026-09-19 06:01:34.367573 Epoch [040/200], Step [0318/0318], LR: 0.000455, Loss: 0.2165
Epoch: 40, Dataset: test, Dice: 0.7792, IoU: 0.6738
Epoch: 40, Dataset: val, Dice: 0.8223, IoU: 0.7276
2026-09-19 06:02:03.358767 Epoch [041/200], Step [0100/0318], LR: 0.000452, Loss: 0.2067
2026-09-19 06:02:28.355070 Epoch [041/200], Step [0200/0318], LR: 0.000452, Loss: 0.2007
2026-09-19 06:02:53.763960 Epoch [041/200], Step [0300/0318], LR: 0.000452, Loss: 0.2148
2026-09-19 06:02:58.204280 Epoch [041/200], Step [0318/0318], LR: 0.000452, Loss: 0.2128
Epoch: 41, Dataset: test, Dice: 0.8145, IoU: 0.7193
Epoch: 41, Dataset: val, Dice: 0.8229, IoU: 0.7338
2026-09-19 06:03:26.784167 Epoch [042/200], Step [0100/0318], LR: 0.000450, Loss: 0.2095
2026-09-19 06:03:51.492417 Epoch [042/200], Step [0200/0318], LR: 0.000450, Loss: 0.2053
2026-09-19 06:04:16.227290 Epoch [042/200], Step [0300/0318], LR: 0.000450, Loss: 0.2071
2026-09-19 06:04:20.381806 Epoch [042/200], Step [0318/0318], LR: 0.000450, Loss: 0.2179
Epoch: 42, Dataset: test, Dice: 0.8101, IoU: 0.7068
Epoch: 42, Dataset: val, Dice: 0.8023, IoU: 0.6918
2026-09-19 06:04:48.984670 Epoch [043/200], Step [0100/0318], LR: 0.000448, Loss: 0.1909
2026-09-19 06:05:14.012479 Epoch [043/200], Step [0200/0318], LR: 0.000448, Loss: 0.1966
2026-09-19 06:05:38.705198 Epoch [043/200], Step [0300/0318], LR: 0.000448, Loss: 0.2070
2026-09-19 06:05:43.038629 Epoch [043/200], Step [0318/0318], LR: 0.000448, Loss: 0.2084
Epoch: 43, Dataset: test, Dice: 0.5690, IoU: 0.4514
Epoch: 43, Dataset: val, Dice: 0.6594, IoU: 0.5536
2026-09-19 06:06:11.829120 Epoch [044/200], Step [0100/0318], LR: 0.000445, Loss: 0.1995
2026-09-19 06:06:37.109723 Epoch [044/200], Step [0200/0318], LR: 0.000445, Loss: 0.1942
2026-09-19 06:07:02.724612 Epoch [044/200], Step [0300/0318], LR: 0.000445, Loss: 0.2095
2026-09-19 06:07:07.039644 Epoch [044/200], Step [0318/0318], LR: 0.000445, Loss: 0.2076
Epoch: 44, Dataset: test, Dice: 0.7924, IoU: 0.6927
Epoch: 44, Dataset: val, Dice: 0.8156, IoU: 0.7245
2026-09-19 06:07:36.900069 Epoch [045/200], Step [0100/0318], LR: 0.000443, Loss: 0.2213
2026-09-19 06:08:02.208009 Epoch [045/200], Step [0200/0318], LR: 0.000443, Loss: 0.2004
2026-09-19 06:08:27.297187 Epoch [045/200], Step [0300/0318], LR: 0.000443, Loss: 0.1959
2026-09-19 06:08:31.573269 Epoch [045/200], Step [0318/0318], LR: 0.000443, Loss: 0.1974
Epoch: 45, Dataset: test, Dice: 0.8313, IoU: 0.7406
Epoch: 45, Dataset: val, Dice: 0.8440, IoU: 0.7563
2026-09-19 06:09:00.727097 Epoch [046/200], Step [0100/0318], LR: 0.000440, Loss: 0.2050
2026-09-19 06:09:26.125211 Epoch [046/200], Step [0200/0318], LR: 0.000440, Loss: 0.1952
2026-09-19 06:09:52.418610 Epoch [046/200], Step [0300/0318], LR: 0.000440, Loss: 0.1949
2026-09-19 06:09:56.880274 Epoch [046/200], Step [0318/0318], LR: 0.000440, Loss: 0.2024
Epoch: 46, Dataset: test, Dice: 0.8161, IoU: 0.7193
Epoch: 46, Dataset: val, Dice: 0.8296, IoU: 0.7351
2026-09-19 06:10:26.514498 Epoch [047/200], Step [0100/0318], LR: 0.000438, Loss: 0.1872
2026-09-19 06:10:52.652911 Epoch [047/200], Step [0200/0318], LR: 0.000438, Loss: 0.1943
2026-09-19 06:11:18.433577 Epoch [047/200], Step [0300/0318], LR: 0.000438, Loss: 0.2164
2026-09-19 06:11:22.817889 Epoch [047/200], Step [0318/0318], LR: 0.000438, Loss: 0.2152
Epoch: 47, Dataset: test, Dice: 0.8217, IoU: 0.7231
Epoch: 47, Dataset: val, Dice: 0.8427, IoU: 0.7483
2026-09-19 06:11:52.806496 Epoch [048/200], Step [0100/0318], LR: 0.000435, Loss: 0.2001
2026-09-19 06:12:18.639330 Epoch [048/200], Step [0200/0318], LR: 0.000435, Loss: 0.1927
2026-09-19 06:12:44.998880 Epoch [048/200], Step [0300/0318], LR: 0.000435, Loss: 0.2032
2026-09-19 06:12:49.354400 Epoch [048/200], Step [0318/0318], LR: 0.000435, Loss: 0.2096
Epoch: 48, Dataset: test, Dice: 0.8348, IoU: 0.7387
Epoch: 48, Dataset: val, Dice: 0.8363, IoU: 0.7327
2026-09-19 06:13:18.547466 Epoch [049/200], Step [0100/0318], LR: 0.000432, Loss: 0.1910
2026-09-19 06:13:44.248785 Epoch [049/200], Step [0200/0318], LR: 0.000432, Loss: 0.1970
2026-09-19 06:14:10.099571 Epoch [049/200], Step [0300/0318], LR: 0.000432, Loss: 0.1953
2026-09-19 06:14:14.508050 Epoch [049/200], Step [0318/0318], LR: 0.000432, Loss: 0.1945
Epoch: 49, Dataset: test, Dice: 0.8199, IoU: 0.7252
Epoch: 49, Dataset: val, Dice: 0.8463, IoU: 0.7531
2026-09-19 06:14:44.101591 Epoch [050/200], Step [0100/0318], LR: 0.000430, Loss: 0.1822
2026-09-19 06:15:09.042039 Epoch [050/200], Step [0200/0318], LR: 0.000430, Loss: 0.1929
2026-09-19 06:15:34.457184 Epoch [050/200], Step [0300/0318], LR: 0.000430, Loss: 0.2042
2026-09-19 06:15:38.672874 Epoch [050/200], Step [0318/0318], LR: 0.000430, Loss: 0.2059
Epoch: 50, Dataset: test, Dice: 0.7613, IoU: 0.6510
Epoch: 50, Dataset: val, Dice: 0.8061, IoU: 0.7116
2026-09-19 06:16:06.967229 Epoch [051/200], Step [0100/0318], LR: 0.000427, Loss: 0.1939
2026-09-19 06:16:31.703026 Epoch [051/200], Step [0200/0318], LR: 0.000427, Loss: 0.1955
2026-09-19 06:16:56.836862 Epoch [051/200], Step [0300/0318], LR: 0.000427, Loss: 0.1964
2026-09-19 06:17:00.995923 Epoch [051/200], Step [0318/0318], LR: 0.000427, Loss: 0.1890
Epoch: 51, Dataset: test, Dice: 0.8320, IoU: 0.7331
Epoch: 51, Dataset: val, Dice: 0.8362, IoU: 0.7409
2026-09-19 06:17:30.382333 Epoch [052/200], Step [0100/0318], LR: 0.000424, Loss: 0.1942
2026-09-19 06:17:56.085960 Epoch [052/200], Step [0200/0318], LR: 0.000424, Loss: 0.1850
2026-09-19 06:18:21.195571 Epoch [052/200], Step [0300/0318], LR: 0.000424, Loss: 0.1977
2026-09-19 06:18:26.314330 Epoch [052/200], Step [0318/0318], LR: 0.000424, Loss: 0.2083
Epoch: 52, Dataset: test, Dice: 0.8367, IoU: 0.7465
Epoch: 52, Dataset: val, Dice: 0.8314, IoU: 0.7335
2026-09-19 06:18:54.500727 Epoch [053/200], Step [0100/0318], LR: 0.000421, Loss: 0.1959
2026-09-19 06:19:18.367262 Epoch [053/200], Step [0200/0318], LR: 0.000421, Loss: 0.1921
2026-09-19 06:19:42.517549 Epoch [053/200], Step [0300/0318], LR: 0.000421, Loss: 0.1920
2026-09-19 06:19:46.703676 Epoch [053/200], Step [0318/0318], LR: 0.000421, Loss: 0.2011
Epoch: 53, Dataset: test, Dice: 0.3695, IoU: 0.2525
Epoch: 53, Dataset: val, Dice: 0.4915, IoU: 0.3725
2026-09-19 06:20:14.902049 Epoch [054/200], Step [0100/0318], LR: 0.000418, Loss: 0.1939
2026-09-19 06:20:39.926101 Epoch [054/200], Step [0200/0318], LR: 0.000418, Loss: 0.1955
2026-09-19 06:21:03.994806 Epoch [054/200], Step [0300/0318], LR: 0.000418, Loss: 0.1920
2026-09-19 06:21:08.104325 Epoch [054/200], Step [0318/0318], LR: 0.000418, Loss: 0.1942
Epoch: 54, Dataset: test, Dice: 0.7989, IoU: 0.6962
Epoch: 54, Dataset: val, Dice: 0.8339, IoU: 0.7417
2026-09-19 06:21:35.545812 Epoch [055/200], Step [0100/0318], LR: 0.000415, Loss: 0.1920
2026-09-19 06:22:00.177375 Epoch [055/200], Step [0200/0318], LR: 0.000415, Loss: 0.1948
2026-09-19 06:22:24.804246 Epoch [055/200], Step [0300/0318], LR: 0.000415, Loss: 0.1925
2026-09-19 06:22:29.182256 Epoch [055/200], Step [0318/0318], LR: 0.000415, Loss: 0.2036
Epoch: 55, Dataset: test, Dice: 0.4247, IoU: 0.3025
Epoch: 55, Dataset: val, Dice: 0.5220, IoU: 0.4017
2026-09-19 06:22:57.335887 Epoch [056/200], Step [0100/0318], LR: 0.000413, Loss: 0.1835
2026-09-19 06:23:22.200140 Epoch [056/200], Step [0200/0318], LR: 0.000413, Loss: 0.1885
2026-09-19 06:23:48.546249 Epoch [056/200], Step [0300/0318], LR: 0.000413, Loss: 0.1852
2026-09-19 06:23:52.669726 Epoch [056/200], Step [0318/0318], LR: 0.000413, Loss: 0.1855
Epoch: 56, Dataset: test, Dice: 0.7786, IoU: 0.6734
Epoch: 56, Dataset: val, Dice: 0.8133, IoU: 0.7173
2026-09-19 06:24:19.859676 Epoch [057/200], Step [0100/0318], LR: 0.000410, Loss: 0.1830
2026-09-19 06:24:43.026589 Epoch [057/200], Step [0200/0318], LR: 0.000410, Loss: 0.1861
2026-09-19 06:25:06.109553 Epoch [057/200], Step [0300/0318], LR: 0.000410, Loss: 0.1848
2026-09-19 06:25:09.977312 Epoch [057/200], Step [0318/0318], LR: 0.000410, Loss: 0.1835
Epoch: 57, Dataset: test, Dice: 0.7254, IoU: 0.6184
Epoch: 57, Dataset: val, Dice: 0.7879, IoU: 0.6959
2026-09-19 06:25:36.686595 Epoch [058/200], Step [0100/0318], LR: 0.000406, Loss: 0.1809
2026-09-19 06:26:00.788481 Epoch [058/200], Step [0200/0318], LR: 0.000406, Loss: 0.1816
2026-09-19 06:26:24.478232 Epoch [058/200], Step [0300/0318], LR: 0.000406, Loss: 0.1838
2026-09-19 06:26:28.425781 Epoch [058/200], Step [0318/0318], LR: 0.000406, Loss: 0.1875
Epoch: 58, Dataset: test, Dice: 0.2900, IoU: 0.1859
Epoch: 58, Dataset: val, Dice: 0.3900, IoU: 0.2761
2026-09-19 06:26:55.604535 Epoch [059/200], Step [0100/0318], LR: 0.000403, Loss: 0.1849
2026-09-19 06:27:20.922179 Epoch [059/200], Step [0200/0318], LR: 0.000403, Loss: 0.1914
2026-09-19 06:27:44.663008 Epoch [059/200], Step [0300/0318], LR: 0.000403, Loss: 0.1813
2026-09-19 06:27:48.781487 Epoch [059/200], Step [0318/0318], LR: 0.000403, Loss: 0.1799
Epoch: 59, Dataset: test, Dice: 0.8319, IoU: 0.7343
Epoch: 59, Dataset: val, Dice: 0.8437, IoU: 0.7423
2026-09-19 06:28:16.457142 Epoch [060/200], Step [0100/0318], LR: 0.000400, Loss: 0.1831
2026-09-19 06:28:40.837861 Epoch [060/200], Step [0200/0318], LR: 0.000400, Loss: 0.1914
2026-09-19 06:29:05.525257 Epoch [060/200], Step [0300/0318], LR: 0.000400, Loss: 0.1836
2026-09-19 06:29:09.685682 Epoch [060/200], Step [0318/0318], LR: 0.000400, Loss: 0.1903
Epoch: 60, Dataset: test, Dice: 0.8064, IoU: 0.7034
Epoch: 60, Dataset: val, Dice: 0.8275, IoU: 0.7313
2026-09-19 06:29:37.517977 Epoch [061/200], Step [0100/0318], LR: 0.000397, Loss: 0.1883
2026-09-19 06:30:02.668521 Epoch [061/200], Step [0200/0318], LR: 0.000397, Loss: 0.1695
2026-09-19 06:30:29.059754 Epoch [061/200], Step [0300/0318], LR: 0.000397, Loss: 0.1846
2026-09-19 06:30:33.359780 Epoch [061/200], Step [0318/0318], LR: 0.000397, Loss: 0.1838
Epoch: 61, Dataset: test, Dice: 0.8232, IoU: 0.7257
Epoch: 61, Dataset: val, Dice: 0.8419, IoU: 0.7456
2026-09-19 06:31:01.547038 Epoch [062/200], Step [0100/0318], LR: 0.000394, Loss: 0.1949
2026-09-19 06:31:26.162268 Epoch [062/200], Step [0200/0318], LR: 0.000394, Loss: 0.1816
2026-09-19 06:31:50.452505 Epoch [062/200], Step [0300/0318], LR: 0.000394, Loss: 0.1856
2026-09-19 06:31:54.304351 Epoch [062/200], Step [0318/0318], LR: 0.000394, Loss: 0.1778
Epoch: 62, Dataset: test, Dice: 0.7810, IoU: 0.6753
Epoch: 62, Dataset: val, Dice: 0.7970, IoU: 0.6994
2026-09-19 06:32:21.983056 Epoch [063/200], Step [0100/0318], LR: 0.000391, Loss: 0.1797
2026-09-19 06:32:48.443503 Epoch [063/200], Step [0200/0318], LR: 0.000391, Loss: 0.1899
2026-09-19 06:33:12.442359 Epoch [063/200], Step [0300/0318], LR: 0.000391, Loss: 0.1803
2026-09-19 06:33:16.421710 Epoch [063/200], Step [0318/0318], LR: 0.000391, Loss: 0.1760
Epoch: 63, Dataset: test, Dice: 0.5412, IoU: 0.4231
Epoch: 63, Dataset: val, Dice: 0.6533, IoU: 0.5402
2026-09-19 06:33:45.723604 Epoch [064/200], Step [0100/0318], LR: 0.000387, Loss: 0.1764
2026-09-19 06:34:10.587513 Epoch [064/200], Step [0200/0318], LR: 0.000387, Loss: 0.1831
2026-09-19 06:34:35.716796 Epoch [064/200], Step [0300/0318], LR: 0.000387, Loss: 0.1834
2026-09-19 06:34:40.059819 Epoch [064/200], Step [0318/0318], LR: 0.000387, Loss: 0.1839
Epoch: 64, Dataset: test, Dice: 0.7401, IoU: 0.6289
Epoch: 64, Dataset: val, Dice: 0.8120, IoU: 0.7194
2026-09-19 06:35:07.752870 Epoch [065/200], Step [0100/0318], LR: 0.000384, Loss: 0.1928
2026-09-19 06:35:31.615403 Epoch [065/200], Step [0200/0318], LR: 0.000384, Loss: 0.1905
2026-09-19 06:35:56.568611 Epoch [065/200], Step [0300/0318], LR: 0.000384, Loss: 0.1789
2026-09-19 06:36:00.707736 Epoch [065/200], Step [0318/0318], LR: 0.000384, Loss: 0.1804
Epoch: 65, Dataset: test, Dice: 0.6368, IoU: 0.5229
Epoch: 65, Dataset: val, Dice: 0.7395, IoU: 0.6411
2026-09-19 06:36:28.802504 Epoch [066/200], Step [0100/0318], LR: 0.000381, Loss: 0.1720
2026-09-19 06:36:54.728709 Epoch [066/200], Step [0200/0318], LR: 0.000381, Loss: 0.1800
2026-09-19 06:37:18.725294 Epoch [066/200], Step [0300/0318], LR: 0.000381, Loss: 0.1808
2026-09-19 06:37:22.895139 Epoch [066/200], Step [0318/0318], LR: 0.000381, Loss: 0.1803
Epoch: 66, Dataset: test, Dice: 0.8192, IoU: 0.7202
Epoch: 66, Dataset: val, Dice: 0.8506, IoU: 0.7532
2026-09-19 06:37:50.886041 Epoch [067/200], Step [0100/0318], LR: 0.000378, Loss: 0.1785
2026-09-19 06:38:15.661201 Epoch [067/200], Step [0200/0318], LR: 0.000378, Loss: 0.1803
2026-09-19 06:38:39.931286 Epoch [067/200], Step [0300/0318], LR: 0.000378, Loss: 0.1809
2026-09-19 06:38:44.160523 Epoch [067/200], Step [0318/0318], LR: 0.000378, Loss: 0.1839
Epoch: 67, Dataset: test, Dice: 0.4529, IoU: 0.3344
Epoch: 67, Dataset: val, Dice: 0.5150, IoU: 0.3960
2026-09-19 06:39:13.266195 Epoch [068/200], Step [0100/0318], LR: 0.000374, Loss: 0.1731
2026-09-19 06:39:38.673126 Epoch [068/200], Step [0200/0318], LR: 0.000374, Loss: 0.1853
2026-09-19 06:40:04.306202 Epoch [068/200], Step [0300/0318], LR: 0.000374, Loss: 0.1777
2026-09-19 06:40:08.744127 Epoch [068/200], Step [0318/0318], LR: 0.000374, Loss: 0.1858
Epoch: 68, Dataset: test, Dice: 0.7676, IoU: 0.6603
Epoch: 68, Dataset: val, Dice: 0.7651, IoU: 0.6465
2026-09-19 06:40:38.465827 Epoch [069/200], Step [0100/0318], LR: 0.000371, Loss: 0.1786
2026-09-19 06:41:04.618345 Epoch [069/200], Step [0200/0318], LR: 0.000371, Loss: 0.1801
2026-09-19 06:41:31.632220 Epoch [069/200], Step [0300/0318], LR: 0.000371, Loss: 0.1821
2026-09-19 06:41:36.097348 Epoch [069/200], Step [0318/0318], LR: 0.000371, Loss: 0.1856
Epoch: 69, Dataset: test, Dice: 0.8261, IoU: 0.7310
Epoch: 69, Dataset: val, Dice: 0.8309, IoU: 0.7378
2026-09-19 06:42:07.608354 Epoch [070/200], Step [0100/0318], LR: 0.000367, Loss: 0.1749
2026-09-19 06:42:34.063890 Epoch [070/200], Step [0200/0318], LR: 0.000367, Loss: 0.1767
2026-09-19 06:43:00.642252 Epoch [070/200], Step [0300/0318], LR: 0.000367, Loss: 0.1798
2026-09-19 06:43:05.071238 Epoch [070/200], Step [0318/0318], LR: 0.000367, Loss: 0.1777
Epoch: 70, Dataset: test, Dice: 0.8250, IoU: 0.7269
Epoch: 70, Dataset: val, Dice: 0.8228, IoU: 0.7266
2026-09-19 06:43:34.321999 Epoch [071/200], Step [0100/0318], LR: 0.000364, Loss: 0.1799
2026-09-19 06:43:59.766425 Epoch [071/200], Step [0200/0318], LR: 0.000364, Loss: 0.1734
2026-09-19 06:44:24.705060 Epoch [071/200], Step [0300/0318], LR: 0.000364, Loss: 0.1797
2026-09-19 06:44:29.181925 Epoch [071/200], Step [0318/0318], LR: 0.000364, Loss: 0.1772
Epoch: 71, Dataset: test, Dice: 0.8299, IoU: 0.7338
Epoch: 71, Dataset: val, Dice: 0.8473, IoU: 0.7527
2026-09-19 06:44:58.232033 Epoch [072/200], Step [0100/0318], LR: 0.000360, Loss: 0.1670
2026-09-19 06:45:23.714628 Epoch [072/200], Step [0200/0318], LR: 0.000360, Loss: 0.1763
2026-09-19 06:45:49.308199 Epoch [072/200], Step [0300/0318], LR: 0.000360, Loss: 0.1730
2026-09-19 06:45:53.751107 Epoch [072/200], Step [0318/0318], LR: 0.000360, Loss: 0.1882
Epoch: 72, Dataset: test, Dice: 0.3567, IoU: 0.2440
Epoch: 72, Dataset: val, Dice: 0.4189, IoU: 0.3012
2026-09-19 06:46:23.593532 Epoch [073/200], Step [0100/0318], LR: 0.000357, Loss: 0.1705
2026-09-19 06:46:49.395232 Epoch [073/200], Step [0200/0318], LR: 0.000357, Loss: 0.1761
2026-09-19 06:47:15.398166 Epoch [073/200], Step [0300/0318], LR: 0.000357, Loss: 0.1744
2026-09-19 06:47:19.873401 Epoch [073/200], Step [0318/0318], LR: 0.000357, Loss: 0.1750
Epoch: 73, Dataset: test, Dice: 0.7787, IoU: 0.6672
Epoch: 73, Dataset: val, Dice: 0.7879, IoU: 0.6736
2026-09-19 06:47:49.543041 Epoch [074/200], Step [0100/0318], LR: 0.000353, Loss: 0.1831
2026-09-19 06:48:15.582788 Epoch [074/200], Step [0200/0318], LR: 0.000353, Loss: 0.1788
2026-09-19 06:48:41.077422 Epoch [074/200], Step [0300/0318], LR: 0.000353, Loss: 0.1724
2026-09-19 06:48:45.538608 Epoch [074/200], Step [0318/0318], LR: 0.000353, Loss: 0.1741
Epoch: 74, Dataset: test, Dice: 0.8223, IoU: 0.7219
Epoch: 74, Dataset: val, Dice: 0.8124, IoU: 0.7124
2026-09-19 06:49:15.488280 Epoch [075/200], Step [0100/0318], LR: 0.000350, Loss: 0.1763
2026-09-19 06:49:41.015031 Epoch [075/200], Step [0200/0318], LR: 0.000350, Loss: 0.1651
2026-09-19 06:50:06.575113 Epoch [075/200], Step [0300/0318], LR: 0.000350, Loss: 0.1748
2026-09-19 06:50:11.148124 Epoch [075/200], Step [0318/0318], LR: 0.000350, Loss: 0.1789
Epoch: 75, Dataset: test, Dice: 0.8255, IoU: 0.7315
Epoch: 75, Dataset: val, Dice: 0.8589, IoU: 0.7707
### Best Model Saved (Dice improved from 0.8576 to 0.8589) ###
2026-09-19 06:50:41.751483 Epoch [076/200], Step [0100/0318], LR: 0.000346, Loss: 0.1692
2026-09-19 06:51:08.024124 Epoch [076/200], Step [0200/0318], LR: 0.000346, Loss: 0.1766
2026-09-19 06:51:34.118353 Epoch [076/200], Step [0300/0318], LR: 0.000346, Loss: 0.1752
2026-09-19 06:51:38.644052 Epoch [076/200], Step [0318/0318], LR: 0.000346, Loss: 0.1722
Epoch: 76, Dataset: test, Dice: 0.8336, IoU: 0.7369
Epoch: 76, Dataset: val, Dice: 0.8517, IoU: 0.7563
2026-09-19 06:52:08.380244 Epoch [077/200], Step [0100/0318], LR: 0.000342, Loss: 0.1731
2026-09-19 06:52:34.483153 Epoch [077/200], Step [0200/0318], LR: 0.000342, Loss: 0.1739
2026-09-19 06:52:59.651948 Epoch [077/200], Step [0300/0318], LR: 0.000342, Loss: 0.1704
2026-09-19 06:53:04.072372 Epoch [077/200], Step [0318/0318], LR: 0.000342, Loss: 0.1660
Epoch: 77, Dataset: test, Dice: 0.8098, IoU: 0.7087
Epoch: 77, Dataset: val, Dice: 0.8386, IoU: 0.7429
2026-09-19 06:53:33.976389 Epoch [078/200], Step [0100/0318], LR: 0.000339, Loss: 0.1685
2026-09-19 06:53:59.993377 Epoch [078/200], Step [0200/0318], LR: 0.000339, Loss: 0.1729
2026-09-19 06:54:25.609699 Epoch [078/200], Step [0300/0318], LR: 0.000339, Loss: 0.1789
2026-09-19 06:54:30.018614 Epoch [078/200], Step [0318/0318], LR: 0.000339, Loss: 0.1793
Epoch: 78, Dataset: test, Dice: 0.8455, IoU: 0.7572
Epoch: 78, Dataset: val, Dice: 0.8517, IoU: 0.7622
2026-09-19 06:54:59.727645 Epoch [079/200], Step [0100/0318], LR: 0.000335, Loss: 0.1645
2026-09-19 06:55:25.449316 Epoch [079/200], Step [0200/0318], LR: 0.000335, Loss: 0.1806
2026-09-19 06:55:51.422351 Epoch [079/200], Step [0300/0318], LR: 0.000335, Loss: 0.1680
2026-09-19 06:55:55.910751 Epoch [079/200], Step [0318/0318], LR: 0.000335, Loss: 0.1662
Epoch: 79, Dataset: test, Dice: 0.7870, IoU: 0.6869
Epoch: 79, Dataset: val, Dice: 0.8006, IoU: 0.7038
2026-09-19 06:56:26.214458 Epoch [080/200], Step [0100/0318], LR: 0.000331, Loss: 0.1716
2026-09-19 06:56:52.703284 Epoch [080/200], Step [0200/0318], LR: 0.000331, Loss: 0.1698
2026-09-19 06:57:19.357969 Epoch [080/200], Step [0300/0318], LR: 0.000331, Loss: 0.1722
2026-09-19 06:57:24.079449 Epoch [080/200], Step [0318/0318], LR: 0.000331, Loss: 0.1829
Epoch: 80, Dataset: test, Dice: 0.7507, IoU: 0.6483
Epoch: 80, Dataset: val, Dice: 0.7948, IoU: 0.6972
2026-09-19 06:57:54.572783 Epoch [081/200], Step [0100/0318], LR: 0.000328, Loss: 0.1749
2026-09-19 06:58:20.561565 Epoch [081/200], Step [0200/0318], LR: 0.000328, Loss: 0.1655
2026-09-19 06:58:47.029991 Epoch [081/200], Step [0300/0318], LR: 0.000328, Loss: 0.1672
2026-09-19 06:58:51.509013 Epoch [081/200], Step [0318/0318], LR: 0.000328, Loss: 0.1693
Epoch: 81, Dataset: test, Dice: 0.8175, IoU: 0.7176
Epoch: 81, Dataset: val, Dice: 0.8322, IoU: 0.7302
2026-09-19 06:59:22.059278 Epoch [082/200], Step [0100/0318], LR: 0.000324, Loss: 0.1630
2026-09-19 06:59:48.685118 Epoch [082/200], Step [0200/0318], LR: 0.000324, Loss: 0.1770
2026-09-19 07:00:14.683260 Epoch [082/200], Step [0300/0318], LR: 0.000324, Loss: 0.1671
2026-09-19 07:00:19.126109 Epoch [082/200], Step [0318/0318], LR: 0.000324, Loss: 0.1685
Epoch: 82, Dataset: test, Dice: 0.8211, IoU: 0.7240
Epoch: 82, Dataset: val, Dice: 0.8564, IoU: 0.7675
2026-09-19 07:00:48.377206 Epoch [083/200], Step [0100/0318], LR: 0.000320, Loss: 0.1711
2026-09-19 07:01:14.068872 Epoch [083/200], Step [0200/0318], LR: 0.000320, Loss: 0.1730
2026-09-19 07:01:39.414344 Epoch [083/200], Step [0300/0318], LR: 0.000320, Loss: 0.1689
2026-09-19 07:01:43.988261 Epoch [083/200], Step [0318/0318], LR: 0.000320, Loss: 0.1694
Epoch: 83, Dataset: test, Dice: 0.8433, IoU: 0.7517
Epoch: 83, Dataset: val, Dice: 0.8471, IoU: 0.7504
2026-09-19 07:02:12.825292 Epoch [084/200], Step [0100/0318], LR: 0.000316, Loss: 0.1655
2026-09-19 07:02:37.838842 Epoch [084/200], Step [0200/0318], LR: 0.000316, Loss: 0.1707
2026-09-19 07:03:02.880689 Epoch [084/200], Step [0300/0318], LR: 0.000316, Loss: 0.1692
2026-09-19 07:03:07.119870 Epoch [084/200], Step [0318/0318], LR: 0.000316, Loss: 0.1739
Epoch: 84, Dataset: test, Dice: 0.7609, IoU: 0.6492
Epoch: 84, Dataset: val, Dice: 0.8008, IoU: 0.6995
2026-09-19 07:03:36.038276 Epoch [085/200], Step [0100/0318], LR: 0.000313, Loss: 0.1722
2026-09-19 07:04:01.164122 Epoch [085/200], Step [0200/0318], LR: 0.000313, Loss: 0.1621
2026-09-19 07:04:26.212411 Epoch [085/200], Step [0300/0318], LR: 0.000313, Loss: 0.1618
2026-09-19 07:04:30.420112 Epoch [085/200], Step [0318/0318], LR: 0.000313, Loss: 0.1670
Epoch: 85, Dataset: test, Dice: 0.8350, IoU: 0.7437
Epoch: 85, Dataset: val, Dice: 0.8553, IoU: 0.7611
2026-09-19 07:04:58.585419 Epoch [086/200], Step [0100/0318], LR: 0.000309, Loss: 0.1669
2026-09-19 07:05:23.470430 Epoch [086/200], Step [0200/0318], LR: 0.000309, Loss: 0.1638
2026-09-19 07:05:47.647168 Epoch [086/200], Step [0300/0318], LR: 0.000309, Loss: 0.1696
2026-09-19 07:05:51.996693 Epoch [086/200], Step [0318/0318], LR: 0.000309, Loss: 0.1737
Epoch: 86, Dataset: test, Dice: 0.8212, IoU: 0.7216
Epoch: 86, Dataset: val, Dice: 0.8423, IoU: 0.7464
2026-09-19 07:06:19.890903 Epoch [087/200], Step [0100/0318], LR: 0.000305, Loss: 0.1673
2026-09-19 07:06:44.089589 Epoch [087/200], Step [0200/0318], LR: 0.000305, Loss: 0.1699
2026-09-19 07:07:08.032201 Epoch [087/200], Step [0300/0318], LR: 0.000305, Loss: 0.1635
2026-09-19 07:07:12.039789 Epoch [087/200], Step [0318/0318], LR: 0.000305, Loss: 0.1666
Epoch: 87, Dataset: test, Dice: 0.8021, IoU: 0.6978
Epoch: 87, Dataset: val, Dice: 0.8211, IoU: 0.7237
2026-09-19 07:07:39.915757 Epoch [088/200], Step [0100/0318], LR: 0.000301, Loss: 0.1673
2026-09-19 07:08:03.485855 Epoch [088/200], Step [0200/0318], LR: 0.000301, Loss: 0.1671
2026-09-19 07:08:27.054048 Epoch [088/200], Step [0300/0318], LR: 0.000301, Loss: 0.1710
2026-09-19 07:08:31.031583 Epoch [088/200], Step [0318/0318], LR: 0.000301, Loss: 0.1688
Epoch: 88, Dataset: test, Dice: 0.8104, IoU: 0.7116
Epoch: 88, Dataset: val, Dice: 0.8390, IoU: 0.7464
2026-09-19 07:08:58.838051 Epoch [089/200], Step [0100/0318], LR: 0.000297, Loss: 0.1646
2026-09-19 07:09:22.910602 Epoch [089/200], Step [0200/0318], LR: 0.000297, Loss: 0.1623
2026-09-19 07:09:46.668410 Epoch [089/200], Step [0300/0318], LR: 0.000297, Loss: 0.1648
2026-09-19 07:09:50.678214 Epoch [089/200], Step [0318/0318], LR: 0.000297, Loss: 0.1639
Epoch: 89, Dataset: test, Dice: 0.8454, IoU: 0.7530
Epoch: 89, Dataset: val, Dice: 0.8460, IoU: 0.7505
2026-09-19 07:10:18.711673 Epoch [090/200], Step [0100/0318], LR: 0.000293, Loss: 0.1631
2026-09-19 07:10:42.269606 Epoch [090/200], Step [0200/0318], LR: 0.000293, Loss: 0.1626
2026-09-19 07:11:06.299134 Epoch [090/200], Step [0300/0318], LR: 0.000293, Loss: 0.1667
2026-09-19 07:11:10.550808 Epoch [090/200], Step [0318/0318], LR: 0.000293, Loss: 0.1676
Epoch: 90, Dataset: test, Dice: 0.8307, IoU: 0.7357
Epoch: 90, Dataset: val, Dice: 0.8497, IoU: 0.7515
2026-09-19 07:11:40.186885 Epoch [091/200], Step [0100/0318], LR: 0.000290, Loss: 0.1589
2026-09-19 07:12:05.221399 Epoch [091/200], Step [0200/0318], LR: 0.000290, Loss: 0.1699
2026-09-19 07:12:29.402865 Epoch [091/200], Step [0300/0318], LR: 0.000290, Loss: 0.1657
2026-09-19 07:12:33.701088 Epoch [091/200], Step [0318/0318], LR: 0.000290, Loss: 0.1745
Epoch: 91, Dataset: test, Dice: 0.7682, IoU: 0.6682
Epoch: 91, Dataset: val, Dice: 0.8162, IoU: 0.7074
2026-09-19 07:13:02.356628 Epoch [092/200], Step [0100/0318], LR: 0.000286, Loss: 0.1578
2026-09-19 07:13:27.234210 Epoch [092/200], Step [0200/0318], LR: 0.000286, Loss: 0.1721
2026-09-19 07:13:51.950153 Epoch [092/200], Step [0300/0318], LR: 0.000286, Loss: 0.1673
2026-09-19 07:13:56.129353 Epoch [092/200], Step [0318/0318], LR: 0.000286, Loss: 0.1770
Epoch: 92, Dataset: test, Dice: 0.8373, IoU: 0.7458
Epoch: 92, Dataset: val, Dice: 0.8488, IoU: 0.7544
2026-09-19 07:14:24.742372 Epoch [093/200], Step [0100/0318], LR: 0.000282, Loss: 0.1623
2026-09-19 07:14:50.765061 Epoch [093/200], Step [0200/0318], LR: 0.000282, Loss: 0.1652
2026-09-19 07:15:17.591276 Epoch [093/200], Step [0300/0318], LR: 0.000282, Loss: 0.1697
2026-09-19 07:15:22.076916 Epoch [093/200], Step [0318/0318], LR: 0.000282, Loss: 0.1759
Epoch: 93, Dataset: test, Dice: 0.8063, IoU: 0.7014
Epoch: 93, Dataset: val, Dice: 0.8047, IoU: 0.6977
2026-09-19 07:15:51.353422 Epoch [094/200], Step [0100/0318], LR: 0.000278, Loss: 0.1624
2026-09-19 07:16:16.372244 Epoch [094/200], Step [0200/0318], LR: 0.000278, Loss: 0.1629
2026-09-19 07:16:41.281368 Epoch [094/200], Step [0300/0318], LR: 0.000278, Loss: 0.1570
2026-09-19 07:16:45.612330 Epoch [094/200], Step [0318/0318], LR: 0.000278, Loss: 0.1537
Epoch: 94, Dataset: test, Dice: 0.6931, IoU: 0.5755
Epoch: 94, Dataset: val, Dice: 0.7282, IoU: 0.6219
2026-09-19 07:17:14.146466 Epoch [095/200], Step [0100/0318], LR: 0.000274, Loss: 0.1664
2026-09-19 07:17:39.064467 Epoch [095/200], Step [0200/0318], LR: 0.000274, Loss: 0.1618
2026-09-19 07:18:04.324305 Epoch [095/200], Step [0300/0318], LR: 0.000274, Loss: 0.1565
2026-09-19 07:18:08.827798 Epoch [095/200], Step [0318/0318], LR: 0.000274, Loss: 0.1581
Epoch: 95, Dataset: test, Dice: 0.8316, IoU: 0.7327
Epoch: 95, Dataset: val, Dice: 0.8254, IoU: 0.7281
2026-09-19 07:18:37.792538 Epoch [096/200], Step [0100/0318], LR: 0.000270, Loss: 0.1638
2026-09-19 07:19:02.667296 Epoch [096/200], Step [0200/0318], LR: 0.000270, Loss: 0.1593
2026-09-19 07:19:28.339509 Epoch [096/200], Step [0300/0318], LR: 0.000270, Loss: 0.1591
2026-09-19 07:19:32.594265 Epoch [096/200], Step [0318/0318], LR: 0.000270, Loss: 0.1663
Epoch: 96, Dataset: test, Dice: 0.8146, IoU: 0.7136
Epoch: 96, Dataset: val, Dice: 0.8381, IoU: 0.7418
2026-09-19 07:20:02.188488 Epoch [097/200], Step [0100/0318], LR: 0.000266, Loss: 0.1548
2026-09-19 07:20:27.409920 Epoch [097/200], Step [0200/0318], LR: 0.000266, Loss: 0.1604
2026-09-19 07:20:51.704997 Epoch [097/200], Step [0300/0318], LR: 0.000266, Loss: 0.1594
2026-09-19 07:20:55.839429 Epoch [097/200], Step [0318/0318], LR: 0.000266, Loss: 0.1692
Epoch: 97, Dataset: test, Dice: 0.8207, IoU: 0.7187
Epoch: 97, Dataset: val, Dice: 0.8044, IoU: 0.7030
2026-09-19 07:21:23.922544 Epoch [098/200], Step [0100/0318], LR: 0.000262, Loss: 0.1635
2026-09-19 07:21:48.312157 Epoch [098/200], Step [0200/0318], LR: 0.000262, Loss: 0.1607
2026-09-19 07:22:12.805083 Epoch [098/200], Step [0300/0318], LR: 0.000262, Loss: 0.1646
2026-09-19 07:22:17.016101 Epoch [098/200], Step [0318/0318], LR: 0.000262, Loss: 0.1662
Epoch: 98, Dataset: test, Dice: 0.8123, IoU: 0.7112
Epoch: 98, Dataset: val, Dice: 0.8036, IoU: 0.6978
2026-09-19 07:22:45.587282 Epoch [099/200], Step [0100/0318], LR: 0.000258, Loss: 0.1603
2026-09-19 07:23:10.051875 Epoch [099/200], Step [0200/0318], LR: 0.000258, Loss: 0.1616
2026-09-19 07:23:35.376034 Epoch [099/200], Step [0300/0318], LR: 0.000258, Loss: 0.1613
2026-09-19 07:23:39.719349 Epoch [099/200], Step [0318/0318], LR: 0.000258, Loss: 0.1538
Epoch: 99, Dataset: test, Dice: 0.8028, IoU: 0.7011
Epoch: 99, Dataset: val, Dice: 0.8127, IoU: 0.7055
2026-09-19 07:24:08.441165 Epoch [100/200], Step [0100/0318], LR: 0.000254, Loss: 0.1628
2026-09-19 07:24:33.258693 Epoch [100/200], Step [0200/0318], LR: 0.000254, Loss: 0.1552
2026-09-19 07:24:57.386613 Epoch [100/200], Step [0300/0318], LR: 0.000254, Loss: 0.1631
2026-09-19 07:25:01.499350 Epoch [100/200], Step [0318/0318], LR: 0.000254, Loss: 0.1653
Epoch: 100, Dataset: test, Dice: 0.8264, IoU: 0.7265
Epoch: 100, Dataset: val, Dice: 0.8147, IoU: 0.7110
2026-09-19 07:25:29.504242 Epoch [101/200], Step [0100/0318], LR: 0.000250, Loss: 0.1569
2026-09-19 07:25:54.309588 Epoch [101/200], Step [0200/0318], LR: 0.000250, Loss: 0.1589
2026-09-19 07:26:19.547779 Epoch [101/200], Step [0300/0318], LR: 0.000250, Loss: 0.1578
2026-09-19 07:26:23.774319 Epoch [101/200], Step [0318/0318], LR: 0.000250, Loss: 0.1610
Epoch: 101, Dataset: test, Dice: 0.8371, IoU: 0.7424
Epoch: 101, Dataset: val, Dice: 0.8473, IoU: 0.7505
2026-09-19 07:26:52.047662 Epoch [102/200], Step [0100/0318], LR: 0.000247, Loss: 0.1595
2026-09-19 07:27:16.626074 Epoch [102/200], Step [0200/0318], LR: 0.000247, Loss: 0.1563
2026-09-19 07:27:41.253793 Epoch [102/200], Step [0300/0318], LR: 0.000247, Loss: 0.1582
2026-09-19 07:27:45.498536 Epoch [102/200], Step [0318/0318], LR: 0.000247, Loss: 0.1561
Epoch: 102, Dataset: test, Dice: 0.8067, IoU: 0.7085
Epoch: 102, Dataset: val, Dice: 0.8146, IoU: 0.7152
2026-09-19 07:28:15.078473 Epoch [103/200], Step [0100/0318], LR: 0.000243, Loss: 0.1577
2026-09-19 07:28:40.284444 Epoch [103/200], Step [0200/0318], LR: 0.000243, Loss: 0.1567
2026-09-19 07:29:05.771268 Epoch [103/200], Step [0300/0318], LR: 0.000243, Loss: 0.1564
2026-09-19 07:29:10.287933 Epoch [103/200], Step [0318/0318], LR: 0.000243, Loss: 0.1589
Epoch: 103, Dataset: test, Dice: 0.8385, IoU: 0.7462
Epoch: 103, Dataset: val, Dice: 0.8569, IoU: 0.7635
2026-09-19 07:29:40.881563 Epoch [104/200], Step [0100/0318], LR: 0.000239, Loss: 0.1640
2026-09-19 07:30:07.135154 Epoch [104/200], Step [0200/0318], LR: 0.000239, Loss: 0.1594
2026-09-19 07:30:33.229853 Epoch [104/200], Step [0300/0318], LR: 0.000239, Loss: 0.1585
2026-09-19 07:30:37.741208 Epoch [104/200], Step [0318/0318], LR: 0.000239, Loss: 0.1583
Epoch: 104, Dataset: test, Dice: 0.8349, IoU: 0.7376
Epoch: 104, Dataset: val, Dice: 0.8403, IoU: 0.7384
2026-09-19 07:31:08.252935 Epoch [105/200], Step [0100/0318], LR: 0.000235, Loss: 0.1617
2026-09-19 07:31:33.918174 Epoch [105/200], Step [0200/0318], LR: 0.000235, Loss: 0.1561
2026-09-19 07:32:00.499344 Epoch [105/200], Step [0300/0318], LR: 0.000235, Loss: 0.1585
2026-09-19 07:32:05.292021 Epoch [105/200], Step [0318/0318], LR: 0.000235, Loss: 0.1606
Epoch: 105, Dataset: test, Dice: 0.8261, IoU: 0.7281
Epoch: 105, Dataset: val, Dice: 0.8448, IoU: 0.7471
2026-09-19 07:32:35.509538 Epoch [106/200], Step [0100/0318], LR: 0.000231, Loss: 0.1548
2026-09-19 07:33:02.085578 Epoch [106/200], Step [0200/0318], LR: 0.000231, Loss: 0.1558
2026-09-19 07:33:28.756736 Epoch [106/200], Step [0300/0318], LR: 0.000231, Loss: 0.1583
2026-09-19 07:33:33.468446 Epoch [106/200], Step [0318/0318], LR: 0.000231, Loss: 0.1613
Epoch: 106, Dataset: test, Dice: 0.8404, IoU: 0.7466
Epoch: 106, Dataset: val, Dice: 0.8544, IoU: 0.7579
2026-09-19 07:34:04.034143 Epoch [107/200], Step [0100/0318], LR: 0.000227, Loss: 0.1579
2026-09-19 07:34:29.422502 Epoch [107/200], Step [0200/0318], LR: 0.000227, Loss: 0.1649
2026-09-19 07:34:54.262857 Epoch [107/200], Step [0300/0318], LR: 0.000227, Loss: 0.1587
2026-09-19 07:34:58.501220 Epoch [107/200], Step [0318/0318], LR: 0.000227, Loss: 0.1500
Epoch: 107, Dataset: test, Dice: 0.8404, IoU: 0.7449
Epoch: 107, Dataset: val, Dice: 0.8506, IoU: 0.7534
2026-09-19 07:35:27.707237 Epoch [108/200], Step [0100/0318], LR: 0.000223, Loss: 0.1562
2026-09-19 07:35:53.337921 Epoch [108/200], Step [0200/0318], LR: 0.000223, Loss: 0.1550
2026-09-19 07:36:19.114556 Epoch [108/200], Step [0300/0318], LR: 0.000223, Loss: 0.1579
2026-09-19 07:36:23.637641 Epoch [108/200], Step [0318/0318], LR: 0.000223, Loss: 0.1555
Epoch: 108, Dataset: test, Dice: 0.7690, IoU: 0.6597
Epoch: 108, Dataset: val, Dice: 0.8101, IoU: 0.7137
2026-09-19 07:36:54.127572 Epoch [109/200], Step [0100/0318], LR: 0.000219, Loss: 0.1616
2026-09-19 07:37:20.436229 Epoch [109/200], Step [0200/0318], LR: 0.000219, Loss: 0.1565
2026-09-19 07:37:46.632353 Epoch [109/200], Step [0300/0318], LR: 0.000219, Loss: 0.1545
2026-09-19 07:37:51.257985 Epoch [109/200], Step [0318/0318], LR: 0.000219, Loss: 0.1521
Epoch: 109, Dataset: test, Dice: 0.8403, IoU: 0.7439
Epoch: 109, Dataset: val, Dice: 0.8442, IoU: 0.7458
2026-09-19 07:38:22.004420 Epoch [110/200], Step [0100/0318], LR: 0.000215, Loss: 0.1490
2026-09-19 07:38:48.778847 Epoch [110/200], Step [0200/0318], LR: 0.000215, Loss: 0.1569
2026-09-19 07:39:15.487921 Epoch [110/200], Step [0300/0318], LR: 0.000215, Loss: 0.1534
2026-09-19 07:39:20.058547 Epoch [110/200], Step [0318/0318], LR: 0.000215, Loss: 0.1538
Epoch: 110, Dataset: test, Dice: 0.8385, IoU: 0.7440
Epoch: 110, Dataset: val, Dice: 0.8452, IoU: 0.7455
2026-09-19 07:39:50.660007 Epoch [111/200], Step [0100/0318], LR: 0.000211, Loss: 0.1542
2026-09-19 07:40:17.734284 Epoch [111/200], Step [0200/0318], LR: 0.000211, Loss: 0.1575
2026-09-19 07:40:43.735444 Epoch [111/200], Step [0300/0318], LR: 0.000211, Loss: 0.1550
2026-09-19 07:40:48.149798 Epoch [111/200], Step [0318/0318], LR: 0.000211, Loss: 0.1538
Epoch: 111, Dataset: test, Dice: 0.8439, IoU: 0.7520
Epoch: 111, Dataset: val, Dice: 0.8507, IoU: 0.7546
2026-09-19 07:41:18.086095 Epoch [112/200], Step [0100/0318], LR: 0.000208, Loss: 0.1568
2026-09-19 07:41:44.629502 Epoch [112/200], Step [0200/0318], LR: 0.000208, Loss: 0.1515
2026-09-19 07:42:10.723493 Epoch [112/200], Step [0300/0318], LR: 0.000208, Loss: 0.1611
2026-09-19 07:42:15.417965 Epoch [112/200], Step [0318/0318], LR: 0.000208, Loss: 0.1520
Epoch: 112, Dataset: test, Dice: 0.8064, IoU: 0.7014
Epoch: 112, Dataset: val, Dice: 0.8045, IoU: 0.7013
2026-09-19 07:42:45.728278 Epoch [113/200], Step [0100/0318], LR: 0.000204, Loss: 0.1521
2026-09-19 07:43:11.791172 Epoch [113/200], Step [0200/0318], LR: 0.000204, Loss: 0.1587
2026-09-19 07:43:37.274222 Epoch [113/200], Step [0300/0318], LR: 0.000204, Loss: 0.1528
2026-09-19 07:43:41.611522 Epoch [113/200], Step [0318/0318], LR: 0.000204, Loss: 0.1544
Epoch: 113, Dataset: test, Dice: 0.8417, IoU: 0.7474
Epoch: 113, Dataset: val, Dice: 0.8378, IoU: 0.7351
2026-09-19 07:44:10.361559 Epoch [114/200], Step [0100/0318], LR: 0.000200, Loss: 0.1565
2026-09-19 07:44:35.043832 Epoch [114/200], Step [0200/0318], LR: 0.000200, Loss: 0.1539
2026-09-19 07:44:59.636276 Epoch [114/200], Step [0300/0318], LR: 0.000200, Loss: 0.1572
2026-09-19 07:45:03.825058 Epoch [114/200], Step [0318/0318], LR: 0.000200, Loss: 0.1597
Epoch: 114, Dataset: test, Dice: 0.8366, IoU: 0.7410
Epoch: 114, Dataset: val, Dice: 0.8451, IoU: 0.7482
2026-09-19 07:45:33.059046 Epoch [115/200], Step [0100/0318], LR: 0.000196, Loss: 0.1484
2026-09-19 07:45:58.352238 Epoch [115/200], Step [0200/0318], LR: 0.000196, Loss: 0.1564
2026-09-19 07:46:23.446419 Epoch [115/200], Step [0300/0318], LR: 0.000196, Loss: 0.1537
2026-09-19 07:46:28.033969 Epoch [115/200], Step [0318/0318], LR: 0.000196, Loss: 0.1529
Epoch: 115, Dataset: test, Dice: 0.6980, IoU: 0.5881
Epoch: 115, Dataset: val, Dice: 0.7858, IoU: 0.6893
2026-09-19 07:46:56.810606 Epoch [116/200], Step [0100/0318], LR: 0.000192, Loss: 0.1558
2026-09-19 07:47:21.611669 Epoch [116/200], Step [0200/0318], LR: 0.000192, Loss: 0.1573
2026-09-19 07:47:45.610698 Epoch [116/200], Step [0300/0318], LR: 0.000192, Loss: 0.1587
2026-09-19 07:47:49.841427 Epoch [116/200], Step [0318/0318], LR: 0.000192, Loss: 0.1597
Epoch: 116, Dataset: test, Dice: 0.8107, IoU: 0.7087
Epoch: 116, Dataset: val, Dice: 0.8103, IoU: 0.7056
2026-09-19 07:48:18.082290 Epoch [117/200], Step [0100/0318], LR: 0.000188, Loss: 0.1510
2026-09-19 07:48:42.797710 Epoch [117/200], Step [0200/0318], LR: 0.000188, Loss: 0.1504
2026-09-19 07:49:06.809717 Epoch [117/200], Step [0300/0318], LR: 0.000188, Loss: 0.1510
2026-09-19 07:49:10.921443 Epoch [117/200], Step [0318/0318], LR: 0.000188, Loss: 0.1549
Epoch: 117, Dataset: test, Dice: 0.8494, IoU: 0.7600
Epoch: 117, Dataset: val, Dice: 0.8503, IoU: 0.7539
2026-09-19 07:49:38.500076 Epoch [118/200], Step [0100/0318], LR: 0.000185, Loss: 0.1489
2026-09-19 07:50:02.036928 Epoch [118/200], Step [0200/0318], LR: 0.000185, Loss: 0.1554
2026-09-19 07:50:25.850717 Epoch [118/200], Step [0300/0318], LR: 0.000185, Loss: 0.1635
2026-09-19 07:50:30.309117 Epoch [118/200], Step [0318/0318], LR: 0.000185, Loss: 0.1553
Epoch: 118, Dataset: test, Dice: 0.5758, IoU: 0.4664
Epoch: 118, Dataset: val, Dice: 0.6574, IoU: 0.5538
2026-09-19 07:51:00.094577 Epoch [119/200], Step [0100/0318], LR: 0.000181, Loss: 0.1573
2026-09-19 07:51:24.074379 Epoch [119/200], Step [0200/0318], LR: 0.000181, Loss: 0.1577
2026-09-19 07:51:48.765506 Epoch [119/200], Step [0300/0318], LR: 0.000181, Loss: 0.1491
2026-09-19 07:51:52.994534 Epoch [119/200], Step [0318/0318], LR: 0.000181, Loss: 0.1536
Epoch: 119, Dataset: test, Dice: 0.8157, IoU: 0.7129
Epoch: 119, Dataset: val, Dice: 0.8067, IoU: 0.7029
2026-09-19 07:52:21.242336 Epoch [120/200], Step [0100/0318], LR: 0.000177, Loss: 0.1592
2026-09-19 07:52:45.216286 Epoch [120/200], Step [0200/0318], LR: 0.000177, Loss: 0.1531
2026-09-19 07:53:09.354108 Epoch [120/200], Step [0300/0318], LR: 0.000177, Loss: 0.1501
2026-09-19 07:53:13.548329 Epoch [120/200], Step [0318/0318], LR: 0.000177, Loss: 0.1536
Epoch: 120, Dataset: test, Dice: 0.8463, IoU: 0.7544
Epoch: 120, Dataset: val, Dice: 0.8443, IoU: 0.7450
2026-09-19 07:53:42.548824 Epoch [121/200], Step [0100/0318], LR: 0.000173, Loss: 0.1476
2026-09-19 07:54:07.385458 Epoch [121/200], Step [0200/0318], LR: 0.000173, Loss: 0.1573
2026-09-19 07:54:32.686759 Epoch [121/200], Step [0300/0318], LR: 0.000173, Loss: 0.1511
2026-09-19 07:54:37.189318 Epoch [121/200], Step [0318/0318], LR: 0.000173, Loss: 0.1514
Epoch: 121, Dataset: test, Dice: 0.8351, IoU: 0.7384
Epoch: 121, Dataset: val, Dice: 0.8435, IoU: 0.7483
2026-09-19 07:55:06.598899 Epoch [122/200], Step [0100/0318], LR: 0.000170, Loss: 0.1551
2026-09-19 07:55:31.629767 Epoch [122/200], Step [0200/0318], LR: 0.000170, Loss: 0.1602
2026-09-19 07:55:56.342032 Epoch [122/200], Step [0300/0318], LR: 0.000170, Loss: 0.1568
2026-09-19 07:56:00.575948 Epoch [122/200], Step [0318/0318], LR: 0.000170, Loss: 0.1518
Epoch: 122, Dataset: test, Dice: 0.8379, IoU: 0.7412
Epoch: 122, Dataset: val, Dice: 0.8531, IoU: 0.7556
2026-09-19 07:56:30.182727 Epoch [123/200], Step [0100/0318], LR: 0.000166, Loss: 0.1505
2026-09-19 07:56:55.857680 Epoch [123/200], Step [0200/0318], LR: 0.000166, Loss: 0.1595
2026-09-19 07:57:20.331123 Epoch [123/200], Step [0300/0318], LR: 0.000166, Loss: 0.1443
2026-09-19 07:57:24.456238 Epoch [123/200], Step [0318/0318], LR: 0.000166, Loss: 0.1524
Epoch: 123, Dataset: test, Dice: 0.7994, IoU: 0.6991
Epoch: 123, Dataset: val, Dice: 0.8005, IoU: 0.6976
2026-09-19 07:57:52.450500 Epoch [124/200], Step [0100/0318], LR: 0.000162, Loss: 0.1548
2026-09-19 07:58:17.367321 Epoch [124/200], Step [0200/0318], LR: 0.000162, Loss: 0.1559
2026-09-19 07:58:42.005567 Epoch [124/200], Step [0300/0318], LR: 0.000162, Loss: 0.1500
2026-09-19 07:58:46.233530 Epoch [124/200], Step [0318/0318], LR: 0.000162, Loss: 0.1506
Epoch: 124, Dataset: test, Dice: 0.7762, IoU: 0.6742
Epoch: 124, Dataset: val, Dice: 0.8119, IoU: 0.7166
2026-09-19 07:59:14.008719 Epoch [125/200], Step [0100/0318], LR: 0.000159, Loss: 0.1551
2026-09-19 07:59:37.582422 Epoch [125/200], Step [0200/0318], LR: 0.000159, Loss: 0.1513
2026-09-19 08:00:01.221751 Epoch [125/200], Step [0300/0318], LR: 0.000159, Loss: 0.1449
2026-09-19 08:00:05.353191 Epoch [125/200], Step [0318/0318], LR: 0.000159, Loss: 0.1543
Epoch: 125, Dataset: test, Dice: 0.8309, IoU: 0.7344
Epoch: 125, Dataset: val, Dice: 0.8427, IoU: 0.7463
2026-09-19 08:00:33.225083 Epoch [126/200], Step [0100/0318], LR: 0.000155, Loss: 0.1510
2026-09-19 08:00:57.501878 Epoch [126/200], Step [0200/0318], LR: 0.000155, Loss: 0.1521
2026-09-19 08:01:21.201379 Epoch [126/200], Step [0300/0318], LR: 0.000155, Loss: 0.1507
2026-09-19 08:01:25.294379 Epoch [126/200], Step [0318/0318], LR: 0.000155, Loss: 0.1495
Epoch: 126, Dataset: test, Dice: 0.8437, IoU: 0.7515
Epoch: 126, Dataset: val, Dice: 0.8554, IoU: 0.7613
2026-09-19 08:01:53.211236 Epoch [127/200], Step [0100/0318], LR: 0.000151, Loss: 0.1501
2026-09-19 08:02:17.214213 Epoch [127/200], Step [0200/0318], LR: 0.000151, Loss: 0.1509
2026-09-19 08:02:40.721709 Epoch [127/200], Step [0300/0318], LR: 0.000151, Loss: 0.1456
2026-09-19 08:02:44.783594 Epoch [127/200], Step [0318/0318], LR: 0.000151, Loss: 0.1517
Epoch: 127, Dataset: test, Dice: 0.8492, IoU: 0.7583
Epoch: 127, Dataset: val, Dice: 0.8552, IoU: 0.7642
2026-09-19 08:03:12.098855 Epoch [128/200], Step [0100/0318], LR: 0.000148, Loss: 0.1468
2026-09-19 08:03:35.847056 Epoch [128/200], Step [0200/0318], LR: 0.000148, Loss: 0.1496
2026-09-19 08:04:00.737851 Epoch [128/200], Step [0300/0318], LR: 0.000148, Loss: 0.1557
2026-09-19 08:04:05.172970 Epoch [128/200], Step [0318/0318], LR: 0.000148, Loss: 0.1528
Epoch: 128, Dataset: test, Dice: 0.8500, IoU: 0.7584
Epoch: 128, Dataset: val, Dice: 0.8388, IoU: 0.7376
2026-09-19 08:04:33.886566 Epoch [129/200], Step [0100/0318], LR: 0.000144, Loss: 0.1523
2026-09-19 08:04:58.033402 Epoch [129/200], Step [0200/0318], LR: 0.000144, Loss: 0.1572
2026-09-19 08:05:22.483259 Epoch [129/200], Step [0300/0318], LR: 0.000144, Loss: 0.1507
2026-09-19 08:05:26.585733 Epoch [129/200], Step [0318/0318], LR: 0.000144, Loss: 0.1534
Epoch: 129, Dataset: test, Dice: 0.5757, IoU: 0.4689
Epoch: 129, Dataset: val, Dice: 0.6389, IoU: 0.5298
2026-09-19 08:05:55.892013 Epoch [130/200], Step [0100/0318], LR: 0.000141, Loss: 0.1430
2026-09-19 08:06:21.096924 Epoch [130/200], Step [0200/0318], LR: 0.000141, Loss: 0.1565
2026-09-19 08:06:45.516157 Epoch [130/200], Step [0300/0318], LR: 0.000141, Loss: 0.1494
2026-09-19 08:06:49.610083 Epoch [130/200], Step [0318/0318], LR: 0.000141, Loss: 0.1521
Epoch: 130, Dataset: test, Dice: 0.7041, IoU: 0.5896
Epoch: 130, Dataset: val, Dice: 0.7621, IoU: 0.6591
2026-09-19 08:07:18.490110 Epoch [131/200], Step [0100/0318], LR: 0.000137, Loss: 0.1474
2026-09-19 08:07:43.682129 Epoch [131/200], Step [0200/0318], LR: 0.000137, Loss: 0.1493
2026-09-19 08:08:10.103866 Epoch [131/200], Step [0300/0318], LR: 0.000137, Loss: 0.1491
2026-09-19 08:08:14.624788 Epoch [131/200], Step [0318/0318], LR: 0.000137, Loss: 0.1516
Epoch: 131, Dataset: test, Dice: 0.8464, IoU: 0.7551
Epoch: 131, Dataset: val, Dice: 0.8455, IoU: 0.7463
2026-09-19 08:08:44.097818 Epoch [132/200], Step [0100/0318], LR: 0.000134, Loss: 0.1569
2026-09-19 08:09:10.102008 Epoch [132/200], Step [0200/0318], LR: 0.000134, Loss: 0.1471
2026-09-19 08:09:35.582823 Epoch [132/200], Step [0300/0318], LR: 0.000134, Loss: 0.1516
2026-09-19 08:09:40.094217 Epoch [132/200], Step [0318/0318], LR: 0.000134, Loss: 0.1537
Epoch: 132, Dataset: test, Dice: 0.8506, IoU: 0.7599
Epoch: 132, Dataset: val, Dice: 0.8518, IoU: 0.7556
2026-09-19 08:10:09.318122 Epoch [133/200], Step [0100/0318], LR: 0.000130, Loss: 0.1463
2026-09-19 08:10:34.575916 Epoch [133/200], Step [0200/0318], LR: 0.000130, Loss: 0.1512
2026-09-19 08:10:59.137879 Epoch [133/200], Step [0300/0318], LR: 0.000130, Loss: 0.1558
2026-09-19 08:11:03.503856 Epoch [133/200], Step [0318/0318], LR: 0.000130, Loss: 0.1591
Epoch: 133, Dataset: test, Dice: 0.8517, IoU: 0.7634
Epoch: 133, Dataset: val, Dice: 0.8504, IoU: 0.7553
2026-09-19 08:11:32.838233 Epoch [134/200], Step [0100/0318], LR: 0.000127, Loss: 0.1441
2026-09-19 08:11:58.506907 Epoch [134/200], Step [0200/0318], LR: 0.000127, Loss: 0.1461
2026-09-19 08:12:24.138968 Epoch [134/200], Step [0300/0318], LR: 0.000127, Loss: 0.1474
2026-09-19 08:12:28.581086 Epoch [134/200], Step [0318/0318], LR: 0.000127, Loss: 0.1478
Epoch: 134, Dataset: test, Dice: 0.8124, IoU: 0.7150
Epoch: 134, Dataset: val, Dice: 0.8128, IoU: 0.7123
2026-09-19 08:12:58.188042 Epoch [135/200], Step [0100/0318], LR: 0.000123, Loss: 0.1469
2026-09-19 08:13:24.116242 Epoch [135/200], Step [0200/0318], LR: 0.000123, Loss: 0.1516
2026-09-19 08:13:50.109085 Epoch [135/200], Step [0300/0318], LR: 0.000123, Loss: 0.1536
2026-09-19 08:13:54.707769 Epoch [135/200], Step [0318/0318], LR: 0.000123, Loss: 0.1499
Epoch: 135, Dataset: test, Dice: 0.8468, IoU: 0.7541
Epoch: 135, Dataset: val, Dice: 0.8451, IoU: 0.7447
2026-09-19 08:14:25.470525 Epoch [136/200], Step [0100/0318], LR: 0.000120, Loss: 0.1465
2026-09-19 08:14:51.882560 Epoch [136/200], Step [0200/0318], LR: 0.000120, Loss: 0.1413
2026-09-19 08:15:18.316577 Epoch [136/200], Step [0300/0318], LR: 0.000120, Loss: 0.1497
2026-09-19 08:15:23.083297 Epoch [136/200], Step [0318/0318], LR: 0.000120, Loss: 0.1493
Epoch: 136, Dataset: test, Dice: 0.8458, IoU: 0.7537
Epoch: 136, Dataset: val, Dice: 0.8515, IoU: 0.7560
2026-09-19 08:15:53.379390 Epoch [137/200], Step [0100/0318], LR: 0.000117, Loss: 0.1432
2026-09-19 08:16:19.791871 Epoch [137/200], Step [0200/0318], LR: 0.000117, Loss: 0.1434
2026-09-19 08:16:46.187162 Epoch [137/200], Step [0300/0318], LR: 0.000117, Loss: 0.1457
2026-09-19 08:16:50.682556 Epoch [137/200], Step [0318/0318], LR: 0.000117, Loss: 0.1475
Epoch: 137, Dataset: test, Dice: 0.8472, IoU: 0.7547
Epoch: 137, Dataset: val, Dice: 0.8462, IoU: 0.7467
2026-09-19 08:17:21.615109 Epoch [138/200], Step [0100/0318], LR: 0.000114, Loss: 0.1518
2026-09-19 08:17:48.131069 Epoch [138/200], Step [0200/0318], LR: 0.000114, Loss: 0.1523
2026-09-19 08:18:14.785996 Epoch [138/200], Step [0300/0318], LR: 0.000114, Loss: 0.1464
2026-09-19 08:18:19.504535 Epoch [138/200], Step [0318/0318], LR: 0.000114, Loss: 0.1432
Epoch: 138, Dataset: test, Dice: 0.8381, IoU: 0.7453
Epoch: 138, Dataset: val, Dice: 0.8569, IoU: 0.7638
2026-09-19 08:18:50.519961 Epoch [139/200], Step [0100/0318], LR: 0.000110, Loss: 0.1475
2026-09-19 08:19:17.338757 Epoch [139/200], Step [0200/0318], LR: 0.000110, Loss: 0.1503
2026-09-19 08:19:44.312974 Epoch [139/200], Step [0300/0318], LR: 0.000110, Loss: 0.1458
2026-09-19 08:19:49.036530 Epoch [139/200], Step [0318/0318], LR: 0.000110, Loss: 0.1470
Epoch: 139, Dataset: test, Dice: 0.8421, IoU: 0.7495
Epoch: 139, Dataset: val, Dice: 0.8490, IoU: 0.7517
2026-09-19 08:20:20.841103 Epoch [140/200], Step [0100/0318], LR: 0.000107, Loss: 0.1461
2026-09-19 08:20:48.440592 Epoch [140/200], Step [0200/0318], LR: 0.000107, Loss: 0.1387
2026-09-19 08:21:15.506281 Epoch [140/200], Step [0300/0318], LR: 0.000107, Loss: 0.1491
2026-09-19 08:21:20.226534 Epoch [140/200], Step [0318/0318], LR: 0.000107, Loss: 0.1522
Epoch: 140, Dataset: test, Dice: 0.8474, IoU: 0.7553
Epoch: 140, Dataset: val, Dice: 0.8455, IoU: 0.7459
2026-09-19 08:21:51.786063 Epoch [141/200], Step [0100/0318], LR: 0.000104, Loss: 0.1472
2026-09-19 08:22:17.864833 Epoch [141/200], Step [0200/0318], LR: 0.000104, Loss: 0.1438
2026-09-19 08:22:43.887186 Epoch [141/200], Step [0300/0318], LR: 0.000104, Loss: 0.1410
2026-09-19 08:22:48.396084 Epoch [141/200], Step [0318/0318], LR: 0.000104, Loss: 0.1424
Epoch: 141, Dataset: test, Dice: 0.7821, IoU: 0.6758
Epoch: 141, Dataset: val, Dice: 0.8042, IoU: 0.7045
2026-09-19 08:23:18.736719 Epoch [142/200], Step [0100/0318], LR: 0.000101, Loss: 0.1523
2026-09-19 08:23:44.981243 Epoch [142/200], Step [0200/0318], LR: 0.000101, Loss: 0.1463
2026-09-19 08:24:10.893603 Epoch [142/200], Step [0300/0318], LR: 0.000101, Loss: 0.1520
2026-09-19 08:24:15.334695 Epoch [142/200], Step [0318/0318], LR: 0.000101, Loss: 0.1503
Epoch: 142, Dataset: test, Dice: 0.8421, IoU: 0.7483
Epoch: 142, Dataset: val, Dice: 0.8479, IoU: 0.7503
2026-09-19 08:24:45.299032 Epoch [143/200], Step [0100/0318], LR: 0.000098, Loss: 0.1458
2026-09-19 08:25:10.571949 Epoch [143/200], Step [0200/0318], LR: 0.000098, Loss: 0.1444
2026-09-19 08:25:35.458947 Epoch [143/200], Step [0300/0318], LR: 0.000098, Loss: 0.1462
2026-09-19 08:25:39.889552 Epoch [143/200], Step [0318/0318], LR: 0.000098, Loss: 0.1483
Epoch: 143, Dataset: test, Dice: 0.8486, IoU: 0.7574
Epoch: 143, Dataset: val, Dice: 0.8532, IoU: 0.7571
2026-09-19 08:26:09.008317 Epoch [144/200], Step [0100/0318], LR: 0.000095, Loss: 0.1480
2026-09-19 08:26:34.242517 Epoch [144/200], Step [0200/0318], LR: 0.000095, Loss: 0.1442
2026-09-19 08:26:59.054134 Epoch [144/200], Step [0300/0318], LR: 0.000095, Loss: 0.1431
2026-09-19 08:27:03.375574 Epoch [144/200], Step [0318/0318], LR: 0.000095, Loss: 0.1527
Epoch: 144, Dataset: test, Dice: 0.8406, IoU: 0.7464
Epoch: 144, Dataset: val, Dice: 0.8506, IoU: 0.7527
2026-09-19 08:27:32.502947 Epoch [145/200], Step [0100/0318], LR: 0.000091, Loss: 0.1467
2026-09-19 08:27:57.550365 Epoch [145/200], Step [0200/0318], LR: 0.000091, Loss: 0.1436
2026-09-19 08:28:22.211832 Epoch [145/200], Step [0300/0318], LR: 0.000091, Loss: 0.1433
2026-09-19 08:28:26.489297 Epoch [145/200], Step [0318/0318], LR: 0.000091, Loss: 0.1377
Epoch: 145, Dataset: test, Dice: 0.8250, IoU: 0.7258
Epoch: 145, Dataset: val, Dice: 0.8303, IoU: 0.7277
2026-09-19 08:28:54.802451 Epoch [146/200], Step [0100/0318], LR: 0.000088, Loss: 0.1401
2026-09-19 08:29:19.083155 Epoch [146/200], Step [0200/0318], LR: 0.000088, Loss: 0.1456
2026-09-19 08:29:43.630304 Epoch [146/200], Step [0300/0318], LR: 0.000088, Loss: 0.1450
2026-09-19 08:29:47.767167 Epoch [146/200], Step [0318/0318], LR: 0.000088, Loss: 0.1532
Epoch: 146, Dataset: test, Dice: 0.7971, IoU: 0.6952
Epoch: 146, Dataset: val, Dice: 0.7951, IoU: 0.6916
2026-09-19 08:30:16.050912 Epoch [147/200], Step [0100/0318], LR: 0.000086, Loss: 0.1491
2026-09-19 08:30:40.026501 Epoch [147/200], Step [0200/0318], LR: 0.000086, Loss: 0.1425
2026-09-19 08:31:04.058635 Epoch [147/200], Step [0300/0318], LR: 0.000086, Loss: 0.1441
2026-09-19 08:31:08.239202 Epoch [147/200], Step [0318/0318], LR: 0.000086, Loss: 0.1512
Epoch: 147, Dataset: test, Dice: 0.8459, IoU: 0.7545
Epoch: 147, Dataset: val, Dice: 0.8435, IoU: 0.7431
2026-09-19 08:31:36.407107 Epoch [148/200], Step [0100/0318], LR: 0.000083, Loss: 0.1477
2026-09-19 08:31:59.632006 Epoch [148/200], Step [0200/0318], LR: 0.000083, Loss: 0.1455
2026-09-19 08:32:22.750954 Epoch [148/200], Step [0300/0318], LR: 0.000083, Loss: 0.1431
2026-09-19 08:32:26.837764 Epoch [148/200], Step [0318/0318], LR: 0.000083, Loss: 0.1451
Epoch: 148, Dataset: test, Dice: 0.8328, IoU: 0.7353
Epoch: 148, Dataset: val, Dice: 0.8395, IoU: 0.7380
2026-09-19 08:32:53.979194 Epoch [149/200], Step [0100/0318], LR: 0.000080, Loss: 0.1472
2026-09-19 08:33:17.783606 Epoch [149/200], Step [0200/0318], LR: 0.000080, Loss: 0.1407
2026-09-19 08:33:40.811435 Epoch [149/200], Step [0300/0318], LR: 0.000080, Loss: 0.1421
2026-09-19 08:33:44.889508 Epoch [149/200], Step [0318/0318], LR: 0.000080, Loss: 0.1409
Epoch: 149, Dataset: test, Dice: 0.8492, IoU: 0.7585
Epoch: 149, Dataset: val, Dice: 0.8482, IoU: 0.7503
2026-09-19 08:34:11.795153 Epoch [150/200], Step [0100/0318], LR: 0.000077, Loss: 0.1458
2026-09-19 08:34:35.198993 Epoch [150/200], Step [0200/0318], LR: 0.000077, Loss: 0.1459
2026-09-19 08:34:58.791505 Epoch [150/200], Step [0300/0318], LR: 0.000077, Loss: 0.1398
2026-09-19 08:35:03.000184 Epoch [150/200], Step [0318/0318], LR: 0.000077, Loss: 0.1356
Epoch: 150, Dataset: test, Dice: 0.8456, IoU: 0.7521
Epoch: 150, Dataset: val, Dice: 0.8449, IoU: 0.7456
2026-09-19 08:35:30.424827 Epoch [151/200], Step [0100/0318], LR: 0.000074, Loss: 0.1461
2026-09-19 08:35:53.847815 Epoch [151/200], Step [0200/0318], LR: 0.000074, Loss: 0.1429
2026-09-19 08:36:17.115772 Epoch [151/200], Step [0300/0318], LR: 0.000074, Loss: 0.1500
2026-09-19 08:36:21.121087 Epoch [151/200], Step [0318/0318], LR: 0.000074, Loss: 0.1428
Epoch: 151, Dataset: test, Dice: 0.8146, IoU: 0.7121
Epoch: 151, Dataset: val, Dice: 0.8114, IoU: 0.7066
2026-09-19 08:36:48.618712 Epoch [152/200], Step [0100/0318], LR: 0.000071, Loss: 0.1414
2026-09-19 08:37:12.941751 Epoch [152/200], Step [0200/0318], LR: 0.000071, Loss: 0.1581
2026-09-19 08:37:39.354810 Epoch [152/200], Step [0300/0318], LR: 0.000071, Loss: 0.1443
2026-09-19 08:37:44.041320 Epoch [152/200], Step [0318/0318], LR: 0.000071, Loss: 0.1479
Epoch: 152, Dataset: test, Dice: 0.8364, IoU: 0.7402
Epoch: 152, Dataset: val, Dice: 0.8452, IoU: 0.7489
2026-09-19 08:38:13.883360 Epoch [153/200], Step [0100/0318], LR: 0.000069, Loss: 0.1440
2026-09-19 08:38:39.150358 Epoch [153/200], Step [0200/0318], LR: 0.000069, Loss: 0.1429
2026-09-19 08:39:03.826987 Epoch [153/200], Step [0300/0318], LR: 0.000069, Loss: 0.1414
2026-09-19 08:39:08.187297 Epoch [153/200], Step [0318/0318], LR: 0.000069, Loss: 0.1408
Epoch: 153, Dataset: test, Dice: 0.8008, IoU: 0.6952
Epoch: 153, Dataset: val, Dice: 0.7834, IoU: 0.6735
2026-09-19 08:39:36.492531 Epoch [154/200], Step [0100/0318], LR: 0.000066, Loss: 0.1472
2026-09-19 08:40:00.303253 Epoch [154/200], Step [0200/0318], LR: 0.000066, Loss: 0.1391
2026-09-19 08:40:24.763504 Epoch [154/200], Step [0300/0318], LR: 0.000066, Loss: 0.1487
2026-09-19 08:40:28.927175 Epoch [154/200], Step [0318/0318], LR: 0.000066, Loss: 0.1485
Epoch: 154, Dataset: test, Dice: 0.8175, IoU: 0.7155
Epoch: 154, Dataset: val, Dice: 0.8283, IoU: 0.7277
2026-09-19 08:40:58.142944 Epoch [155/200], Step [0100/0318], LR: 0.000063, Loss: 0.1429
2026-09-19 08:41:23.555131 Epoch [155/200], Step [0200/0318], LR: 0.000063, Loss: 0.1481
2026-09-19 08:41:48.246941 Epoch [155/200], Step [0300/0318], LR: 0.000063, Loss: 0.1455
2026-09-19 08:41:52.526811 Epoch [155/200], Step [0318/0318], LR: 0.000063, Loss: 0.1467
Epoch: 155, Dataset: test, Dice: 0.8434, IoU: 0.7489
Epoch: 155, Dataset: val, Dice: 0.8358, IoU: 0.7318
2026-09-19 08:42:22.336814 Epoch [156/200], Step [0100/0318], LR: 0.000061, Loss: 0.1426
2026-09-19 08:42:47.093816 Epoch [156/200], Step [0200/0318], LR: 0.000061, Loss: 0.1411
2026-09-19 08:43:11.977287 Epoch [156/200], Step [0300/0318], LR: 0.000061, Loss: 0.1410
2026-09-19 08:43:16.064415 Epoch [156/200], Step [0318/0318], LR: 0.000061, Loss: 0.1622
Epoch: 156, Dataset: test, Dice: 0.3859, IoU: 0.2852
Epoch: 156, Dataset: val, Dice: 0.4656, IoU: 0.3477
2026-09-19 08:43:43.976703 Epoch [157/200], Step [0100/0318], LR: 0.000058, Loss: 0.1472
2026-09-19 08:44:07.948770 Epoch [157/200], Step [0200/0318], LR: 0.000058, Loss: 0.1420
2026-09-19 08:44:32.663077 Epoch [157/200], Step [0300/0318], LR: 0.000058, Loss: 0.1482
2026-09-19 08:44:37.040611 Epoch [157/200], Step [0318/0318], LR: 0.000058, Loss: 0.1464
Epoch: 157, Dataset: test, Dice: 0.8476, IoU: 0.7547
Epoch: 157, Dataset: val, Dice: 0.8463, IoU: 0.7477
2026-09-19 08:45:05.645783 Epoch [158/200], Step [0100/0318], LR: 0.000056, Loss: 0.1460
2026-09-19 08:45:29.950490 Epoch [158/200], Step [0200/0318], LR: 0.000056, Loss: 0.1476
2026-09-19 08:45:54.196715 Epoch [158/200], Step [0300/0318], LR: 0.000056, Loss: 0.1449
2026-09-19 08:45:58.317596 Epoch [158/200], Step [0318/0318], LR: 0.000056, Loss: 0.1422
Epoch: 158, Dataset: test, Dice: 0.8477, IoU: 0.7532
Epoch: 158, Dataset: val, Dice: 0.8468, IoU: 0.7488
2026-09-19 08:46:26.500573 Epoch [159/200], Step [0100/0318], LR: 0.000053, Loss: 0.1427
2026-09-19 08:46:50.826149 Epoch [159/200], Step [0200/0318], LR: 0.000053, Loss: 0.1434
2026-09-19 08:47:14.769726 Epoch [159/200], Step [0300/0318], LR: 0.000053, Loss: 0.1455
2026-09-19 08:47:18.746395 Epoch [159/200], Step [0318/0318], LR: 0.000053, Loss: 0.1413
Epoch: 159, Dataset: test, Dice: 0.8409, IoU: 0.7461
Epoch: 159, Dataset: val, Dice: 0.8441, IoU: 0.7438
2026-09-19 08:47:46.723171 Epoch [160/200], Step [0100/0318], LR: 0.000051, Loss: 0.1455
2026-09-19 08:48:10.669369 Epoch [160/200], Step [0200/0318], LR: 0.000051, Loss: 0.1429
2026-09-19 08:48:34.718103 Epoch [160/200], Step [0300/0318], LR: 0.000051, Loss: 0.1429
2026-09-19 08:48:38.945926 Epoch [160/200], Step [0318/0318], LR: 0.000051, Loss: 0.1423
Epoch: 160, Dataset: test, Dice: 0.8469, IoU: 0.7534
Epoch: 160, Dataset: val, Dice: 0.8508, IoU: 0.7533
2026-09-19 08:49:07.071409 Epoch [161/200], Step [0100/0318], LR: 0.000049, Loss: 0.1404
2026-09-19 08:49:31.241437 Epoch [161/200], Step [0200/0318], LR: 0.000049, Loss: 0.1378
2026-09-19 08:49:55.253403 Epoch [161/200], Step [0300/0318], LR: 0.000049, Loss: 0.1420
2026-09-19 08:49:59.402200 Epoch [161/200], Step [0318/0318], LR: 0.000049, Loss: 0.1441
Epoch: 161, Dataset: test, Dice: 0.8099, IoU: 0.7035
Epoch: 161, Dataset: val, Dice: 0.7898, IoU: 0.6825
2026-09-19 08:50:27.636402 Epoch [162/200], Step [0100/0318], LR: 0.000046, Loss: 0.1479
2026-09-19 08:50:52.261277 Epoch [162/200], Step [0200/0318], LR: 0.000046, Loss: 0.1372
2026-09-19 08:51:17.025308 Epoch [162/200], Step [0300/0318], LR: 0.000046, Loss: 0.1419
2026-09-19 08:51:21.469843 Epoch [162/200], Step [0318/0318], LR: 0.000046, Loss: 0.1408
Epoch: 162, Dataset: test, Dice: 0.8047, IoU: 0.6992
Epoch: 162, Dataset: val, Dice: 0.7969, IoU: 0.6926
2026-09-19 08:51:50.926377 Epoch [163/200], Step [0100/0318], LR: 0.000044, Loss: 0.1418
2026-09-19 08:52:15.465458 Epoch [163/200], Step [0200/0318], LR: 0.000044, Loss: 0.1462
2026-09-19 08:52:40.171770 Epoch [163/200], Step [0300/0318], LR: 0.000044, Loss: 0.1360
2026-09-19 08:52:44.656279 Epoch [163/200], Step [0318/0318], LR: 0.000044, Loss: 0.1352
Epoch: 163, Dataset: test, Dice: 0.8483, IoU: 0.7560
Epoch: 163, Dataset: val, Dice: 0.8488, IoU: 0.7499
2026-09-19 08:53:13.578288 Epoch [164/200], Step [0100/0318], LR: 0.000042, Loss: 0.1407
2026-09-19 08:53:38.459048 Epoch [164/200], Step [0200/0318], LR: 0.000042, Loss: 0.1429
2026-09-19 08:54:03.376230 Epoch [164/200], Step [0300/0318], LR: 0.000042, Loss: 0.1451
2026-09-19 08:54:07.672824 Epoch [164/200], Step [0318/0318], LR: 0.000042, Loss: 0.1444
Epoch: 164, Dataset: test, Dice: 0.8480, IoU: 0.7562
Epoch: 164, Dataset: val, Dice: 0.8566, IoU: 0.7633
2026-09-19 08:54:36.465489 Epoch [165/200], Step [0100/0318], LR: 0.000040, Loss: 0.1419
2026-09-19 08:55:02.091884 Epoch [165/200], Step [0200/0318], LR: 0.000040, Loss: 0.1359
2026-09-19 08:55:27.874048 Epoch [165/200], Step [0300/0318], LR: 0.000040, Loss: 0.1430
2026-09-19 08:55:32.442593 Epoch [165/200], Step [0318/0318], LR: 0.000040, Loss: 0.1467
Epoch: 165, Dataset: test, Dice: 0.8450, IoU: 0.7513
Epoch: 165, Dataset: val, Dice: 0.8485, IoU: 0.7502
2026-09-19 08:56:01.779922 Epoch [166/200], Step [0100/0318], LR: 0.000038, Loss: 0.1461
2026-09-19 08:56:27.409078 Epoch [166/200], Step [0200/0318], LR: 0.000038, Loss: 0.1387
2026-09-19 08:56:52.759201 Epoch [166/200], Step [0300/0318], LR: 0.000038, Loss: 0.1417
2026-09-19 08:56:57.283862 Epoch [166/200], Step [0318/0318], LR: 0.000038, Loss: 0.1366
Epoch: 166, Dataset: test, Dice: 0.8413, IoU: 0.7483
Epoch: 166, Dataset: val, Dice: 0.8516, IoU: 0.7547
2026-09-19 08:57:27.584333 Epoch [167/200], Step [0100/0318], LR: 0.000036, Loss: 0.1453
2026-09-19 08:57:52.644133 Epoch [167/200], Step [0200/0318], LR: 0.000036, Loss: 0.1437
2026-09-19 08:58:18.283487 Epoch [167/200], Step [0300/0318], LR: 0.000036, Loss: 0.1432
2026-09-19 08:58:22.947970 Epoch [167/200], Step [0318/0318], LR: 0.000036, Loss: 0.1477
Epoch: 167, Dataset: test, Dice: 0.8460, IoU: 0.7527
Epoch: 167, Dataset: val, Dice: 0.8464, IoU: 0.7477
2026-09-19 08:58:52.772908 Epoch [168/200], Step [0100/0318], LR: 0.000034, Loss: 0.1386
2026-09-19 08:59:18.572641 Epoch [168/200], Step [0200/0318], LR: 0.000034, Loss: 0.1466
2026-09-19 08:59:44.681954 Epoch [168/200], Step [0300/0318], LR: 0.000034, Loss: 0.1464
2026-09-19 08:59:49.263245 Epoch [168/200], Step [0318/0318], LR: 0.000034, Loss: 0.1393
Epoch: 168, Dataset: test, Dice: 0.8434, IoU: 0.7509
Epoch: 168, Dataset: val, Dice: 0.8476, IoU: 0.7491
2026-09-19 09:00:18.143824 Epoch [169/200], Step [0100/0318], LR: 0.000032, Loss: 0.1435
2026-09-19 09:00:43.670509 Epoch [169/200], Step [0200/0318], LR: 0.000032, Loss: 0.1418
2026-09-19 09:01:08.447610 Epoch [169/200], Step [0300/0318], LR: 0.000032, Loss: 0.1396
2026-09-19 09:01:13.452978 Epoch [169/200], Step [0318/0318], LR: 0.000032, Loss: 0.1449
Epoch: 169, Dataset: test, Dice: 0.8418, IoU: 0.7482
Epoch: 169, Dataset: val, Dice: 0.8465, IoU: 0.7498
2026-09-19 09:01:42.518205 Epoch [170/200], Step [0100/0318], LR: 0.000030, Loss: 0.1382
2026-09-19 09:02:08.008994 Epoch [170/200], Step [0200/0318], LR: 0.000030, Loss: 0.1386
2026-09-19 09:02:34.292914 Epoch [170/200], Step [0300/0318], LR: 0.000030, Loss: 0.1424
2026-09-19 09:02:38.639399 Epoch [170/200], Step [0318/0318], LR: 0.000030, Loss: 0.1444
Epoch: 170, Dataset: test, Dice: 0.8023, IoU: 0.6987
Epoch: 170, Dataset: val, Dice: 0.8047, IoU: 0.7011
2026-09-19 09:03:08.422683 Epoch [171/200], Step [0100/0318], LR: 0.000028, Loss: 0.1439
2026-09-19 09:03:35.042878 Epoch [171/200], Step [0200/0318], LR: 0.000028, Loss: 0.1435
2026-09-19 09:04:01.008087 Epoch [171/200], Step [0300/0318], LR: 0.000028, Loss: 0.1430
2026-09-19 09:04:05.431632 Epoch [171/200], Step [0318/0318], LR: 0.000028, Loss: 0.1399
Epoch: 171, Dataset: test, Dice: 0.8447, IoU: 0.7505
Epoch: 171, Dataset: val, Dice: 0.8476, IoU: 0.7501
2026-09-19 09:04:35.386882 Epoch [172/200], Step [0100/0318], LR: 0.000026, Loss: 0.1449
2026-09-19 09:05:02.243088 Epoch [172/200], Step [0200/0318], LR: 0.000026, Loss: 0.1355
2026-09-19 09:05:27.749076 Epoch [172/200], Step [0300/0318], LR: 0.000026, Loss: 0.1376
2026-09-19 09:05:31.989764 Epoch [172/200], Step [0318/0318], LR: 0.000026, Loss: 0.1404
Epoch: 172, Dataset: test, Dice: 0.8480, IoU: 0.7562
Epoch: 172, Dataset: val, Dice: 0.8453, IoU: 0.7463
2026-09-19 09:06:01.370113 Epoch [173/200], Step [0100/0318], LR: 0.000025, Loss: 0.1401
2026-09-19 09:06:26.967506 Epoch [173/200], Step [0200/0318], LR: 0.000025, Loss: 0.1455
2026-09-19 09:06:52.687050 Epoch [173/200], Step [0300/0318], LR: 0.000025, Loss: 0.1425
2026-09-19 09:06:57.268838 Epoch [173/200], Step [0318/0318], LR: 0.000025, Loss: 0.1401
Epoch: 173, Dataset: test, Dice: 0.8425, IoU: 0.7488
Epoch: 173, Dataset: val, Dice: 0.8443, IoU: 0.7442
2026-09-19 09:07:27.480857 Epoch [174/200], Step [0100/0318], LR: 0.000023, Loss: 0.1351
2026-09-19 09:07:53.088718 Epoch [174/200], Step [0200/0318], LR: 0.000023, Loss: 0.1428
2026-09-19 09:08:18.841032 Epoch [174/200], Step [0300/0318], LR: 0.000023, Loss: 0.1461
2026-09-19 09:08:23.321671 Epoch [174/200], Step [0318/0318], LR: 0.000023, Loss: 0.1463
Epoch: 174, Dataset: test, Dice: 0.8430, IoU: 0.7481
Epoch: 174, Dataset: val, Dice: 0.8415, IoU: 0.7407
2026-09-19 09:08:53.236481 Epoch [175/200], Step [0100/0318], LR: 0.000022, Loss: 0.1388
2026-09-19 09:09:19.135793 Epoch [175/200], Step [0200/0318], LR: 0.000022, Loss: 0.1370
2026-09-19 09:09:45.132120 Epoch [175/200], Step [0300/0318], LR: 0.000022, Loss: 0.1462
2026-09-19 09:09:49.577973 Epoch [175/200], Step [0318/0318], LR: 0.000022, Loss: 0.1441
Epoch: 175, Dataset: test, Dice: 0.8451, IoU: 0.7527
Epoch: 175, Dataset: val, Dice: 0.8481, IoU: 0.7497
2026-09-19 09:10:20.113582 Epoch [176/200], Step [0100/0318], LR: 0.000020, Loss: 0.1440
2026-09-19 09:10:46.181173 Epoch [176/200], Step [0200/0318], LR: 0.000020, Loss: 0.1436
2026-09-19 09:11:12.942814 Epoch [176/200], Step [0300/0318], LR: 0.000020, Loss: 0.1412
2026-09-19 09:11:17.549641 Epoch [176/200], Step [0318/0318], LR: 0.000020, Loss: 0.1401
Epoch: 176, Dataset: test, Dice: 0.8347, IoU: 0.7406
Epoch: 176, Dataset: val, Dice: 0.8486, IoU: 0.7526
2026-09-19 09:11:48.125534 Epoch [177/200], Step [0100/0318], LR: 0.000019, Loss: 0.1438
2026-09-19 09:12:14.206680 Epoch [177/200], Step [0200/0318], LR: 0.000019, Loss: 0.1418
2026-09-19 09:12:40.463993 Epoch [177/200], Step [0300/0318], LR: 0.000019, Loss: 0.1366
2026-09-19 09:12:45.048234 Epoch [177/200], Step [0318/0318], LR: 0.000019, Loss: 0.1452
Epoch: 177, Dataset: test, Dice: 0.7529, IoU: 0.6466
Epoch: 177, Dataset: val, Dice: 0.7900, IoU: 0.6894
2026-09-19 09:13:15.174578 Epoch [178/200], Step [0100/0318], LR: 0.000017, Loss: 0.1426
2026-09-19 09:13:40.956456 Epoch [178/200], Step [0200/0318], LR: 0.000017, Loss: 0.1414
2026-09-19 09:14:06.921773 Epoch [178/200], Step [0300/0318], LR: 0.000017, Loss: 0.1418
2026-09-19 09:14:11.389990 Epoch [178/200], Step [0318/0318], LR: 0.000017, Loss: 0.1497
Epoch: 178, Dataset: test, Dice: 0.8088, IoU: 0.7034
Epoch: 178, Dataset: val, Dice: 0.7899, IoU: 0.6837
2026-09-19 09:14:41.347537 Epoch [179/200], Step [0100/0318], LR: 0.000016, Loss: 0.1448
2026-09-19 09:15:06.245915 Epoch [179/200], Step [0200/0318], LR: 0.000016, Loss: 0.1439
2026-09-19 09:15:31.220713 Epoch [179/200], Step [0300/0318], LR: 0.000016, Loss: 0.1421
2026-09-19 09:15:35.416207 Epoch [179/200], Step [0318/0318], LR: 0.000016, Loss: 0.1452
Epoch: 179, Dataset: test, Dice: 0.8364, IoU: 0.7405
Epoch: 179, Dataset: val, Dice: 0.8438, IoU: 0.7434
2026-09-19 09:16:04.357048 Epoch [180/200], Step [0100/0318], LR: 0.000014, Loss: 0.1366
2026-09-19 09:16:29.953494 Epoch [180/200], Step [0200/0318], LR: 0.000014, Loss: 0.1434
2026-09-19 09:16:56.142100 Epoch [180/200], Step [0300/0318], LR: 0.000014, Loss: 0.1441
2026-09-19 09:17:00.589346 Epoch [180/200], Step [0318/0318], LR: 0.000014, Loss: 0.1464
Epoch: 180, Dataset: test, Dice: 0.8489, IoU: 0.7571
Epoch: 180, Dataset: val, Dice: 0.8444, IoU: 0.7447
2026-09-19 09:17:30.142126 Epoch [181/200], Step [0100/0318], LR: 0.000013, Loss: 0.1409
2026-09-19 09:17:55.262905 Epoch [181/200], Step [0200/0318], LR: 0.000013, Loss: 0.1386
2026-09-19 09:18:20.208666 Epoch [181/200], Step [0300/0318], LR: 0.000013, Loss: 0.1489
2026-09-19 09:18:24.529719 Epoch [181/200], Step [0318/0318], LR: 0.000013, Loss: 0.1424
Epoch: 181, Dataset: test, Dice: 0.8442, IoU: 0.7506
Epoch: 181, Dataset: val, Dice: 0.8462, IoU: 0.7467
2026-09-19 09:18:53.813410 Epoch [182/200], Step [0100/0318], LR: 0.000012, Loss: 0.1415
2026-09-19 09:19:19.824061 Epoch [182/200], Step [0200/0318], LR: 0.000012, Loss: 0.1415
2026-09-19 09:19:44.541814 Epoch [182/200], Step [0300/0318], LR: 0.000012, Loss: 0.1389
2026-09-19 09:19:48.734021 Epoch [182/200], Step [0318/0318], LR: 0.000012, Loss: 0.1361
Epoch: 182, Dataset: test, Dice: 0.8451, IoU: 0.7520
Epoch: 182, Dataset: val, Dice: 0.8455, IoU: 0.7462
2026-09-19 09:20:17.517632 Epoch [183/200], Step [0100/0318], LR: 0.000011, Loss: 0.1418
2026-09-19 09:20:42.839733 Epoch [183/200], Step [0200/0318], LR: 0.000011, Loss: 0.1444
2026-09-19 09:21:07.994125 Epoch [183/200], Step [0300/0318], LR: 0.000011, Loss: 0.1406
2026-09-19 09:21:12.308840 Epoch [183/200], Step [0318/0318], LR: 0.000011, Loss: 0.1485
Epoch: 183, Dataset: test, Dice: 0.8429, IoU: 0.7508
Epoch: 183, Dataset: val, Dice: 0.8471, IoU: 0.7485
2026-09-19 09:21:41.717386 Epoch [184/200], Step [0100/0318], LR: 0.000010, Loss: 0.1396
2026-09-19 09:22:07.384224 Epoch [184/200], Step [0200/0318], LR: 0.000010, Loss: 0.1318
2026-09-19 09:22:31.913674 Epoch [184/200], Step [0300/0318], LR: 0.000010, Loss: 0.1405
2026-09-19 09:22:36.009595 Epoch [184/200], Step [0318/0318], LR: 0.000010, Loss: 0.1484
Epoch: 184, Dataset: test, Dice: 0.8434, IoU: 0.7501
Epoch: 184, Dataset: val, Dice: 0.8471, IoU: 0.7485
2026-09-19 09:23:03.687749 Epoch [185/200], Step [0100/0318], LR: 0.000009, Loss: 0.1481
2026-09-19 09:23:28.294526 Epoch [185/200], Step [0200/0318], LR: 0.000009, Loss: 0.1357
2026-09-19 09:23:51.616809 Epoch [185/200], Step [0300/0318], LR: 0.000009, Loss: 0.1429
2026-09-19 09:23:55.630927 Epoch [185/200], Step [0318/0318], LR: 0.000009, Loss: 0.1404
Epoch: 185, Dataset: test, Dice: 0.8454, IoU: 0.7521
Epoch: 185, Dataset: val, Dice: 0.8453, IoU: 0.7459
2026-09-19 09:24:24.130262 Epoch [186/200], Step [0100/0318], LR: 0.000008, Loss: 0.1403
2026-09-19 09:24:47.011292 Epoch [186/200], Step [0200/0318], LR: 0.000008, Loss: 0.1449
2026-09-19 09:25:11.056210 Epoch [186/200], Step [0300/0318], LR: 0.000008, Loss: 0.1347
2026-09-19 09:25:14.974043 Epoch [186/200], Step [0318/0318], LR: 0.000008, Loss: 0.1367
Epoch: 186, Dataset: test, Dice: 0.8343, IoU: 0.7389
Epoch: 186, Dataset: val, Dice: 0.8464, IoU: 0.7493
2026-09-19 09:25:43.634562 Epoch [187/200], Step [0100/0318], LR: 0.000007, Loss: 0.1417
2026-09-19 09:26:07.086389 Epoch [187/200], Step [0200/0318], LR: 0.000007, Loss: 0.1451
2026-09-19 09:26:30.270018 Epoch [187/200], Step [0300/0318], LR: 0.000007, Loss: 0.1404
2026-09-19 09:26:34.284283 Epoch [187/200], Step [0318/0318], LR: 0.000007, Loss: 0.1411
Epoch: 187, Dataset: test, Dice: 0.8406, IoU: 0.7476
Epoch: 187, Dataset: val, Dice: 0.8463, IoU: 0.7473
2026-09-19 09:27:01.187070 Epoch [188/200], Step [0100/0318], LR: 0.000006, Loss: 0.1430
2026-09-19 09:27:24.761008 Epoch [188/200], Step [0200/0318], LR: 0.000006, Loss: 0.1397
2026-09-19 09:27:47.686076 Epoch [188/200], Step [0300/0318], LR: 0.000006, Loss: 0.1402
2026-09-19 09:27:51.686315 Epoch [188/200], Step [0318/0318], LR: 0.000006, Loss: 0.1432
Epoch: 188, Dataset: test, Dice: 0.8443, IoU: 0.7507
Epoch: 188, Dataset: val, Dice: 0.8499, IoU: 0.7538
2026-09-19 09:28:19.629610 Epoch [189/200], Step [0100/0318], LR: 0.000005, Loss: 0.1398
2026-09-19 09:28:43.541529 Epoch [189/200], Step [0200/0318], LR: 0.000005, Loss: 0.1438
2026-09-19 09:29:06.809989 Epoch [189/200], Step [0300/0318], LR: 0.000005, Loss: 0.1365
2026-09-19 09:29:10.856634 Epoch [189/200], Step [0318/0318], LR: 0.000005, Loss: 0.1416
Epoch: 189, Dataset: test, Dice: 0.8441, IoU: 0.7512
Epoch: 189, Dataset: val, Dice: 0.8506, IoU: 0.7530
2026-09-19 09:29:38.459390 Epoch [190/200], Step [0100/0318], LR: 0.000005, Loss: 0.1450
2026-09-19 09:30:02.675884 Epoch [190/200], Step [0200/0318], LR: 0.000005, Loss: 0.1421
2026-09-19 09:30:27.816996 Epoch [190/200], Step [0300/0318], LR: 0.000005, Loss: 0.1440
2026-09-19 09:30:32.383346 Epoch [190/200], Step [0318/0318], LR: 0.000005, Loss: 0.1412
Epoch: 190, Dataset: test, Dice: 0.8466, IoU: 0.7538
Epoch: 190, Dataset: val, Dice: 0.8462, IoU: 0.7479
2026-09-19 09:31:01.875956 Epoch [191/200], Step [0100/0318], LR: 0.000004, Loss: 0.1437
2026-09-19 09:31:27.249897 Epoch [191/200], Step [0200/0318], LR: 0.000004, Loss: 0.1423
2026-09-19 09:31:52.536657 Epoch [191/200], Step [0300/0318], LR: 0.000004, Loss: 0.1373
2026-09-19 09:31:56.805755 Epoch [191/200], Step [0318/0318], LR: 0.000004, Loss: 0.1414
Epoch: 191, Dataset: test, Dice: 0.8272, IoU: 0.7278
Epoch: 191, Dataset: val, Dice: 0.8336, IoU: 0.7334
2026-09-19 09:32:25.616287 Epoch [192/200], Step [0100/0318], LR: 0.000003, Loss: 0.1366
2026-09-19 09:32:50.932794 Epoch [192/200], Step [0200/0318], LR: 0.000003, Loss: 0.1434
2026-09-19 09:33:17.250789 Epoch [192/200], Step [0300/0318], LR: 0.000003, Loss: 0.1381
2026-09-19 09:33:21.829688 Epoch [192/200], Step [0318/0318], LR: 0.000003, Loss: 0.1389
Epoch: 192, Dataset: test, Dice: 0.8035, IoU: 0.6989
Epoch: 192, Dataset: val, Dice: 0.7873, IoU: 0.6796
2026-09-19 09:33:50.893713 Epoch [193/200], Step [0100/0318], LR: 0.000003, Loss: 0.1411
2026-09-19 09:34:15.217267 Epoch [193/200], Step [0200/0318], LR: 0.000003, Loss: 0.1351
2026-09-19 09:34:39.426825 Epoch [193/200], Step [0300/0318], LR: 0.000003, Loss: 0.1388
2026-09-19 09:34:43.417220 Epoch [193/200], Step [0318/0318], LR: 0.000003, Loss: 0.1437
Epoch: 193, Dataset: test, Dice: 0.8430, IoU: 0.7493
Epoch: 193, Dataset: val, Dice: 0.8454, IoU: 0.7462
2026-09-19 09:35:11.826771 Epoch [194/200], Step [0100/0318], LR: 0.000003, Loss: 0.1444
2026-09-19 09:35:37.779315 Epoch [194/200], Step [0200/0318], LR: 0.000003, Loss: 0.1367
2026-09-19 09:36:03.227105 Epoch [194/200], Step [0300/0318], LR: 0.000003, Loss: 0.1401
2026-09-19 09:36:07.704832 Epoch [194/200], Step [0318/0318], LR: 0.000003, Loss: 0.1402
Epoch: 194, Dataset: test, Dice: 0.8463, IoU: 0.7536
Epoch: 194, Dataset: val, Dice: 0.8461, IoU: 0.7469
2026-09-19 09:36:37.003699 Epoch [195/200], Step [0100/0318], LR: 0.000002, Loss: 0.1391
2026-09-19 09:37:01.434847 Epoch [195/200], Step [0200/0318], LR: 0.000002, Loss: 0.1418
2026-09-19 09:37:25.716031 Epoch [195/200], Step [0300/0318], LR: 0.000002, Loss: 0.1437
2026-09-19 09:37:29.906711 Epoch [195/200], Step [0318/0318], LR: 0.000002, Loss: 0.1442
Epoch: 195, Dataset: test, Dice: 0.8423, IoU: 0.7488
Epoch: 195, Dataset: val, Dice: 0.8505, IoU: 0.7537
2026-09-19 09:37:58.621653 Epoch [196/200], Step [0100/0318], LR: 0.000002, Loss: 0.1400
2026-09-19 09:38:23.312521 Epoch [196/200], Step [0200/0318], LR: 0.000002, Loss: 0.1404
2026-09-19 09:38:46.779168 Epoch [196/200], Step [0300/0318], LR: 0.000002, Loss: 0.1425
2026-09-19 09:38:50.817415 Epoch [196/200], Step [0318/0318], LR: 0.000002, Loss: 0.1459
Epoch: 196, Dataset: test, Dice: 0.8469, IoU: 0.7547
Epoch: 196, Dataset: val, Dice: 0.8459, IoU: 0.7465
2026-09-19 09:39:20.191401 Epoch [197/200], Step [0100/0318], LR: 0.000001, Loss: 0.1462
2026-09-19 09:39:46.082871 Epoch [197/200], Step [0200/0318], LR: 0.000001, Loss: 0.1363
2026-09-19 09:40:11.767987 Epoch [197/200], Step [0300/0318], LR: 0.000001, Loss: 0.1334
2026-09-19 09:40:16.834047 Epoch [197/200], Step [0318/0318], LR: 0.000001, Loss: 0.1474
Epoch: 197, Dataset: test, Dice: 0.8091, IoU: 0.7053
Epoch: 197, Dataset: val, Dice: 0.7961, IoU: 0.6895
2026-09-19 09:40:45.330488 Epoch [198/200], Step [0100/0318], LR: 0.000001, Loss: 0.1450
2026-09-19 09:41:10.594060 Epoch [198/200], Step [0200/0318], LR: 0.000001, Loss: 0.1396
2026-09-19 09:41:36.352689 Epoch [198/200], Step [0300/0318], LR: 0.000001, Loss: 0.1473
2026-09-19 09:41:40.533382 Epoch [198/200], Step [0318/0318], LR: 0.000001, Loss: 0.1420
Epoch: 198, Dataset: test, Dice: 0.8059, IoU: 0.7029
Epoch: 198, Dataset: val, Dice: 0.8067, IoU: 0.7005
2026-09-19 09:42:09.520863 Epoch [199/200], Step [0100/0318], LR: 0.000001, Loss: 0.1418
2026-09-19 09:42:35.761971 Epoch [199/200], Step [0200/0318], LR: 0.000001, Loss: 0.1399
2026-09-19 09:43:00.319055 Epoch [199/200], Step [0300/0318], LR: 0.000001, Loss: 0.1394
2026-09-19 09:43:04.514033 Epoch [199/200], Step [0318/0318], LR: 0.000001, Loss: 0.1394
Epoch: 199, Dataset: test, Dice: 0.8476, IoU: 0.7547
Epoch: 199, Dataset: val, Dice: 0.8463, IoU: 0.7477
2026-09-19 09:43:32.324420 Epoch [200/200], Step [0100/0318], LR: 0.000001, Loss: 0.1355
2026-09-19 09:43:56.976954 Epoch [200/200], Step [0200/0318], LR: 0.000001, Loss: 0.1436
2026-09-19 09:44:22.344666 Epoch [200/200], Step [0300/0318], LR: 0.000001, Loss: 0.1413
2026-09-19 09:44:27.143699 Epoch [200/200], Step [0318/0318], LR: 0.000001, Loss: 0.1421
Epoch: 200, Dataset: test, Dice: 0.8419, IoU: 0.7496
Epoch: 200, Dataset: val, Dice: 0.8459, IoU: 0.7465

========================================
FINAL RESULTS: BraTS2020_MK_UNet_bs8_lr0.0005_e200_augTrue_run3_t050508
Best Val Dice: 0.8589
Test Dice at Best Val: 0.8255
Total Train Time: 16081.21s
========================================
Network: MK_UNet | Channels: [16, 32, 64, 96, 160]
[INFO] Register count_convNd() for <class 'torch.nn.modules.conv.Conv2d'>.
[INFO] Register count_normalization() for <class 'torch.nn.modules.batchnorm.BatchNorm2d'>.
[INFO] Register zero_ops() for <class 'torch.nn.modules.activation.ReLU6'>.
[INFO] Register zero_ops() for <class 'torch.nn.modules.container.Sequential'>.
[INFO] Register zero_ops() for <class 'torch.nn.modules.activation.ReLU'>.
[INFO] Register count_adap_avgpool() for <class 'torch.nn.modules.pooling.AdaptiveAvgPool2d'>.
[INFO] Register zero_ops() for <class 'torch.nn.modules.pooling.AdaptiveMaxPool2d'>.
flops 0.327543024
params 0.315566
Total params: 0.32M
2026-09-19 09:44:56.358114 Epoch [001/200], Step [0100/0318], LR: 0.000500, Loss: 0.4926
2026-09-19 09:45:23.144662 Epoch [001/200], Step [0200/0318], LR: 0.000500, Loss: 0.4394
2026-09-19 09:45:48.984894 Epoch [001/200], Step [0300/0318], LR: 0.000500, Loss: 0.4519
2026-09-19 09:45:53.411382 Epoch [001/200], Step [0318/0318], LR: 0.000500, Loss: 0.4780
Epoch: 1, Dataset: test, Dice: 0.2791, IoU: 0.1794
Epoch: 1, Dataset: val, Dice: 0.3738, IoU: 0.2654
### Best Model Saved (Dice improved from 0.0000 to 0.3738) ###
2026-09-19 09:46:22.979272 Epoch [002/200], Step [0100/0318], LR: 0.000500, Loss: 0.4048
2026-09-19 09:46:49.347362 Epoch [002/200], Step [0200/0318], LR: 0.000500, Loss: 0.3841
2026-09-19 09:47:15.797488 Epoch [002/200], Step [0300/0318], LR: 0.000500, Loss: 0.4208
2026-09-19 09:47:20.780524 Epoch [002/200], Step [0318/0318], LR: 0.000500, Loss: 0.4044
Epoch: 2, Dataset: test, Dice: 0.7531, IoU: 0.6446
Epoch: 2, Dataset: val, Dice: 0.7244, IoU: 0.6053
### Best Model Saved (Dice improved from 0.3738 to 0.7244) ###
2026-09-19 09:47:51.586958 Epoch [003/200], Step [0100/0318], LR: 0.000500, Loss: 0.3702
2026-09-19 09:48:16.122223 Epoch [003/200], Step [0200/0318], LR: 0.000500, Loss: 0.3804
2026-09-19 09:48:40.482562 Epoch [003/200], Step [0300/0318], LR: 0.000500, Loss: 0.3694
2026-09-19 09:48:45.453043 Epoch [003/200], Step [0318/0318], LR: 0.000500, Loss: 0.3732
Epoch: 3, Dataset: test, Dice: 0.6821, IoU: 0.5470
Epoch: 3, Dataset: val, Dice: 0.7635, IoU: 0.6493
### Best Model Saved (Dice improved from 0.7244 to 0.7635) ###
2026-09-19 09:49:14.889074 Epoch [004/200], Step [0100/0318], LR: 0.000500, Loss: 0.3691
2026-09-19 09:49:40.103994 Epoch [004/200], Step [0200/0318], LR: 0.000500, Loss: 0.3560
2026-09-19 09:50:06.293126 Epoch [004/200], Step [0300/0318], LR: 0.000500, Loss: 0.3383
2026-09-19 09:50:10.555871 Epoch [004/200], Step [0318/0318], LR: 0.000500, Loss: 0.3319
Epoch: 4, Dataset: test, Dice: 0.7883, IoU: 0.6885
Epoch: 4, Dataset: val, Dice: 0.8378, IoU: 0.7408
### Best Model Saved (Dice improved from 0.7635 to 0.8378) ###
2026-09-19 09:50:39.846966 Epoch [005/200], Step [0100/0318], LR: 0.000500, Loss: 0.3401
2026-09-19 09:51:05.848003 Epoch [005/200], Step [0200/0318], LR: 0.000500, Loss: 0.3351
2026-09-19 09:51:30.700214 Epoch [005/200], Step [0300/0318], LR: 0.000500, Loss: 0.3552
2026-09-19 09:51:35.004049 Epoch [005/200], Step [0318/0318], LR: 0.000500, Loss: 0.3711
Epoch: 5, Dataset: test, Dice: 0.7403, IoU: 0.6307
Epoch: 5, Dataset: val, Dice: 0.8113, IoU: 0.7117
2026-09-19 09:52:04.089349 Epoch [006/200], Step [0100/0318], LR: 0.000499, Loss: 0.3645
2026-09-19 09:52:29.292199 Epoch [006/200], Step [0200/0318], LR: 0.000499, Loss: 0.3443
2026-09-19 09:52:54.276784 Epoch [006/200], Step [0300/0318], LR: 0.000499, Loss: 0.3526
2026-09-19 09:52:59.230087 Epoch [006/200], Step [0318/0318], LR: 0.000499, Loss: 0.3490
Epoch: 6, Dataset: test, Dice: 0.8008, IoU: 0.7007
Epoch: 6, Dataset: val, Dice: 0.8186, IoU: 0.7180
2026-09-19 09:53:28.763432 Epoch [007/200], Step [0100/0318], LR: 0.000499, Loss: 0.3316
2026-09-19 09:53:53.069180 Epoch [007/200], Step [0200/0318], LR: 0.000499, Loss: 0.3267
2026-09-19 09:54:17.443276 Epoch [007/200], Step [0300/0318], LR: 0.000499, Loss: 0.3218
2026-09-19 09:54:21.607097 Epoch [007/200], Step [0318/0318], LR: 0.000499, Loss: 0.3297
Epoch: 7, Dataset: test, Dice: 0.7649, IoU: 0.6495
Epoch: 7, Dataset: val, Dice: 0.8466, IoU: 0.7528
### Best Model Saved (Dice improved from 0.8378 to 0.8466) ###
2026-09-19 09:54:49.821834 Epoch [008/200], Step [0100/0318], LR: 0.000498, Loss: 0.3214
2026-09-19 09:55:14.509657 Epoch [008/200], Step [0200/0318], LR: 0.000498, Loss: 0.3231
2026-09-19 09:55:39.503390 Epoch [008/200], Step [0300/0318], LR: 0.000498, Loss: 0.3260
2026-09-19 09:55:43.779166 Epoch [008/200], Step [0318/0318], LR: 0.000498, Loss: 0.3308
Epoch: 8, Dataset: test, Dice: 0.8025, IoU: 0.7059
Epoch: 8, Dataset: val, Dice: 0.8322, IoU: 0.7278
2026-09-19 09:56:13.111716 Epoch [009/200], Step [0100/0318], LR: 0.000498, Loss: 0.3112
2026-09-19 09:56:38.849156 Epoch [009/200], Step [0200/0318], LR: 0.000498, Loss: 0.3195
2026-09-19 09:57:05.278432 Epoch [009/200], Step [0300/0318], LR: 0.000498, Loss: 0.2953
2026-09-19 09:57:09.652073 Epoch [009/200], Step [0318/0318], LR: 0.000498, Loss: 0.2842
Epoch: 9, Dataset: test, Dice: 0.8153, IoU: 0.7170
Epoch: 9, Dataset: val, Dice: 0.8287, IoU: 0.7268
2026-09-19 09:57:39.576947 Epoch [010/200], Step [0100/0318], LR: 0.000498, Loss: 0.3164
2026-09-19 09:58:05.774060 Epoch [010/200], Step [0200/0318], LR: 0.000498, Loss: 0.3066
2026-09-19 09:58:31.907544 Epoch [010/200], Step [0300/0318], LR: 0.000498, Loss: 0.3028
2026-09-19 09:58:36.444438 Epoch [010/200], Step [0318/0318], LR: 0.000498, Loss: 0.2958
Epoch: 10, Dataset: test, Dice: 0.8160, IoU: 0.7180
Epoch: 10, Dataset: val, Dice: 0.8445, IoU: 0.7534
2026-09-19 09:59:07.462309 Epoch [011/200], Step [0100/0318], LR: 0.000497, Loss: 0.2954
2026-09-19 09:59:34.050715 Epoch [011/200], Step [0200/0318], LR: 0.000497, Loss: 0.2809
2026-09-19 09:59:59.762629 Epoch [011/200], Step [0300/0318], LR: 0.000497, Loss: 0.2934
2026-09-19 10:00:04.266570 Epoch [011/200], Step [0318/0318], LR: 0.000497, Loss: 0.3016
Epoch: 11, Dataset: test, Dice: 0.7667, IoU: 0.6595
Epoch: 11, Dataset: val, Dice: 0.8424, IoU: 0.7456
2026-09-19 10:00:33.592187 Epoch [012/200], Step [0100/0318], LR: 0.000496, Loss: 0.2830
2026-09-19 10:00:58.492534 Epoch [012/200], Step [0200/0318], LR: 0.000496, Loss: 0.2904
2026-09-19 10:01:23.296822 Epoch [012/200], Step [0300/0318], LR: 0.000496, Loss: 0.2921
2026-09-19 10:01:27.535593 Epoch [012/200], Step [0318/0318], LR: 0.000496, Loss: 0.2922
Epoch: 12, Dataset: test, Dice: 0.8193, IoU: 0.7237
Epoch: 12, Dataset: val, Dice: 0.8215, IoU: 0.7161
2026-09-19 10:01:55.857251 Epoch [013/200], Step [0100/0318], LR: 0.000496, Loss: 0.2745
2026-09-19 10:02:22.134808 Epoch [013/200], Step [0200/0318], LR: 0.000496, Loss: 0.2714
2026-09-19 10:02:48.979889 Epoch [013/200], Step [0300/0318], LR: 0.000496, Loss: 0.2930
2026-09-19 10:02:53.315749 Epoch [013/200], Step [0318/0318], LR: 0.000496, Loss: 0.2895
Epoch: 13, Dataset: test, Dice: 0.8253, IoU: 0.7312
Epoch: 13, Dataset: val, Dice: 0.8313, IoU: 0.7382
2026-09-19 10:03:22.454945 Epoch [014/200], Step [0100/0318], LR: 0.000495, Loss: 0.2563
2026-09-19 10:03:46.795027 Epoch [014/200], Step [0200/0318], LR: 0.000495, Loss: 0.2757
2026-09-19 10:04:12.113979 Epoch [014/200], Step [0300/0318], LR: 0.000495, Loss: 0.2696
2026-09-19 10:04:16.359429 Epoch [014/200], Step [0318/0318], LR: 0.000495, Loss: 0.2686
Epoch: 14, Dataset: test, Dice: 0.8376, IoU: 0.7494
Epoch: 14, Dataset: val, Dice: 0.8406, IoU: 0.7468
2026-09-19 10:04:44.141342 Epoch [015/200], Step [0100/0318], LR: 0.000494, Loss: 0.2628
2026-09-19 10:05:08.185811 Epoch [015/200], Step [0200/0318], LR: 0.000494, Loss: 0.2774
2026-09-19 10:05:32.746583 Epoch [015/200], Step [0300/0318], LR: 0.000494, Loss: 0.2559
2026-09-19 10:05:37.033266 Epoch [015/200], Step [0318/0318], LR: 0.000494, Loss: 0.2518
Epoch: 15, Dataset: test, Dice: 0.8374, IoU: 0.7481
Epoch: 15, Dataset: val, Dice: 0.8444, IoU: 0.7488
2026-09-19 10:06:05.148734 Epoch [016/200], Step [0100/0318], LR: 0.000493, Loss: 0.2601
2026-09-19 10:06:30.170562 Epoch [016/200], Step [0200/0318], LR: 0.000493, Loss: 0.2650
2026-09-19 10:06:54.424415 Epoch [016/200], Step [0300/0318], LR: 0.000493, Loss: 0.2604
2026-09-19 10:06:58.449828 Epoch [016/200], Step [0318/0318], LR: 0.000493, Loss: 0.2614
Epoch: 16, Dataset: test, Dice: 0.6672, IoU: 0.5644
Epoch: 16, Dataset: val, Dice: 0.7482, IoU: 0.6479
2026-09-19 10:07:27.769937 Epoch [017/200], Step [0100/0318], LR: 0.000492, Loss: 0.2558
2026-09-19 10:07:51.297427 Epoch [017/200], Step [0200/0318], LR: 0.000492, Loss: 0.2604
2026-09-19 10:08:15.228232 Epoch [017/200], Step [0300/0318], LR: 0.000492, Loss: 0.2626
2026-09-19 10:08:19.329422 Epoch [017/200], Step [0318/0318], LR: 0.000492, Loss: 0.2637
Epoch: 17, Dataset: test, Dice: 0.8209, IoU: 0.7304
Epoch: 17, Dataset: val, Dice: 0.8244, IoU: 0.7238
2026-09-19 10:08:47.618601 Epoch [018/200], Step [0100/0318], LR: 0.000491, Loss: 0.2523
2026-09-19 10:09:12.289283 Epoch [018/200], Step [0200/0318], LR: 0.000491, Loss: 0.2523
2026-09-19 10:09:37.211716 Epoch [018/200], Step [0300/0318], LR: 0.000491, Loss: 0.2524
2026-09-19 10:09:41.628984 Epoch [018/200], Step [0318/0318], LR: 0.000491, Loss: 0.2545
Epoch: 18, Dataset: test, Dice: 0.8195, IoU: 0.7263
Epoch: 18, Dataset: val, Dice: 0.8263, IoU: 0.7390
2026-09-19 10:10:11.121504 Epoch [019/200], Step [0100/0318], LR: 0.000490, Loss: 0.2598
2026-09-19 10:10:34.946473 Epoch [019/200], Step [0200/0318], LR: 0.000490, Loss: 0.2513
2026-09-19 10:10:59.132995 Epoch [019/200], Step [0300/0318], LR: 0.000490, Loss: 0.2522
2026-09-19 10:11:03.074046 Epoch [019/200], Step [0318/0318], LR: 0.000490, Loss: 0.2424
Epoch: 19, Dataset: test, Dice: 0.8366, IoU: 0.7499
Epoch: 19, Dataset: val, Dice: 0.8356, IoU: 0.7379
2026-09-19 10:11:30.260647 Epoch [020/200], Step [0100/0318], LR: 0.000489, Loss: 0.2522
2026-09-19 10:11:53.374297 Epoch [020/200], Step [0200/0318], LR: 0.000489, Loss: 0.2499
2026-09-19 10:12:16.625931 Epoch [020/200], Step [0300/0318], LR: 0.000489, Loss: 0.2373
2026-09-19 10:12:20.671578 Epoch [020/200], Step [0318/0318], LR: 0.000489, Loss: 0.2387
Epoch: 20, Dataset: test, Dice: 0.8038, IoU: 0.7084
Epoch: 20, Dataset: val, Dice: 0.8355, IoU: 0.7385
2026-09-19 10:12:49.045327 Epoch [021/200], Step [0100/0318], LR: 0.000488, Loss: 0.2490
2026-09-19 10:13:12.046191 Epoch [021/200], Step [0200/0318], LR: 0.000488, Loss: 0.2396
2026-09-19 10:13:34.664009 Epoch [021/200], Step [0300/0318], LR: 0.000488, Loss: 0.2444
2026-09-19 10:13:38.664377 Epoch [021/200], Step [0318/0318], LR: 0.000488, Loss: 0.2485
Epoch: 21, Dataset: test, Dice: 0.8129, IoU: 0.7176
Epoch: 21, Dataset: val, Dice: 0.8501, IoU: 0.7568
### Best Model Saved (Dice improved from 0.8466 to 0.8501) ###
2026-09-19 10:14:08.427249 Epoch [022/200], Step [0100/0318], LR: 0.000487, Loss: 0.2296
2026-09-19 10:14:31.796641 Epoch [022/200], Step [0200/0318], LR: 0.000487, Loss: 0.2390
2026-09-19 10:14:56.657810 Epoch [022/200], Step [0300/0318], LR: 0.000487, Loss: 0.2369
2026-09-19 10:15:00.624866 Epoch [022/200], Step [0318/0318], LR: 0.000487, Loss: 0.2492
Epoch: 22, Dataset: test, Dice: 0.5689, IoU: 0.4691
Epoch: 22, Dataset: val, Dice: 0.6753, IoU: 0.5743
2026-09-19 10:15:30.473116 Epoch [023/200], Step [0100/0318], LR: 0.000485, Loss: 0.2318
2026-09-19 10:15:55.744208 Epoch [023/200], Step [0200/0318], LR: 0.000485, Loss: 0.2394
2026-09-19 10:16:19.631342 Epoch [023/200], Step [0300/0318], LR: 0.000485, Loss: 0.2401
2026-09-19 10:16:23.993280 Epoch [023/200], Step [0318/0318], LR: 0.000485, Loss: 0.2373
Epoch: 23, Dataset: test, Dice: 0.8373, IoU: 0.7473
Epoch: 23, Dataset: val, Dice: 0.8348, IoU: 0.7352
2026-09-19 10:16:53.209163 Epoch [024/200], Step [0100/0318], LR: 0.000484, Loss: 0.2236
2026-09-19 10:17:16.838977 Epoch [024/200], Step [0200/0318], LR: 0.000484, Loss: 0.2254
2026-09-19 10:17:40.881776 Epoch [024/200], Step [0300/0318], LR: 0.000484, Loss: 0.2407
2026-09-19 10:17:44.760911 Epoch [024/200], Step [0318/0318], LR: 0.000484, Loss: 0.2413
Epoch: 24, Dataset: test, Dice: 0.8205, IoU: 0.7278
Epoch: 24, Dataset: val, Dice: 0.8572, IoU: 0.7683
### Best Model Saved (Dice improved from 0.8501 to 0.8572) ###
2026-09-19 10:18:13.913256 Epoch [025/200], Step [0100/0318], LR: 0.000482, Loss: 0.2349
2026-09-19 10:18:40.406707 Epoch [025/200], Step [0200/0318], LR: 0.000482, Loss: 0.2152
2026-09-19 10:19:05.420409 Epoch [025/200], Step [0300/0318], LR: 0.000482, Loss: 0.2376
2026-09-19 10:19:09.934207 Epoch [025/200], Step [0318/0318], LR: 0.000482, Loss: 0.2399
Epoch: 25, Dataset: test, Dice: 0.8039, IoU: 0.7096
Epoch: 25, Dataset: val, Dice: 0.8335, IoU: 0.7452
2026-09-19 10:19:40.123894 Epoch [026/200], Step [0100/0318], LR: 0.000481, Loss: 0.2219
2026-09-19 10:20:06.169873 Epoch [026/200], Step [0200/0318], LR: 0.000481, Loss: 0.2247
2026-09-19 10:20:30.671949 Epoch [026/200], Step [0300/0318], LR: 0.000481, Loss: 0.2304
2026-09-19 10:20:34.862965 Epoch [026/200], Step [0318/0318], LR: 0.000481, Loss: 0.2249
Epoch: 26, Dataset: test, Dice: 0.8258, IoU: 0.7358
Epoch: 26, Dataset: val, Dice: 0.8525, IoU: 0.7625
2026-09-19 10:21:02.978048 Epoch [027/200], Step [0100/0318], LR: 0.000479, Loss: 0.2149
2026-09-19 10:21:27.067590 Epoch [027/200], Step [0200/0318], LR: 0.000479, Loss: 0.2287
2026-09-19 10:21:51.247536 Epoch [027/200], Step [0300/0318], LR: 0.000479, Loss: 0.2264
2026-09-19 10:21:55.683283 Epoch [027/200], Step [0318/0318], LR: 0.000479, Loss: 0.2304
Epoch: 27, Dataset: test, Dice: 0.8021, IoU: 0.7069
Epoch: 27, Dataset: val, Dice: 0.8500, IoU: 0.7615
2026-09-19 10:22:25.442505 Epoch [028/200], Step [0100/0318], LR: 0.000478, Loss: 0.2243
2026-09-19 10:22:51.173002 Epoch [028/200], Step [0200/0318], LR: 0.000478, Loss: 0.2130
2026-09-19 10:23:16.655586 Epoch [028/200], Step [0300/0318], LR: 0.000478, Loss: 0.2209
2026-09-19 10:23:20.893986 Epoch [028/200], Step [0318/0318], LR: 0.000478, Loss: 0.2249
Epoch: 28, Dataset: test, Dice: 0.7948, IoU: 0.6919
Epoch: 28, Dataset: val, Dice: 0.8194, IoU: 0.7277
2026-09-19 10:23:51.359940 Epoch [029/200], Step [0100/0318], LR: 0.000476, Loss: 0.2228
2026-09-19 10:24:17.114760 Epoch [029/200], Step [0200/0318], LR: 0.000476, Loss: 0.2151
2026-09-19 10:24:40.343875 Epoch [029/200], Step [0300/0318], LR: 0.000476, Loss: 0.2292
2026-09-19 10:24:44.627619 Epoch [029/200], Step [0318/0318], LR: 0.000476, Loss: 0.2250
Epoch: 29, Dataset: test, Dice: 0.8149, IoU: 0.7179
Epoch: 29, Dataset: val, Dice: 0.8290, IoU: 0.7335
2026-09-19 10:25:12.358435 Epoch [030/200], Step [0100/0318], LR: 0.000475, Loss: 0.2139
2026-09-19 10:25:35.732255 Epoch [030/200], Step [0200/0318], LR: 0.000475, Loss: 0.2306
2026-09-19 10:25:59.384785 Epoch [030/200], Step [0300/0318], LR: 0.000475, Loss: 0.2083
2026-09-19 10:26:03.403115 Epoch [030/200], Step [0318/0318], LR: 0.000475, Loss: 0.2198
Epoch: 30, Dataset: test, Dice: 0.8255, IoU: 0.7318
Epoch: 30, Dataset: val, Dice: 0.8370, IoU: 0.7344
2026-09-19 10:26:31.254687 Epoch [031/200], Step [0100/0318], LR: 0.000473, Loss: 0.2209
2026-09-19 10:26:55.306623 Epoch [031/200], Step [0200/0318], LR: 0.000473, Loss: 0.2168
2026-09-19 10:27:18.692134 Epoch [031/200], Step [0300/0318], LR: 0.000473, Loss: 0.2106
2026-09-19 10:27:22.717457 Epoch [031/200], Step [0318/0318], LR: 0.000473, Loss: 0.2115
Epoch: 31, Dataset: test, Dice: 0.8143, IoU: 0.7187
Epoch: 31, Dataset: val, Dice: 0.8199, IoU: 0.7159
2026-09-19 10:27:49.820535 Epoch [032/200], Step [0100/0318], LR: 0.000471, Loss: 0.2118
2026-09-19 10:28:13.353769 Epoch [032/200], Step [0200/0318], LR: 0.000471, Loss: 0.2169
2026-09-19 10:28:36.803995 Epoch [032/200], Step [0300/0318], LR: 0.000471, Loss: 0.2199
2026-09-19 10:28:40.904977 Epoch [032/200], Step [0318/0318], LR: 0.000471, Loss: 0.2215
Epoch: 32, Dataset: test, Dice: 0.8126, IoU: 0.7208
Epoch: 32, Dataset: val, Dice: 0.8608, IoU: 0.7695
### Best Model Saved (Dice improved from 0.8572 to 0.8608) ###
2026-09-19 10:29:08.689312 Epoch [033/200], Step [0100/0318], LR: 0.000469, Loss: 0.2050
2026-09-19 10:29:33.402359 Epoch [033/200], Step [0200/0318], LR: 0.000469, Loss: 0.2097
2026-09-19 10:29:57.515394 Epoch [033/200], Step [0300/0318], LR: 0.000469, Loss: 0.2313
2026-09-19 10:30:01.614267 Epoch [033/200], Step [0318/0318], LR: 0.000469, Loss: 0.2195
Epoch: 33, Dataset: test, Dice: 0.8185, IoU: 0.7235
Epoch: 33, Dataset: val, Dice: 0.8546, IoU: 0.7683
2026-09-19 10:30:29.471808 Epoch [034/200], Step [0100/0318], LR: 0.000467, Loss: 0.2021
2026-09-19 10:30:53.975698 Epoch [034/200], Step [0200/0318], LR: 0.000467, Loss: 0.2096
2026-09-19 10:31:18.186311 Epoch [034/200], Step [0300/0318], LR: 0.000467, Loss: 0.2033
2026-09-19 10:31:22.447270 Epoch [034/200], Step [0318/0318], LR: 0.000467, Loss: 0.1994
Epoch: 34, Dataset: test, Dice: 0.8351, IoU: 0.7437
Epoch: 34, Dataset: val, Dice: 0.8431, IoU: 0.7478
2026-09-19 10:31:50.949338 Epoch [035/200], Step [0100/0318], LR: 0.000465, Loss: 0.2112
2026-09-19 10:32:15.511604 Epoch [035/200], Step [0200/0318], LR: 0.000465, Loss: 0.2031
2026-09-19 10:32:39.949646 Epoch [035/200], Step [0300/0318], LR: 0.000465, Loss: 0.2122
2026-09-19 10:32:44.136495 Epoch [035/200], Step [0318/0318], LR: 0.000465, Loss: 0.2070
Epoch: 35, Dataset: test, Dice: 0.8138, IoU: 0.7151
Epoch: 35, Dataset: val, Dice: 0.8456, IoU: 0.7468
2026-09-19 10:33:14.224831 Epoch [036/200], Step [0100/0318], LR: 0.000463, Loss: 0.2129
2026-09-19 10:33:40.921069 Epoch [036/200], Step [0200/0318], LR: 0.000463, Loss: 0.2096
2026-09-19 10:34:06.578896 Epoch [036/200], Step [0300/0318], LR: 0.000463, Loss: 0.2047
2026-09-19 10:34:11.226961 Epoch [036/200], Step [0318/0318], LR: 0.000463, Loss: 0.2013
Epoch: 36, Dataset: test, Dice: 0.8050, IoU: 0.7067
Epoch: 36, Dataset: val, Dice: 0.8642, IoU: 0.7795
### Best Model Saved (Dice improved from 0.8608 to 0.8642) ###
2026-09-19 10:34:41.239761 Epoch [037/200], Step [0100/0318], LR: 0.000461, Loss: 0.2117
2026-09-19 10:35:07.188986 Epoch [037/200], Step [0200/0318], LR: 0.000461, Loss: 0.2092
2026-09-19 10:35:33.621602 Epoch [037/200], Step [0300/0318], LR: 0.000461, Loss: 0.1946
2026-09-19 10:35:38.179328 Epoch [037/200], Step [0318/0318], LR: 0.000461, Loss: 0.1978
Epoch: 37, Dataset: test, Dice: 0.8347, IoU: 0.7447
Epoch: 37, Dataset: val, Dice: 0.8436, IoU: 0.7484
2026-09-19 10:36:08.115944 Epoch [038/200], Step [0100/0318], LR: 0.000459, Loss: 0.1989
2026-09-19 10:36:33.297273 Epoch [038/200], Step [0200/0318], LR: 0.000459, Loss: 0.2092
2026-09-19 10:36:58.852966 Epoch [038/200], Step [0300/0318], LR: 0.000459, Loss: 0.1893
2026-09-19 10:37:03.648112 Epoch [038/200], Step [0318/0318], LR: 0.000459, Loss: 0.1924
Epoch: 38, Dataset: test, Dice: 0.8085, IoU: 0.7182
Epoch: 38, Dataset: val, Dice: 0.8119, IoU: 0.7225
2026-09-19 10:37:32.282269 Epoch [039/200], Step [0100/0318], LR: 0.000457, Loss: 0.2117
2026-09-19 10:37:57.160894 Epoch [039/200], Step [0200/0318], LR: 0.000457, Loss: 0.2019
2026-09-19 10:38:22.775170 Epoch [039/200], Step [0300/0318], LR: 0.000457, Loss: 0.1911
2026-09-19 10:38:27.141058 Epoch [039/200], Step [0318/0318], LR: 0.000457, Loss: 0.1938
Epoch: 39, Dataset: test, Dice: 0.8192, IoU: 0.7261
Epoch: 39, Dataset: val, Dice: 0.8548, IoU: 0.7639
2026-09-19 10:38:56.623815 Epoch [040/200], Step [0100/0318], LR: 0.000455, Loss: 0.2014
2026-09-19 10:39:22.756728 Epoch [040/200], Step [0200/0318], LR: 0.000455, Loss: 0.2057
2026-09-19 10:39:48.012639 Epoch [040/200], Step [0300/0318], LR: 0.000455, Loss: 0.1924
2026-09-19 10:39:52.310729 Epoch [040/200], Step [0318/0318], LR: 0.000455, Loss: 0.1973
Epoch: 40, Dataset: test, Dice: 0.8337, IoU: 0.7305
Epoch: 40, Dataset: val, Dice: 0.8337, IoU: 0.7346
2026-09-19 10:40:22.143098 Epoch [041/200], Step [0100/0318], LR: 0.000452, Loss: 0.2021
2026-09-19 10:40:48.387246 Epoch [041/200], Step [0200/0318], LR: 0.000452, Loss: 0.2009
2026-09-19 10:41:14.147584 Epoch [041/200], Step [0300/0318], LR: 0.000452, Loss: 0.1897
2026-09-19 10:41:18.772425 Epoch [041/200], Step [0318/0318], LR: 0.000452, Loss: 0.1897
Epoch: 41, Dataset: test, Dice: 0.8017, IoU: 0.7044
Epoch: 41, Dataset: val, Dice: 0.8456, IoU: 0.7457
2026-09-19 10:41:48.285816 Epoch [042/200], Step [0100/0318], LR: 0.000450, Loss: 0.1933
2026-09-19 10:42:14.839026 Epoch [042/200], Step [0200/0318], LR: 0.000450, Loss: 0.2025
2026-09-19 10:42:41.450521 Epoch [042/200], Step [0300/0318], LR: 0.000450, Loss: 0.1991
2026-09-19 10:42:46.123346 Epoch [042/200], Step [0318/0318], LR: 0.000450, Loss: 0.2024
Epoch: 42, Dataset: test, Dice: 0.8153, IoU: 0.7138
Epoch: 42, Dataset: val, Dice: 0.8477, IoU: 0.7473
2026-09-19 10:43:16.854995 Epoch [043/200], Step [0100/0318], LR: 0.000448, Loss: 0.1943
2026-09-19 10:43:42.607685 Epoch [043/200], Step [0200/0318], LR: 0.000448, Loss: 0.1874
2026-09-19 10:44:08.736276 Epoch [043/200], Step [0300/0318], LR: 0.000448, Loss: 0.1896
2026-09-19 10:44:13.367914 Epoch [043/200], Step [0318/0318], LR: 0.000448, Loss: 0.1863
Epoch: 43, Dataset: test, Dice: 0.8051, IoU: 0.7080
Epoch: 43, Dataset: val, Dice: 0.8372, IoU: 0.7355
2026-09-19 10:44:43.335862 Epoch [044/200], Step [0100/0318], LR: 0.000445, Loss: 0.1962
2026-09-19 10:45:09.884866 Epoch [044/200], Step [0200/0318], LR: 0.000445, Loss: 0.1970
2026-09-19 10:45:36.129499 Epoch [044/200], Step [0300/0318], LR: 0.000445, Loss: 0.1908
2026-09-19 10:45:40.933980 Epoch [044/200], Step [0318/0318], LR: 0.000445, Loss: 0.1913
Epoch: 44, Dataset: test, Dice: 0.8271, IoU: 0.7343
Epoch: 44, Dataset: val, Dice: 0.8486, IoU: 0.7510
2026-09-19 10:46:11.615119 Epoch [045/200], Step [0100/0318], LR: 0.000443, Loss: 0.2039
2026-09-19 10:46:38.077825 Epoch [045/200], Step [0200/0318], LR: 0.000443, Loss: 0.2064
2026-09-19 10:47:03.659096 Epoch [045/200], Step [0300/0318], LR: 0.000443, Loss: 0.1812
2026-09-19 10:47:08.223546 Epoch [045/200], Step [0318/0318], LR: 0.000443, Loss: 0.1897
Epoch: 45, Dataset: test, Dice: 0.8289, IoU: 0.7303
Epoch: 45, Dataset: val, Dice: 0.8448, IoU: 0.7509
2026-09-19 10:47:39.005680 Epoch [046/200], Step [0100/0318], LR: 0.000440, Loss: 0.1933
2026-09-19 10:48:05.611414 Epoch [046/200], Step [0200/0318], LR: 0.000440, Loss: 0.1910
2026-09-19 10:48:32.245906 Epoch [046/200], Step [0300/0318], LR: 0.000440, Loss: 0.1993
2026-09-19 10:48:36.561016 Epoch [046/200], Step [0318/0318], LR: 0.000440, Loss: 0.2072
Epoch: 46, Dataset: test, Dice: 0.8066, IoU: 0.7140
Epoch: 46, Dataset: val, Dice: 0.8094, IoU: 0.7154
2026-09-19 10:49:07.239238 Epoch [047/200], Step [0100/0318], LR: 0.000438, Loss: 0.1896
2026-09-19 10:49:33.371376 Epoch [047/200], Step [0200/0318], LR: 0.000438, Loss: 0.1883
2026-09-19 10:49:58.606299 Epoch [047/200], Step [0300/0318], LR: 0.000438, Loss: 0.1922
2026-09-19 10:50:03.392470 Epoch [047/200], Step [0318/0318], LR: 0.000438, Loss: 0.2010
Epoch: 47, Dataset: test, Dice: 0.8268, IoU: 0.7316
Epoch: 47, Dataset: val, Dice: 0.8236, IoU: 0.7205
2026-09-19 10:50:33.994748 Epoch [048/200], Step [0100/0318], LR: 0.000435, Loss: 0.1913
2026-09-19 10:50:59.934485 Epoch [048/200], Step [0200/0318], LR: 0.000435, Loss: 0.1990
2026-09-19 10:51:25.114058 Epoch [048/200], Step [0300/0318], LR: 0.000435, Loss: 0.1801
2026-09-19 10:51:29.366578 Epoch [048/200], Step [0318/0318], LR: 0.000435, Loss: 0.1758
Epoch: 48, Dataset: test, Dice: 0.8152, IoU: 0.7161
Epoch: 48, Dataset: val, Dice: 0.8228, IoU: 0.7233
2026-09-19 10:51:58.912584 Epoch [049/200], Step [0100/0318], LR: 0.000432, Loss: 0.1860
2026-09-19 10:52:23.373159 Epoch [049/200], Step [0200/0318], LR: 0.000432, Loss: 0.1911
2026-09-19 10:52:48.562130 Epoch [049/200], Step [0300/0318], LR: 0.000432, Loss: 0.1947
2026-09-19 10:52:53.316821 Epoch [049/200], Step [0318/0318], LR: 0.000432, Loss: 0.1903
Epoch: 49, Dataset: test, Dice: 0.8377, IoU: 0.7467
Epoch: 49, Dataset: val, Dice: 0.8506, IoU: 0.7555
2026-09-19 10:53:21.569193 Epoch [050/200], Step [0100/0318], LR: 0.000430, Loss: 0.1877
2026-09-19 10:53:46.620825 Epoch [050/200], Step [0200/0318], LR: 0.000430, Loss: 0.1871
2026-09-19 10:54:10.844358 Epoch [050/200], Step [0300/0318], LR: 0.000430, Loss: 0.1874
2026-09-19 10:54:15.045280 Epoch [050/200], Step [0318/0318], LR: 0.000430, Loss: 0.1878
Epoch: 50, Dataset: test, Dice: 0.8091, IoU: 0.7149
Epoch: 50, Dataset: val, Dice: 0.8273, IoU: 0.7296
2026-09-19 10:54:44.089153 Epoch [051/200], Step [0100/0318], LR: 0.000427, Loss: 0.1809
2026-09-19 10:55:10.508572 Epoch [051/200], Step [0200/0318], LR: 0.000427, Loss: 0.1829
2026-09-19 10:55:36.500391 Epoch [051/200], Step [0300/0318], LR: 0.000427, Loss: 0.1879
2026-09-19 10:55:40.562494 Epoch [051/200], Step [0318/0318], LR: 0.000427, Loss: 0.1837
Epoch: 51, Dataset: test, Dice: 0.8193, IoU: 0.7231
Epoch: 51, Dataset: val, Dice: 0.8140, IoU: 0.7097
2026-09-19 10:56:09.505259 Epoch [052/200], Step [0100/0318], LR: 0.000424, Loss: 0.1918
2026-09-19 10:56:33.595382 Epoch [052/200], Step [0200/0318], LR: 0.000424, Loss: 0.1733
2026-09-19 10:56:57.110125 Epoch [052/200], Step [0300/0318], LR: 0.000424, Loss: 0.1985
2026-09-19 10:57:01.001863 Epoch [052/200], Step [0318/0318], LR: 0.000424, Loss: 0.1891
Epoch: 52, Dataset: test, Dice: 0.8232, IoU: 0.7274
Epoch: 52, Dataset: val, Dice: 0.8245, IoU: 0.7237
2026-09-19 10:57:28.627154 Epoch [053/200], Step [0100/0318], LR: 0.000421, Loss: 0.1834
2026-09-19 10:57:52.005816 Epoch [053/200], Step [0200/0318], LR: 0.000421, Loss: 0.1928
2026-09-19 10:58:16.094121 Epoch [053/200], Step [0300/0318], LR: 0.000421, Loss: 0.1832
2026-09-19 10:58:20.265697 Epoch [053/200], Step [0318/0318], LR: 0.000421, Loss: 0.2086
Epoch: 53, Dataset: test, Dice: 0.8335, IoU: 0.7438
Epoch: 53, Dataset: val, Dice: 0.8520, IoU: 0.7624
2026-09-19 10:58:48.349122 Epoch [054/200], Step [0100/0318], LR: 0.000418, Loss: 0.1817
2026-09-19 10:59:11.931667 Epoch [054/200], Step [0200/0318], LR: 0.000418, Loss: 0.1910
2026-09-19 10:59:35.689858 Epoch [054/200], Step [0300/0318], LR: 0.000418, Loss: 0.1798
2026-09-19 10:59:39.869141 Epoch [054/200], Step [0318/0318], LR: 0.000418, Loss: 0.1857
Epoch: 54, Dataset: test, Dice: 0.8285, IoU: 0.7349
Epoch: 54, Dataset: val, Dice: 0.8179, IoU: 0.7172
2026-09-19 11:00:07.072409 Epoch [055/200], Step [0100/0318], LR: 0.000415, Loss: 0.1844
2026-09-19 11:00:30.179093 Epoch [055/200], Step [0200/0318], LR: 0.000415, Loss: 0.1827
2026-09-19 11:00:53.201163 Epoch [055/200], Step [0300/0318], LR: 0.000415, Loss: 0.1855
2026-09-19 11:00:57.048515 Epoch [055/200], Step [0318/0318], LR: 0.000415, Loss: 0.1902
Epoch: 55, Dataset: test, Dice: 0.7154, IoU: 0.6087
Epoch: 55, Dataset: val, Dice: 0.7775, IoU: 0.6801
2026-09-19 11:01:25.062653 Epoch [056/200], Step [0100/0318], LR: 0.000413, Loss: 0.1761
2026-09-19 11:01:49.941731 Epoch [056/200], Step [0200/0318], LR: 0.000413, Loss: 0.1803
2026-09-19 11:02:13.053452 Epoch [056/200], Step [0300/0318], LR: 0.000413, Loss: 0.1802
2026-09-19 11:02:17.165396 Epoch [056/200], Step [0318/0318], LR: 0.000413, Loss: 0.1816
Epoch: 56, Dataset: test, Dice: 0.8312, IoU: 0.7380
Epoch: 56, Dataset: val, Dice: 0.8407, IoU: 0.7401
2026-09-19 11:02:44.658028 Epoch [057/200], Step [0100/0318], LR: 0.000410, Loss: 0.1837
2026-09-19 11:03:08.899643 Epoch [057/200], Step [0200/0318], LR: 0.000410, Loss: 0.1805
2026-09-19 11:03:31.845820 Epoch [057/200], Step [0300/0318], LR: 0.000410, Loss: 0.1869
2026-09-19 11:03:35.723178 Epoch [057/200], Step [0318/0318], LR: 0.000410, Loss: 0.1906
Epoch: 57, Dataset: test, Dice: 0.8037, IoU: 0.7084
Epoch: 57, Dataset: val, Dice: 0.8460, IoU: 0.7487
2026-09-19 11:04:04.263915 Epoch [058/200], Step [0100/0318], LR: 0.000406, Loss: 0.1760
2026-09-19 11:04:27.211701 Epoch [058/200], Step [0200/0318], LR: 0.000406, Loss: 0.1739
2026-09-19 11:04:50.511015 Epoch [058/200], Step [0300/0318], LR: 0.000406, Loss: 0.1897
2026-09-19 11:04:54.474303 Epoch [058/200], Step [0318/0318], LR: 0.000406, Loss: 0.1864
Epoch: 58, Dataset: test, Dice: 0.8395, IoU: 0.7484
Epoch: 58, Dataset: val, Dice: 0.8449, IoU: 0.7461
2026-09-19 11:05:21.963897 Epoch [059/200], Step [0100/0318], LR: 0.000403, Loss: 0.1768
2026-09-19 11:05:46.985757 Epoch [059/200], Step [0200/0318], LR: 0.000403, Loss: 0.1803
2026-09-19 11:06:10.652264 Epoch [059/200], Step [0300/0318], LR: 0.000403, Loss: 0.1831
2026-09-19 11:06:14.767296 Epoch [059/200], Step [0318/0318], LR: 0.000403, Loss: 0.1819
Epoch: 59, Dataset: test, Dice: 0.8306, IoU: 0.7399
Epoch: 59, Dataset: val, Dice: 0.8421, IoU: 0.7519
2026-09-19 11:06:42.694067 Epoch [060/200], Step [0100/0318], LR: 0.000400, Loss: 0.1784
2026-09-19 11:07:06.938380 Epoch [060/200], Step [0200/0318], LR: 0.000400, Loss: 0.1813
2026-09-19 11:07:29.940093 Epoch [060/200], Step [0300/0318], LR: 0.000400, Loss: 0.1845
2026-09-19 11:07:34.093531 Epoch [060/200], Step [0318/0318], LR: 0.000400, Loss: 0.1820
Epoch: 60, Dataset: test, Dice: 0.7991, IoU: 0.6976
Epoch: 60, Dataset: val, Dice: 0.8125, IoU: 0.7124
2026-09-19 11:08:02.337155 Epoch [061/200], Step [0100/0318], LR: 0.000397, Loss: 0.1798
2026-09-19 11:08:27.870680 Epoch [061/200], Step [0200/0318], LR: 0.000397, Loss: 0.1805
2026-09-19 11:08:52.378276 Epoch [061/200], Step [0300/0318], LR: 0.000397, Loss: 0.1750
2026-09-19 11:08:56.520708 Epoch [061/200], Step [0318/0318], LR: 0.000397, Loss: 0.1753
Epoch: 61, Dataset: test, Dice: 0.8315, IoU: 0.7292
Epoch: 61, Dataset: val, Dice: 0.8360, IoU: 0.7361
2026-09-19 11:09:25.361926 Epoch [062/200], Step [0100/0318], LR: 0.000394, Loss: 0.1788
2026-09-19 11:09:49.487377 Epoch [062/200], Step [0200/0318], LR: 0.000394, Loss: 0.1781
2026-09-19 11:10:13.189642 Epoch [062/200], Step [0300/0318], LR: 0.000394, Loss: 0.1835
2026-09-19 11:10:17.213610 Epoch [062/200], Step [0318/0318], LR: 0.000394, Loss: 0.1814
Epoch: 62, Dataset: test, Dice: 0.8390, IoU: 0.7523
Epoch: 62, Dataset: val, Dice: 0.8515, IoU: 0.7623
2026-09-19 11:10:44.625636 Epoch [063/200], Step [0100/0318], LR: 0.000391, Loss: 0.1875
2026-09-19 11:11:09.436907 Epoch [063/200], Step [0200/0318], LR: 0.000391, Loss: 0.1803
2026-09-19 11:11:33.919215 Epoch [063/200], Step [0300/0318], LR: 0.000391, Loss: 0.1778
2026-09-19 11:11:38.539482 Epoch [063/200], Step [0318/0318], LR: 0.000391, Loss: 0.1794
Epoch: 63, Dataset: test, Dice: 0.8272, IoU: 0.7312
Epoch: 63, Dataset: val, Dice: 0.8282, IoU: 0.7337
2026-09-19 11:12:07.915820 Epoch [064/200], Step [0100/0318], LR: 0.000387, Loss: 0.1760
2026-09-19 11:12:32.749811 Epoch [064/200], Step [0200/0318], LR: 0.000387, Loss: 0.1834
2026-09-19 11:12:56.524613 Epoch [064/200], Step [0300/0318], LR: 0.000387, Loss: 0.1695
2026-09-19 11:13:00.550994 Epoch [064/200], Step [0318/0318], LR: 0.000387, Loss: 0.1711
Epoch: 64, Dataset: test, Dice: 0.8276, IoU: 0.7309
Epoch: 64, Dataset: val, Dice: 0.8491, IoU: 0.7560
2026-09-19 11:13:28.715078 Epoch [065/200], Step [0100/0318], LR: 0.000384, Loss: 0.1721
2026-09-19 11:13:53.004431 Epoch [065/200], Step [0200/0318], LR: 0.000384, Loss: 0.1856
2026-09-19 11:14:16.522560 Epoch [065/200], Step [0300/0318], LR: 0.000384, Loss: 0.1774
2026-09-19 11:14:20.607152 Epoch [065/200], Step [0318/0318], LR: 0.000384, Loss: 0.1773
Epoch: 65, Dataset: test, Dice: 0.8171, IoU: 0.7148
Epoch: 65, Dataset: val, Dice: 0.8476, IoU: 0.7519
2026-09-19 11:14:48.221793 Epoch [066/200], Step [0100/0318], LR: 0.000381, Loss: 0.1659
2026-09-19 11:15:12.027045 Epoch [066/200], Step [0200/0318], LR: 0.000381, Loss: 0.1793
2026-09-19 11:15:35.907005 Epoch [066/200], Step [0300/0318], LR: 0.000381, Loss: 0.1753
2026-09-19 11:15:39.936848 Epoch [066/200], Step [0318/0318], LR: 0.000381, Loss: 0.1769
Epoch: 66, Dataset: test, Dice: 0.8208, IoU: 0.7238
Epoch: 66, Dataset: val, Dice: 0.8331, IoU: 0.7327
2026-09-19 11:16:07.298836 Epoch [067/200], Step [0100/0318], LR: 0.000378, Loss: 0.1808
2026-09-19 11:16:30.824809 Epoch [067/200], Step [0200/0318], LR: 0.000378, Loss: 0.1676
2026-09-19 11:16:54.913609 Epoch [067/200], Step [0300/0318], LR: 0.000378, Loss: 0.1765
2026-09-19 11:16:58.839213 Epoch [067/200], Step [0318/0318], LR: 0.000378, Loss: 0.1767
Epoch: 67, Dataset: test, Dice: 0.6253, IoU: 0.5301
Epoch: 67, Dataset: val, Dice: 0.6679, IoU: 0.5640
2026-09-19 11:17:26.017385 Epoch [068/200], Step [0100/0318], LR: 0.000374, Loss: 0.1757
2026-09-19 11:17:49.705285 Epoch [068/200], Step [0200/0318], LR: 0.000374, Loss: 0.1826
2026-09-19 11:18:14.605897 Epoch [068/200], Step [0300/0318], LR: 0.000374, Loss: 0.1753
2026-09-19 11:18:18.777483 Epoch [068/200], Step [0318/0318], LR: 0.000374, Loss: 0.1805
Epoch: 68, Dataset: test, Dice: 0.8311, IoU: 0.7371
Epoch: 68, Dataset: val, Dice: 0.8448, IoU: 0.7488
2026-09-19 11:18:47.488806 Epoch [069/200], Step [0100/0318], LR: 0.000371, Loss: 0.1738
2026-09-19 11:19:12.541178 Epoch [069/200], Step [0200/0318], LR: 0.000371, Loss: 0.1705
2026-09-19 11:19:37.942580 Epoch [069/200], Step [0300/0318], LR: 0.000371, Loss: 0.1760
2026-09-19 11:19:42.228703 Epoch [069/200], Step [0318/0318], LR: 0.000371, Loss: 0.1836
Epoch: 69, Dataset: test, Dice: 0.8266, IoU: 0.7246
Epoch: 69, Dataset: val, Dice: 0.8248, IoU: 0.7221
2026-09-19 11:20:11.593780 Epoch [070/200], Step [0100/0318], LR: 0.000367, Loss: 0.1769
2026-09-19 11:20:35.770308 Epoch [070/200], Step [0200/0318], LR: 0.000367, Loss: 0.1750
2026-09-19 11:21:00.144932 Epoch [070/200], Step [0300/0318], LR: 0.000367, Loss: 0.1734
2026-09-19 11:21:04.414709 Epoch [070/200], Step [0318/0318], LR: 0.000367, Loss: 0.1694
Epoch: 70, Dataset: test, Dice: 0.8262, IoU: 0.7323
Epoch: 70, Dataset: val, Dice: 0.8508, IoU: 0.7559
2026-09-19 11:21:33.731589 Epoch [071/200], Step [0100/0318], LR: 0.000364, Loss: 0.1657
2026-09-19 11:21:59.946269 Epoch [071/200], Step [0200/0318], LR: 0.000364, Loss: 0.1715
2026-09-19 11:22:26.176329 Epoch [071/200], Step [0300/0318], LR: 0.000364, Loss: 0.1674
2026-09-19 11:22:30.563443 Epoch [071/200], Step [0318/0318], LR: 0.000364, Loss: 0.1635
Epoch: 71, Dataset: test, Dice: 0.8469, IoU: 0.7537
Epoch: 71, Dataset: val, Dice: 0.8475, IoU: 0.7533
2026-09-19 11:23:00.438018 Epoch [072/200], Step [0100/0318], LR: 0.000360, Loss: 0.1705
2026-09-19 11:23:26.035357 Epoch [072/200], Step [0200/0318], LR: 0.000360, Loss: 0.1654
2026-09-19 11:23:51.778952 Epoch [072/200], Step [0300/0318], LR: 0.000360, Loss: 0.1725
2026-09-19 11:23:56.358455 Epoch [072/200], Step [0318/0318], LR: 0.000360, Loss: 0.1714
Epoch: 72, Dataset: test, Dice: 0.8082, IoU: 0.7141
Epoch: 72, Dataset: val, Dice: 0.8532, IoU: 0.7624
2026-09-19 11:24:26.779112 Epoch [073/200], Step [0100/0318], LR: 0.000357, Loss: 0.1610
2026-09-19 11:24:52.902150 Epoch [073/200], Step [0200/0318], LR: 0.000357, Loss: 0.1724
2026-09-19 11:25:18.744164 Epoch [073/200], Step [0300/0318], LR: 0.000357, Loss: 0.1708
2026-09-19 11:25:23.514129 Epoch [073/200], Step [0318/0318], LR: 0.000357, Loss: 0.1721
Epoch: 73, Dataset: test, Dice: 0.8298, IoU: 0.7328
Epoch: 73, Dataset: val, Dice: 0.8392, IoU: 0.7428
2026-09-19 11:25:53.401745 Epoch [074/200], Step [0100/0318], LR: 0.000353, Loss: 0.1683
2026-09-19 11:26:20.461255 Epoch [074/200], Step [0200/0318], LR: 0.000353, Loss: 0.1673
2026-09-19 11:26:46.457367 Epoch [074/200], Step [0300/0318], LR: 0.000353, Loss: 0.1693
2026-09-19 11:26:51.136275 Epoch [074/200], Step [0318/0318], LR: 0.000353, Loss: 0.1650
Epoch: 74, Dataset: test, Dice: 0.8256, IoU: 0.7358
Epoch: 74, Dataset: val, Dice: 0.8543, IoU: 0.7632
2026-09-19 11:27:21.782599 Epoch [075/200], Step [0100/0318], LR: 0.000350, Loss: 0.1708
2026-09-19 11:27:48.216425 Epoch [075/200], Step [0200/0318], LR: 0.000350, Loss: 0.1727
2026-09-19 11:28:15.314257 Epoch [075/200], Step [0300/0318], LR: 0.000350, Loss: 0.1660
2026-09-19 11:28:19.937178 Epoch [075/200], Step [0318/0318], LR: 0.000350, Loss: 0.1721
Epoch: 75, Dataset: test, Dice: 0.7719, IoU: 0.6617
Epoch: 75, Dataset: val, Dice: 0.8242, IoU: 0.7311
2026-09-19 11:28:51.886057 Epoch [076/200], Step [0100/0318], LR: 0.000346, Loss: 0.1705
2026-09-19 11:29:19.416918 Epoch [076/200], Step [0200/0318], LR: 0.000346, Loss: 0.1689
2026-09-19 11:29:48.438185 Epoch [076/200], Step [0300/0318], LR: 0.000346, Loss: 0.1637
2026-09-19 11:29:53.820008 Epoch [076/200], Step [0318/0318], LR: 0.000346, Loss: 0.1705
Epoch: 76, Dataset: test, Dice: 0.8307, IoU: 0.7333
Epoch: 76, Dataset: val, Dice: 0.8406, IoU: 0.7422
2026-09-19 11:30:26.745017 Epoch [077/200], Step [0100/0318], LR: 0.000342, Loss: 0.1636
2026-09-19 11:30:54.740353 Epoch [077/200], Step [0200/0318], LR: 0.000342, Loss: 0.1658
2026-09-19 11:31:22.546527 Epoch [077/200], Step [0300/0318], LR: 0.000342, Loss: 0.1581
2026-09-19 11:31:27.397540 Epoch [077/200], Step [0318/0318], LR: 0.000342, Loss: 0.1572
Epoch: 77, Dataset: test, Dice: 0.8272, IoU: 0.7287
Epoch: 77, Dataset: val, Dice: 0.8270, IoU: 0.7229
2026-09-19 11:31:59.106134 Epoch [078/200], Step [0100/0318], LR: 0.000339, Loss: 0.1664
2026-09-19 11:32:26.469485 Epoch [078/200], Step [0200/0318], LR: 0.000339, Loss: 0.1648
2026-09-19 11:32:54.302918 Epoch [078/200], Step [0300/0318], LR: 0.000339, Loss: 0.1620
2026-09-19 11:32:59.049210 Epoch [078/200], Step [0318/0318], LR: 0.000339, Loss: 0.1682
Epoch: 78, Dataset: test, Dice: 0.8239, IoU: 0.7314
Epoch: 78, Dataset: val, Dice: 0.8299, IoU: 0.7271
2026-09-19 11:33:30.785658 Epoch [079/200], Step [0100/0318], LR: 0.000335, Loss: 0.1629
2026-09-19 11:33:58.183908 Epoch [079/200], Step [0200/0318], LR: 0.000335, Loss: 0.1742
2026-09-19 11:34:25.560626 Epoch [079/200], Step [0300/0318], LR: 0.000335, Loss: 0.1691
2026-09-19 11:34:30.385686 Epoch [079/200], Step [0318/0318], LR: 0.000335, Loss: 0.1720
Epoch: 79, Dataset: test, Dice: 0.7552, IoU: 0.6458
Epoch: 79, Dataset: val, Dice: 0.8000, IoU: 0.7004
2026-09-19 11:35:01.683128 Epoch [080/200], Step [0100/0318], LR: 0.000331, Loss: 0.1679
2026-09-19 11:35:29.217407 Epoch [080/200], Step [0200/0318], LR: 0.000331, Loss: 0.1719
2026-09-19 11:35:55.743656 Epoch [080/200], Step [0300/0318], LR: 0.000331, Loss: 0.1630
2026-09-19 11:36:00.215690 Epoch [080/200], Step [0318/0318], LR: 0.000331, Loss: 0.1606
Epoch: 80, Dataset: test, Dice: 0.8164, IoU: 0.7209
Epoch: 80, Dataset: val, Dice: 0.8443, IoU: 0.7498
2026-09-19 11:36:30.178563 Epoch [081/200], Step [0100/0318], LR: 0.000328, Loss: 0.1652
2026-09-19 11:36:55.877216 Epoch [081/200], Step [0200/0318], LR: 0.000328, Loss: 0.1626
2026-09-19 11:37:21.550550 Epoch [081/200], Step [0300/0318], LR: 0.000328, Loss: 0.1695
2026-09-19 11:37:26.188178 Epoch [081/200], Step [0318/0318], LR: 0.000328, Loss: 0.1752
Epoch: 81, Dataset: test, Dice: 0.8152, IoU: 0.7172
Epoch: 81, Dataset: val, Dice: 0.8300, IoU: 0.7224
2026-09-19 11:37:56.290802 Epoch [082/200], Step [0100/0318], LR: 0.000324, Loss: 0.1610
2026-09-19 11:38:21.775175 Epoch [082/200], Step [0200/0318], LR: 0.000324, Loss: 0.1688
2026-09-19 11:38:47.476353 Epoch [082/200], Step [0300/0318], LR: 0.000324, Loss: 0.1620
2026-09-19 11:38:51.879491 Epoch [082/200], Step [0318/0318], LR: 0.000324, Loss: 0.1659
Epoch: 82, Dataset: test, Dice: 0.8246, IoU: 0.7272
Epoch: 82, Dataset: val, Dice: 0.8506, IoU: 0.7543
2026-09-19 11:39:21.125077 Epoch [083/200], Step [0100/0318], LR: 0.000320, Loss: 0.1593
2026-09-19 11:39:46.128017 Epoch [083/200], Step [0200/0318], LR: 0.000320, Loss: 0.1636
2026-09-19 11:40:11.202490 Epoch [083/200], Step [0300/0318], LR: 0.000320, Loss: 0.1653
2026-09-19 11:40:15.620377 Epoch [083/200], Step [0318/0318], LR: 0.000320, Loss: 0.1683
Epoch: 83, Dataset: test, Dice: 0.8268, IoU: 0.7269
Epoch: 83, Dataset: val, Dice: 0.8269, IoU: 0.7249
2026-09-19 11:40:44.654053 Epoch [084/200], Step [0100/0318], LR: 0.000316, Loss: 0.1608
2026-09-19 11:41:10.451780 Epoch [084/200], Step [0200/0318], LR: 0.000316, Loss: 0.1697
2026-09-19 11:41:35.863716 Epoch [084/200], Step [0300/0318], LR: 0.000316, Loss: 0.1614
2026-09-19 11:41:40.154824 Epoch [084/200], Step [0318/0318], LR: 0.000316, Loss: 0.1690
Epoch: 84, Dataset: test, Dice: 0.7931, IoU: 0.6868
Epoch: 84, Dataset: val, Dice: 0.8160, IoU: 0.7214
2026-09-19 11:42:09.176310 Epoch [085/200], Step [0100/0318], LR: 0.000313, Loss: 0.1588
2026-09-19 11:42:33.958262 Epoch [085/200], Step [0200/0318], LR: 0.000313, Loss: 0.1581
2026-09-19 11:42:59.237915 Epoch [085/200], Step [0300/0318], LR: 0.000313, Loss: 0.1640
2026-09-19 11:43:03.565779 Epoch [085/200], Step [0318/0318], LR: 0.000313, Loss: 0.1643
Epoch: 85, Dataset: test, Dice: 0.8367, IoU: 0.7413
Epoch: 85, Dataset: val, Dice: 0.8210, IoU: 0.7143
2026-09-19 11:43:31.571795 Epoch [086/200], Step [0100/0318], LR: 0.000309, Loss: 0.1568
2026-09-19 11:43:55.979083 Epoch [086/200], Step [0200/0318], LR: 0.000309, Loss: 0.1653
2026-09-19 11:44:20.972730 Epoch [086/200], Step [0300/0318], LR: 0.000309, Loss: 0.1568
2026-09-19 11:44:25.363187 Epoch [086/200], Step [0318/0318], LR: 0.000309, Loss: 0.1604
Epoch: 86, Dataset: test, Dice: 0.8260, IoU: 0.7249
Epoch: 86, Dataset: val, Dice: 0.8319, IoU: 0.7315
2026-09-19 11:44:53.139918 Epoch [087/200], Step [0100/0318], LR: 0.000305, Loss: 0.1638
2026-09-19 11:45:16.951753 Epoch [087/200], Step [0200/0318], LR: 0.000305, Loss: 0.1643
2026-09-19 11:45:41.355875 Epoch [087/200], Step [0300/0318], LR: 0.000305, Loss: 0.1636
2026-09-19 11:45:45.228539 Epoch [087/200], Step [0318/0318], LR: 0.000305, Loss: 0.1654
Epoch: 87, Dataset: test, Dice: 0.4836, IoU: 0.3660
Epoch: 87, Dataset: val, Dice: 0.6342, IoU: 0.5106
2026-09-19 11:46:12.169010 Epoch [088/200], Step [0100/0318], LR: 0.000301, Loss: 0.1556
2026-09-19 11:46:35.447295 Epoch [088/200], Step [0200/0318], LR: 0.000301, Loss: 0.1535
2026-09-19 11:46:59.587947 Epoch [088/200], Step [0300/0318], LR: 0.000301, Loss: 0.1690
2026-09-19 11:47:03.482193 Epoch [088/200], Step [0318/0318], LR: 0.000301, Loss: 0.1703
Epoch: 88, Dataset: test, Dice: 0.7666, IoU: 0.6518
Epoch: 88, Dataset: val, Dice: 0.8096, IoU: 0.7135
2026-09-19 11:47:31.005450 Epoch [089/200], Step [0100/0318], LR: 0.000297, Loss: 0.1638
2026-09-19 11:47:55.127351 Epoch [089/200], Step [0200/0318], LR: 0.000297, Loss: 0.1550
2026-09-19 11:48:19.964527 Epoch [089/200], Step [0300/0318], LR: 0.000297, Loss: 0.1644
2026-09-19 11:48:24.258702 Epoch [089/200], Step [0318/0318], LR: 0.000297, Loss: 0.1671
Epoch: 89, Dataset: test, Dice: 0.7285, IoU: 0.6158
Epoch: 89, Dataset: val, Dice: 0.7913, IoU: 0.6941
2026-09-19 11:48:51.687357 Epoch [090/200], Step [0100/0318], LR: 0.000293, Loss: 0.1566
2026-09-19 11:49:16.311910 Epoch [090/200], Step [0200/0318], LR: 0.000293, Loss: 0.1589
2026-09-19 11:49:41.464103 Epoch [090/200], Step [0300/0318], LR: 0.000293, Loss: 0.1597
2026-09-19 11:49:45.540158 Epoch [090/200], Step [0318/0318], LR: 0.000293, Loss: 0.1616
Epoch: 90, Dataset: test, Dice: 0.8159, IoU: 0.7120
Epoch: 90, Dataset: val, Dice: 0.8197, IoU: 0.7192
2026-09-19 11:50:13.365544 Epoch [091/200], Step [0100/0318], LR: 0.000290, Loss: 0.1605
2026-09-19 11:50:37.790911 Epoch [091/200], Step [0200/0318], LR: 0.000290, Loss: 0.1585
2026-09-19 11:51:02.373037 Epoch [091/200], Step [0300/0318], LR: 0.000290, Loss: 0.1542
2026-09-19 11:51:06.542929 Epoch [091/200], Step [0318/0318], LR: 0.000290, Loss: 0.1614
Epoch: 91, Dataset: test, Dice: 0.8245, IoU: 0.7279
Epoch: 91, Dataset: val, Dice: 0.8510, IoU: 0.7529
2026-09-19 11:51:35.255970 Epoch [092/200], Step [0100/0318], LR: 0.000286, Loss: 0.1555
2026-09-19 11:51:59.623056 Epoch [092/200], Step [0200/0318], LR: 0.000286, Loss: 0.1651
2026-09-19 11:52:24.160088 Epoch [092/200], Step [0300/0318], LR: 0.000286, Loss: 0.1552
2026-09-19 11:52:28.375142 Epoch [092/200], Step [0318/0318], LR: 0.000286, Loss: 0.1568
Epoch: 92, Dataset: test, Dice: 0.8145, IoU: 0.7169
Epoch: 92, Dataset: val, Dice: 0.8235, IoU: 0.7230
2026-09-19 11:52:57.544748 Epoch [093/200], Step [0100/0318], LR: 0.000282, Loss: 0.1613
2026-09-19 11:53:21.698079 Epoch [093/200], Step [0200/0318], LR: 0.000282, Loss: 0.1595
2026-09-19 11:53:46.138065 Epoch [093/200], Step [0300/0318], LR: 0.000282, Loss: 0.1600
2026-09-19 11:53:50.307649 Epoch [093/200], Step [0318/0318], LR: 0.000282, Loss: 0.1597
Epoch: 93, Dataset: test, Dice: 0.7646, IoU: 0.6542
Epoch: 93, Dataset: val, Dice: 0.8093, IoU: 0.7165
2026-09-19 11:54:18.834384 Epoch [094/200], Step [0100/0318], LR: 0.000278, Loss: 0.1540
2026-09-19 11:54:44.826196 Epoch [094/200], Step [0200/0318], LR: 0.000278, Loss: 0.1628
2026-09-19 11:55:10.068056 Epoch [094/200], Step [0300/0318], LR: 0.000278, Loss: 0.1616
2026-09-19 11:55:14.459143 Epoch [094/200], Step [0318/0318], LR: 0.000278, Loss: 0.1706
Epoch: 94, Dataset: test, Dice: 0.8225, IoU: 0.7232
Epoch: 94, Dataset: val, Dice: 0.8291, IoU: 0.7296
2026-09-19 11:55:42.914051 Epoch [095/200], Step [0100/0318], LR: 0.000274, Loss: 0.1584
2026-09-19 11:56:08.120963 Epoch [095/200], Step [0200/0318], LR: 0.000274, Loss: 0.1586
2026-09-19 11:56:32.855118 Epoch [095/200], Step [0300/0318], LR: 0.000274, Loss: 0.1577
2026-09-19 11:56:37.064976 Epoch [095/200], Step [0318/0318], LR: 0.000274, Loss: 0.1597
Epoch: 95, Dataset: test, Dice: 0.8299, IoU: 0.7375
Epoch: 95, Dataset: val, Dice: 0.8520, IoU: 0.7577
2026-09-19 11:57:05.665956 Epoch [096/200], Step [0100/0318], LR: 0.000270, Loss: 0.1566
2026-09-19 11:57:31.085101 Epoch [096/200], Step [0200/0318], LR: 0.000270, Loss: 0.1563
2026-09-19 11:57:55.976623 Epoch [096/200], Step [0300/0318], LR: 0.000270, Loss: 0.1592
2026-09-19 11:58:00.256609 Epoch [096/200], Step [0318/0318], LR: 0.000270, Loss: 0.1616
Epoch: 96, Dataset: test, Dice: 0.8321, IoU: 0.7366
Epoch: 96, Dataset: val, Dice: 0.8366, IoU: 0.7339
2026-09-19 11:58:29.306275 Epoch [097/200], Step [0100/0318], LR: 0.000266, Loss: 0.1573
2026-09-19 11:58:53.143230 Epoch [097/200], Step [0200/0318], LR: 0.000266, Loss: 0.1617
2026-09-19 11:59:17.203253 Epoch [097/200], Step [0300/0318], LR: 0.000266, Loss: 0.1572
2026-09-19 11:59:21.599611 Epoch [097/200], Step [0318/0318], LR: 0.000266, Loss: 0.1553
Epoch: 97, Dataset: test, Dice: 0.7527, IoU: 0.6426
Epoch: 97, Dataset: val, Dice: 0.8178, IoU: 0.7226
2026-09-19 11:59:49.374075 Epoch [098/200], Step [0100/0318], LR: 0.000262, Loss: 0.1552
2026-09-19 12:00:13.408407 Epoch [098/200], Step [0200/0318], LR: 0.000262, Loss: 0.1577
2026-09-19 12:00:37.753897 Epoch [098/200], Step [0300/0318], LR: 0.000262, Loss: 0.1612
2026-09-19 12:00:41.866170 Epoch [098/200], Step [0318/0318], LR: 0.000262, Loss: 0.1606
Epoch: 98, Dataset: test, Dice: 0.8364, IoU: 0.7448
Epoch: 98, Dataset: val, Dice: 0.8456, IoU: 0.7489
2026-09-19 12:01:09.988914 Epoch [099/200], Step [0100/0318], LR: 0.000258, Loss: 0.1581
2026-09-19 12:01:35.598965 Epoch [099/200], Step [0200/0318], LR: 0.000258, Loss: 0.1540
2026-09-19 12:01:59.765800 Epoch [099/200], Step [0300/0318], LR: 0.000258, Loss: 0.1606
2026-09-19 12:02:04.037024 Epoch [099/200], Step [0318/0318], LR: 0.000258, Loss: 0.1542
Epoch: 99, Dataset: test, Dice: 0.8336, IoU: 0.7388
Epoch: 99, Dataset: val, Dice: 0.8380, IoU: 0.7412
2026-09-19 12:02:32.513724 Epoch [100/200], Step [0100/0318], LR: 0.000254, Loss: 0.1486
2026-09-19 12:02:57.629678 Epoch [100/200], Step [0200/0318], LR: 0.000254, Loss: 0.1563
2026-09-19 12:03:22.662213 Epoch [100/200], Step [0300/0318], LR: 0.000254, Loss: 0.1582
2026-09-19 12:03:27.148175 Epoch [100/200], Step [0318/0318], LR: 0.000254, Loss: 0.1570
Epoch: 100, Dataset: test, Dice: 0.8192, IoU: 0.7189
Epoch: 100, Dataset: val, Dice: 0.8399, IoU: 0.7399
2026-09-19 12:03:56.045987 Epoch [101/200], Step [0100/0318], LR: 0.000250, Loss: 0.1483
2026-09-19 12:04:20.456048 Epoch [101/200], Step [0200/0318], LR: 0.000250, Loss: 0.1522
2026-09-19 12:04:45.413948 Epoch [101/200], Step [0300/0318], LR: 0.000250, Loss: 0.1604
2026-09-19 12:04:49.625945 Epoch [101/200], Step [0318/0318], LR: 0.000250, Loss: 0.1668
Epoch: 101, Dataset: test, Dice: 0.8221, IoU: 0.7215
Epoch: 101, Dataset: val, Dice: 0.8029, IoU: 0.6971
2026-09-19 12:05:18.565842 Epoch [102/200], Step [0100/0318], LR: 0.000247, Loss: 0.1567
2026-09-19 12:05:43.980863 Epoch [102/200], Step [0200/0318], LR: 0.000247, Loss: 0.1474
2026-09-19 12:06:09.416368 Epoch [102/200], Step [0300/0318], LR: 0.000247, Loss: 0.1551
2026-09-19 12:06:13.709291 Epoch [102/200], Step [0318/0318], LR: 0.000247, Loss: 0.1592
Epoch: 102, Dataset: test, Dice: 0.8380, IoU: 0.7451
Epoch: 102, Dataset: val, Dice: 0.8456, IoU: 0.7479
2026-09-19 12:06:42.547207 Epoch [103/200], Step [0100/0318], LR: 0.000243, Loss: 0.1500
2026-09-19 12:07:07.578093 Epoch [103/200], Step [0200/0318], LR: 0.000243, Loss: 0.1529
2026-09-19 12:07:33.300575 Epoch [103/200], Step [0300/0318], LR: 0.000243, Loss: 0.1585
2026-09-19 12:07:37.763407 Epoch [103/200], Step [0318/0318], LR: 0.000243, Loss: 0.1619
Epoch: 103, Dataset: test, Dice: 0.6562, IoU: 0.5453
Epoch: 103, Dataset: val, Dice: 0.7564, IoU: 0.6583
2026-09-19 12:08:07.666365 Epoch [104/200], Step [0100/0318], LR: 0.000239, Loss: 0.1571
2026-09-19 12:08:32.805356 Epoch [104/200], Step [0200/0318], LR: 0.000239, Loss: 0.1522
2026-09-19 12:08:58.706438 Epoch [104/200], Step [0300/0318], LR: 0.000239, Loss: 0.1543
2026-09-19 12:09:03.076450 Epoch [104/200], Step [0318/0318], LR: 0.000239, Loss: 0.1493
Epoch: 104, Dataset: test, Dice: 0.8421, IoU: 0.7533
Epoch: 104, Dataset: val, Dice: 0.8476, IoU: 0.7498
2026-09-19 12:09:32.954321 Epoch [105/200], Step [0100/0318], LR: 0.000235, Loss: 0.1505
2026-09-19 12:09:59.283486 Epoch [105/200], Step [0200/0318], LR: 0.000235, Loss: 0.1582
2026-09-19 12:10:25.105506 Epoch [105/200], Step [0300/0318], LR: 0.000235, Loss: 0.1549
2026-09-19 12:10:29.814615 Epoch [105/200], Step [0318/0318], LR: 0.000235, Loss: 0.1627
Epoch: 105, Dataset: test, Dice: 0.7892, IoU: 0.6808
Epoch: 105, Dataset: val, Dice: 0.8188, IoU: 0.7190
2026-09-19 12:10:59.767285 Epoch [106/200], Step [0100/0318], LR: 0.000231, Loss: 0.1559
2026-09-19 12:11:25.383234 Epoch [106/200], Step [0200/0318], LR: 0.000231, Loss: 0.1510
2026-09-19 12:11:50.931802 Epoch [106/200], Step [0300/0318], LR: 0.000231, Loss: 0.1539
2026-09-19 12:11:55.396314 Epoch [106/200], Step [0318/0318], LR: 0.000231, Loss: 0.1508
Epoch: 106, Dataset: test, Dice: 0.8207, IoU: 0.7220
Epoch: 106, Dataset: val, Dice: 0.8275, IoU: 0.7264
2026-09-19 12:12:23.956421 Epoch [107/200], Step [0100/0318], LR: 0.000227, Loss: 0.1587
2026-09-19 12:12:49.500788 Epoch [107/200], Step [0200/0318], LR: 0.000227, Loss: 0.1486
2026-09-19 12:13:14.512870 Epoch [107/200], Step [0300/0318], LR: 0.000227, Loss: 0.1485
2026-09-19 12:13:19.396277 Epoch [107/200], Step [0318/0318], LR: 0.000227, Loss: 0.1524
Epoch: 107, Dataset: test, Dice: 0.8131, IoU: 0.7146
Epoch: 107, Dataset: val, Dice: 0.8273, IoU: 0.7273
2026-09-19 12:13:49.112827 Epoch [108/200], Step [0100/0318], LR: 0.000223, Loss: 0.1492
2026-09-19 12:14:14.914690 Epoch [108/200], Step [0200/0318], LR: 0.000223, Loss: 0.1558
2026-09-19 12:14:40.236837 Epoch [108/200], Step [0300/0318], LR: 0.000223, Loss: 0.1497
2026-09-19 12:14:44.772978 Epoch [108/200], Step [0318/0318], LR: 0.000223, Loss: 0.1505
Epoch: 108, Dataset: test, Dice: 0.8368, IoU: 0.7430
Epoch: 108, Dataset: val, Dice: 0.8517, IoU: 0.7588
2026-09-19 12:15:15.038868 Epoch [109/200], Step [0100/0318], LR: 0.000219, Loss: 0.1556
2026-09-19 12:15:41.172313 Epoch [109/200], Step [0200/0318], LR: 0.000219, Loss: 0.1562
2026-09-19 12:16:08.328719 Epoch [109/200], Step [0300/0318], LR: 0.000219, Loss: 0.1524
2026-09-19 12:16:13.086768 Epoch [109/200], Step [0318/0318], LR: 0.000219, Loss: 0.1543
Epoch: 109, Dataset: test, Dice: 0.8146, IoU: 0.7098
Epoch: 109, Dataset: val, Dice: 0.8136, IoU: 0.7074
2026-09-19 12:16:43.157818 Epoch [110/200], Step [0100/0318], LR: 0.000215, Loss: 0.1540
2026-09-19 12:17:09.177618 Epoch [110/200], Step [0200/0318], LR: 0.000215, Loss: 0.1518
2026-09-19 12:17:35.853896 Epoch [110/200], Step [0300/0318], LR: 0.000215, Loss: 0.1530
2026-09-19 12:17:40.345055 Epoch [110/200], Step [0318/0318], LR: 0.000215, Loss: 0.1535
Epoch: 110, Dataset: test, Dice: 0.8425, IoU: 0.7520
Epoch: 110, Dataset: val, Dice: 0.8457, IoU: 0.7476
2026-09-19 12:18:11.007288 Epoch [111/200], Step [0100/0318], LR: 0.000211, Loss: 0.1522
2026-09-19 12:18:36.311993 Epoch [111/200], Step [0200/0318], LR: 0.000211, Loss: 0.1473
2026-09-19 12:19:02.024108 Epoch [111/200], Step [0300/0318], LR: 0.000211, Loss: 0.1464
2026-09-19 12:19:06.301172 Epoch [111/200], Step [0318/0318], LR: 0.000211, Loss: 0.1571
Epoch: 111, Dataset: test, Dice: 0.8333, IoU: 0.7400
Epoch: 111, Dataset: val, Dice: 0.8410, IoU: 0.7395
2026-09-19 12:19:36.305588 Epoch [112/200], Step [0100/0318], LR: 0.000208, Loss: 0.1537
2026-09-19 12:20:02.684809 Epoch [112/200], Step [0200/0318], LR: 0.000208, Loss: 0.1498
2026-09-19 12:20:29.794250 Epoch [112/200], Step [0300/0318], LR: 0.000208, Loss: 0.1516
2026-09-19 12:20:34.466578 Epoch [112/200], Step [0318/0318], LR: 0.000208, Loss: 0.1571
Epoch: 112, Dataset: test, Dice: 0.7101, IoU: 0.6005
Epoch: 112, Dataset: val, Dice: 0.7899, IoU: 0.6917
2026-09-19 12:21:05.933572 Epoch [113/200], Step [0100/0318], LR: 0.000204, Loss: 0.1509
2026-09-19 12:21:32.863205 Epoch [113/200], Step [0200/0318], LR: 0.000204, Loss: 0.1529
2026-09-19 12:22:00.090557 Epoch [113/200], Step [0300/0318], LR: 0.000204, Loss: 0.1489
2026-09-19 12:22:04.892639 Epoch [113/200], Step [0318/0318], LR: 0.000204, Loss: 0.1541
Epoch: 113, Dataset: test, Dice: 0.8128, IoU: 0.7107
Epoch: 113, Dataset: val, Dice: 0.8310, IoU: 0.7319
2026-09-19 12:22:35.942915 Epoch [114/200], Step [0100/0318], LR: 0.000200, Loss: 0.1526
2026-09-19 12:23:02.787126 Epoch [114/200], Step [0200/0318], LR: 0.000200, Loss: 0.1525
2026-09-19 12:23:29.258727 Epoch [114/200], Step [0300/0318], LR: 0.000200, Loss: 0.1532
2026-09-19 12:23:33.721358 Epoch [114/200], Step [0318/0318], LR: 0.000200, Loss: 0.1555
Epoch: 114, Dataset: test, Dice: 0.8326, IoU: 0.7395
Epoch: 114, Dataset: val, Dice: 0.8512, IoU: 0.7565
2026-09-19 12:24:03.971195 Epoch [115/200], Step [0100/0318], LR: 0.000196, Loss: 0.1471
2026-09-19 12:24:29.466477 Epoch [115/200], Step [0200/0318], LR: 0.000196, Loss: 0.1519
2026-09-19 12:24:55.427251 Epoch [115/200], Step [0300/0318], LR: 0.000196, Loss: 0.1543
2026-09-19 12:24:59.681569 Epoch [115/200], Step [0318/0318], LR: 0.000196, Loss: 0.1545
Epoch: 115, Dataset: test, Dice: 0.8264, IoU: 0.7273
Epoch: 115, Dataset: val, Dice: 0.8313, IoU: 0.7293
2026-09-19 12:25:28.436825 Epoch [116/200], Step [0100/0318], LR: 0.000192, Loss: 0.1561
2026-09-19 12:25:53.252004 Epoch [116/200], Step [0200/0318], LR: 0.000192, Loss: 0.1565
2026-09-19 12:26:18.293276 Epoch [116/200], Step [0300/0318], LR: 0.000192, Loss: 0.1460
2026-09-19 12:26:22.737973 Epoch [116/200], Step [0318/0318], LR: 0.000192, Loss: 0.1469
Epoch: 116, Dataset: test, Dice: 0.8268, IoU: 0.7294
Epoch: 116, Dataset: val, Dice: 0.8473, IoU: 0.7533
2026-09-19 12:26:51.381509 Epoch [117/200], Step [0100/0318], LR: 0.000188, Loss: 0.1500
2026-09-19 12:27:16.334378 Epoch [117/200], Step [0200/0318], LR: 0.000188, Loss: 0.1455
2026-09-19 12:27:40.931374 Epoch [117/200], Step [0300/0318], LR: 0.000188, Loss: 0.1538
2026-09-19 12:27:45.281946 Epoch [117/200], Step [0318/0318], LR: 0.000188, Loss: 0.1497
Epoch: 117, Dataset: test, Dice: 0.8066, IoU: 0.7046
Epoch: 117, Dataset: val, Dice: 0.8277, IoU: 0.7264
2026-09-19 12:28:14.215747 Epoch [118/200], Step [0100/0318], LR: 0.000185, Loss: 0.1505
2026-09-19 12:28:39.009021 Epoch [118/200], Step [0200/0318], LR: 0.000185, Loss: 0.1481
2026-09-19 12:29:03.832371 Epoch [118/200], Step [0300/0318], LR: 0.000185, Loss: 0.1589
2026-09-19 12:29:08.350191 Epoch [118/200], Step [0318/0318], LR: 0.000185, Loss: 0.1566
Epoch: 118, Dataset: test, Dice: 0.8161, IoU: 0.7116
Epoch: 118, Dataset: val, Dice: 0.8267, IoU: 0.7230
2026-09-19 12:29:36.670006 Epoch [119/200], Step [0100/0318], LR: 0.000181, Loss: 0.1461
2026-09-19 12:30:01.357415 Epoch [119/200], Step [0200/0318], LR: 0.000181, Loss: 0.1415
2026-09-19 12:30:25.533236 Epoch [119/200], Step [0300/0318], LR: 0.000181, Loss: 0.1542
2026-09-19 12:30:29.649281 Epoch [119/200], Step [0318/0318], LR: 0.000181, Loss: 0.1474
Epoch: 119, Dataset: test, Dice: 0.8333, IoU: 0.7431
Epoch: 119, Dataset: val, Dice: 0.8404, IoU: 0.7396
2026-09-19 12:30:57.438707 Epoch [120/200], Step [0100/0318], LR: 0.000177, Loss: 0.1555
2026-09-19 12:31:22.029177 Epoch [120/200], Step [0200/0318], LR: 0.000177, Loss: 0.1535
2026-09-19 12:31:46.594939 Epoch [120/200], Step [0300/0318], LR: 0.000177, Loss: 0.1435
2026-09-19 12:31:50.901531 Epoch [120/200], Step [0318/0318], LR: 0.000177, Loss: 0.1442
Epoch: 120, Dataset: test, Dice: 0.8175, IoU: 0.7142
Epoch: 120, Dataset: val, Dice: 0.8245, IoU: 0.7230
2026-09-19 12:32:19.141864 Epoch [121/200], Step [0100/0318], LR: 0.000173, Loss: 0.1453
2026-09-19 12:32:43.428741 Epoch [121/200], Step [0200/0318], LR: 0.000173, Loss: 0.1502
2026-09-19 12:33:07.573765 Epoch [121/200], Step [0300/0318], LR: 0.000173, Loss: 0.1459
2026-09-19 12:33:11.696545 Epoch [121/200], Step [0318/0318], LR: 0.000173, Loss: 0.1466
Epoch: 121, Dataset: test, Dice: 0.8399, IoU: 0.7522
Epoch: 121, Dataset: val, Dice: 0.8468, IoU: 0.7506
2026-09-19 12:33:39.914232 Epoch [122/200], Step [0100/0318], LR: 0.000170, Loss: 0.1502
2026-09-19 12:34:04.373275 Epoch [122/200], Step [0200/0318], LR: 0.000170, Loss: 0.1413
2026-09-19 12:34:28.842495 Epoch [122/200], Step [0300/0318], LR: 0.000170, Loss: 0.1497
2026-09-19 12:34:33.046503 Epoch [122/200], Step [0318/0318], LR: 0.000170, Loss: 0.1481
Epoch: 122, Dataset: test, Dice: 0.8144, IoU: 0.7110
Epoch: 122, Dataset: val, Dice: 0.8307, IoU: 0.7274
2026-09-19 12:35:01.220653 Epoch [123/200], Step [0100/0318], LR: 0.000166, Loss: 0.1457
2026-09-19 12:35:25.502773 Epoch [123/200], Step [0200/0318], LR: 0.000166, Loss: 0.1468
2026-09-19 12:35:49.752788 Epoch [123/200], Step [0300/0318], LR: 0.000166, Loss: 0.1457
2026-09-19 12:35:54.147451 Epoch [123/200], Step [0318/0318], LR: 0.000166, Loss: 0.1508
Epoch: 123, Dataset: test, Dice: 0.7495, IoU: 0.6368
Epoch: 123, Dataset: val, Dice: 0.8168, IoU: 0.7199
2026-09-19 12:36:21.931683 Epoch [124/200], Step [0100/0318], LR: 0.000162, Loss: 0.1517
2026-09-19 12:36:46.386259 Epoch [124/200], Step [0200/0318], LR: 0.000162, Loss: 0.1473
2026-09-19 12:37:11.592384 Epoch [124/200], Step [0300/0318], LR: 0.000162, Loss: 0.1420
2026-09-19 12:37:15.954195 Epoch [124/200], Step [0318/0318], LR: 0.000162, Loss: 0.1469
Epoch: 124, Dataset: test, Dice: 0.8193, IoU: 0.7156
Epoch: 124, Dataset: val, Dice: 0.8118, IoU: 0.7079
2026-09-19 12:37:44.753419 Epoch [125/200], Step [0100/0318], LR: 0.000159, Loss: 0.1499
2026-09-19 12:38:09.533025 Epoch [125/200], Step [0200/0318], LR: 0.000159, Loss: 0.1465
2026-09-19 12:38:33.775926 Epoch [125/200], Step [0300/0318], LR: 0.000159, Loss: 0.1485
2026-09-19 12:38:37.961427 Epoch [125/200], Step [0318/0318], LR: 0.000159, Loss: 0.1441
Epoch: 125, Dataset: test, Dice: 0.8222, IoU: 0.7194
Epoch: 125, Dataset: val, Dice: 0.8337, IoU: 0.7330
2026-09-19 12:39:06.617619 Epoch [126/200], Step [0100/0318], LR: 0.000155, Loss: 0.1458
2026-09-19 12:39:32.007175 Epoch [126/200], Step [0200/0318], LR: 0.000155, Loss: 0.1502
2026-09-19 12:39:57.716790 Epoch [126/200], Step [0300/0318], LR: 0.000155, Loss: 0.1436
2026-09-19 12:40:02.337216 Epoch [126/200], Step [0318/0318], LR: 0.000155, Loss: 0.1457
Epoch: 126, Dataset: test, Dice: 0.8237, IoU: 0.7240
Epoch: 126, Dataset: val, Dice: 0.8136, IoU: 0.7103
2026-09-19 12:40:32.148026 Epoch [127/200], Step [0100/0318], LR: 0.000151, Loss: 0.1452
2026-09-19 12:40:57.214040 Epoch [127/200], Step [0200/0318], LR: 0.000151, Loss: 0.1469
2026-09-19 12:41:22.278793 Epoch [127/200], Step [0300/0318], LR: 0.000151, Loss: 0.1484
2026-09-19 12:41:26.583144 Epoch [127/200], Step [0318/0318], LR: 0.000151, Loss: 0.1443
Epoch: 127, Dataset: test, Dice: 0.8283, IoU: 0.7284
Epoch: 127, Dataset: val, Dice: 0.8375, IoU: 0.7363
2026-09-19 12:41:55.123124 Epoch [128/200], Step [0100/0318], LR: 0.000148, Loss: 0.1463
2026-09-19 12:42:20.582745 Epoch [128/200], Step [0200/0318], LR: 0.000148, Loss: 0.1382
2026-09-19 12:42:47.023357 Epoch [128/200], Step [0300/0318], LR: 0.000148, Loss: 0.1424
2026-09-19 12:42:51.734956 Epoch [128/200], Step [0318/0318], LR: 0.000148, Loss: 0.1426
Epoch: 128, Dataset: test, Dice: 0.8418, IoU: 0.7527
Epoch: 128, Dataset: val, Dice: 0.8438, IoU: 0.7459
2026-09-19 12:43:20.312912 Epoch [129/200], Step [0100/0318], LR: 0.000144, Loss: 0.1415
2026-09-19 12:43:45.808274 Epoch [129/200], Step [0200/0318], LR: 0.000144, Loss: 0.1471
2026-09-19 12:44:09.548476 Epoch [129/200], Step [0300/0318], LR: 0.000144, Loss: 0.1475
2026-09-19 12:44:14.091564 Epoch [129/200], Step [0318/0318], LR: 0.000144, Loss: 0.1442
Epoch: 129, Dataset: test, Dice: 0.8311, IoU: 0.7338
Epoch: 129, Dataset: val, Dice: 0.8171, IoU: 0.7129
2026-09-19 12:44:43.326212 Epoch [130/200], Step [0100/0318], LR: 0.000141, Loss: 0.1471
2026-09-19 12:45:08.417761 Epoch [130/200], Step [0200/0318], LR: 0.000141, Loss: 0.1456
2026-09-19 12:45:34.810372 Epoch [130/200], Step [0300/0318], LR: 0.000141, Loss: 0.1411
2026-09-19 12:45:39.024236 Epoch [130/200], Step [0318/0318], LR: 0.000141, Loss: 0.1453
Epoch: 130, Dataset: test, Dice: 0.8193, IoU: 0.7188
Epoch: 130, Dataset: val, Dice: 0.8219, IoU: 0.7173
2026-09-19 12:46:07.424451 Epoch [131/200], Step [0100/0318], LR: 0.000137, Loss: 0.1458
2026-09-19 12:46:31.169320 Epoch [131/200], Step [0200/0318], LR: 0.000137, Loss: 0.1459
2026-09-19 12:46:55.056441 Epoch [131/200], Step [0300/0318], LR: 0.000137, Loss: 0.1483
2026-09-19 12:46:59.101360 Epoch [131/200], Step [0318/0318], LR: 0.000137, Loss: 0.1402
Epoch: 131, Dataset: test, Dice: 0.8327, IoU: 0.7455
Epoch: 131, Dataset: val, Dice: 0.8372, IoU: 0.7364
2026-09-19 12:47:26.204378 Epoch [132/200], Step [0100/0318], LR: 0.000134, Loss: 0.1433
2026-09-19 12:47:49.671762 Epoch [132/200], Step [0200/0318], LR: 0.000134, Loss: 0.1432
2026-09-19 12:48:14.275851 Epoch [132/200], Step [0300/0318], LR: 0.000134, Loss: 0.1440
2026-09-19 12:48:18.432876 Epoch [132/200], Step [0318/0318], LR: 0.000134, Loss: 0.1443
Epoch: 132, Dataset: test, Dice: 0.8299, IoU: 0.7358
Epoch: 132, Dataset: val, Dice: 0.8481, IoU: 0.7515
2026-09-19 12:48:46.634238 Epoch [133/200], Step [0100/0318], LR: 0.000130, Loss: 0.1458
2026-09-19 12:49:11.439546 Epoch [133/200], Step [0200/0318], LR: 0.000130, Loss: 0.1460
2026-09-19 12:49:36.499171 Epoch [133/200], Step [0300/0318], LR: 0.000130, Loss: 0.1428
2026-09-19 12:49:41.153929 Epoch [133/200], Step [0318/0318], LR: 0.000130, Loss: 0.1458
Epoch: 133, Dataset: test, Dice: 0.8327, IoU: 0.7353
Epoch: 133, Dataset: val, Dice: 0.8233, IoU: 0.7221
2026-09-19 12:50:12.217432 Epoch [134/200], Step [0100/0318], LR: 0.000127, Loss: 0.1452
2026-09-19 12:50:35.696431 Epoch [134/200], Step [0200/0318], LR: 0.000127, Loss: 0.1415
2026-09-19 12:51:00.973732 Epoch [134/200], Step [0300/0318], LR: 0.000127, Loss: 0.1446
2026-09-19 12:51:05.291583 Epoch [134/200], Step [0318/0318], LR: 0.000127, Loss: 0.1465
Epoch: 134, Dataset: test, Dice: 0.7803, IoU: 0.6705
Epoch: 134, Dataset: val, Dice: 0.8160, IoU: 0.7189
2026-09-19 12:51:32.670904 Epoch [135/200], Step [0100/0318], LR: 0.000123, Loss: 0.1474
2026-09-19 12:51:56.045625 Epoch [135/200], Step [0200/0318], LR: 0.000123, Loss: 0.1426
2026-09-19 12:52:20.062191 Epoch [135/200], Step [0300/0318], LR: 0.000123, Loss: 0.1513
2026-09-19 12:52:24.104896 Epoch [135/200], Step [0318/0318], LR: 0.000123, Loss: 0.1522
Epoch: 135, Dataset: test, Dice: 0.7994, IoU: 0.6915
Epoch: 135, Dataset: val, Dice: 0.8219, IoU: 0.7219
2026-09-19 12:52:52.034072 Epoch [136/200], Step [0100/0318], LR: 0.000120, Loss: 0.1416
2026-09-19 12:53:15.458710 Epoch [136/200], Step [0200/0318], LR: 0.000120, Loss: 0.1485
2026-09-19 12:53:42.050559 Epoch [136/200], Step [0300/0318], LR: 0.000120, Loss: 0.1403
2026-09-19 12:53:46.284518 Epoch [136/200], Step [0318/0318], LR: 0.000120, Loss: 0.1393
Epoch: 136, Dataset: test, Dice: 0.8405, IoU: 0.7503
Epoch: 136, Dataset: val, Dice: 0.8454, IoU: 0.7469
2026-09-19 12:54:14.681621 Epoch [137/200], Step [0100/0318], LR: 0.000117, Loss: 0.1470
2026-09-19 12:54:39.979774 Epoch [137/200], Step [0200/0318], LR: 0.000117, Loss: 0.1383
2026-09-19 12:55:04.531905 Epoch [137/200], Step [0300/0318], LR: 0.000117, Loss: 0.1437
2026-09-19 12:55:08.666631 Epoch [137/200], Step [0318/0318], LR: 0.000117, Loss: 0.1389
Epoch: 137, Dataset: test, Dice: 0.8304, IoU: 0.7388
Epoch: 137, Dataset: val, Dice: 0.8410, IoU: 0.7395
2026-09-19 12:55:37.327543 Epoch [138/200], Step [0100/0318], LR: 0.000114, Loss: 0.1410
2026-09-19 12:56:01.977828 Epoch [138/200], Step [0200/0318], LR: 0.000114, Loss: 0.1445
2026-09-19 12:56:27.613512 Epoch [138/200], Step [0300/0318], LR: 0.000114, Loss: 0.1486
2026-09-19 12:56:32.196644 Epoch [138/200], Step [0318/0318], LR: 0.000114, Loss: 0.1505
Epoch: 138, Dataset: test, Dice: 0.8359, IoU: 0.7498
Epoch: 138, Dataset: val, Dice: 0.8436, IoU: 0.7434
2026-09-19 12:57:01.831808 Epoch [139/200], Step [0100/0318], LR: 0.000110, Loss: 0.1420
2026-09-19 12:57:28.414364 Epoch [139/200], Step [0200/0318], LR: 0.000110, Loss: 0.1414
2026-09-19 12:57:54.287101 Epoch [139/200], Step [0300/0318], LR: 0.000110, Loss: 0.1460
2026-09-19 12:57:58.670190 Epoch [139/200], Step [0318/0318], LR: 0.000110, Loss: 0.1473
Epoch: 139, Dataset: test, Dice: 0.8188, IoU: 0.7191
Epoch: 139, Dataset: val, Dice: 0.8066, IoU: 0.7001
2026-09-19 12:58:28.158927 Epoch [140/200], Step [0100/0318], LR: 0.000107, Loss: 0.1435
2026-09-19 12:58:53.077190 Epoch [140/200], Step [0200/0318], LR: 0.000107, Loss: 0.1379
2026-09-19 12:59:19.098411 Epoch [140/200], Step [0300/0318], LR: 0.000107, Loss: 0.1431
2026-09-19 12:59:23.675416 Epoch [140/200], Step [0318/0318], LR: 0.000107, Loss: 0.1419
Epoch: 140, Dataset: test, Dice: 0.8317, IoU: 0.7333
Epoch: 140, Dataset: val, Dice: 0.8419, IoU: 0.7418
2026-09-19 12:59:53.235420 Epoch [141/200], Step [0100/0318], LR: 0.000104, Loss: 0.1459
2026-09-19 13:00:19.538128 Epoch [141/200], Step [0200/0318], LR: 0.000104, Loss: 0.1399
2026-09-19 13:00:46.250216 Epoch [141/200], Step [0300/0318], LR: 0.000104, Loss: 0.1371
2026-09-19 13:00:50.938637 Epoch [141/200], Step [0318/0318], LR: 0.000104, Loss: 0.1415
Epoch: 141, Dataset: test, Dice: 0.8241, IoU: 0.7228
Epoch: 141, Dataset: val, Dice: 0.8088, IoU: 0.7013
2026-09-19 13:01:20.988978 Epoch [142/200], Step [0100/0318], LR: 0.000101, Loss: 0.1418
2026-09-19 13:01:47.431443 Epoch [142/200], Step [0200/0318], LR: 0.000101, Loss: 0.1466
2026-09-19 13:02:14.155521 Epoch [142/200], Step [0300/0318], LR: 0.000101, Loss: 0.1399
2026-09-19 13:02:18.765502 Epoch [142/200], Step [0318/0318], LR: 0.000101, Loss: 0.1472
Epoch: 142, Dataset: test, Dice: 0.8251, IoU: 0.7236
Epoch: 142, Dataset: val, Dice: 0.8190, IoU: 0.7147
2026-09-19 13:02:49.349199 Epoch [143/200], Step [0100/0318], LR: 0.000098, Loss: 0.1438
2026-09-19 13:03:17.010223 Epoch [143/200], Step [0200/0318], LR: 0.000098, Loss: 0.1396
2026-09-19 13:03:43.234300 Epoch [143/200], Step [0300/0318], LR: 0.000098, Loss: 0.1467
2026-09-19 13:03:47.660725 Epoch [143/200], Step [0318/0318], LR: 0.000098, Loss: 0.1433
Epoch: 143, Dataset: test, Dice: 0.8346, IoU: 0.7353
Epoch: 143, Dataset: val, Dice: 0.8005, IoU: 0.6915
2026-09-19 13:04:17.882830 Epoch [144/200], Step [0100/0318], LR: 0.000095, Loss: 0.1399
2026-09-19 13:04:44.283558 Epoch [144/200], Step [0200/0318], LR: 0.000095, Loss: 0.1464
2026-09-19 13:05:11.538258 Epoch [144/200], Step [0300/0318], LR: 0.000095, Loss: 0.1385
2026-09-19 13:05:16.267282 Epoch [144/200], Step [0318/0318], LR: 0.000095, Loss: 0.1398
Epoch: 144, Dataset: test, Dice: 0.8375, IoU: 0.7475
Epoch: 144, Dataset: val, Dice: 0.8414, IoU: 0.7402
2026-09-19 13:05:46.644894 Epoch [145/200], Step [0100/0318], LR: 0.000091, Loss: 0.1469
2026-09-19 13:06:13.508827 Epoch [145/200], Step [0200/0318], LR: 0.000091, Loss: 0.1393
2026-09-19 13:06:40.340124 Epoch [145/200], Step [0300/0318], LR: 0.000091, Loss: 0.1414
2026-09-19 13:06:44.993112 Epoch [145/200], Step [0318/0318], LR: 0.000091, Loss: 0.1455
Epoch: 145, Dataset: test, Dice: 0.8247, IoU: 0.7234
Epoch: 145, Dataset: val, Dice: 0.8151, IoU: 0.7106
2026-09-19 13:07:15.481057 Epoch [146/200], Step [0100/0318], LR: 0.000088, Loss: 0.1451
2026-09-19 13:07:42.590612 Epoch [146/200], Step [0200/0318], LR: 0.000088, Loss: 0.1425
2026-09-19 13:08:09.105966 Epoch [146/200], Step [0300/0318], LR: 0.000088, Loss: 0.1428
2026-09-19 13:08:13.914561 Epoch [146/200], Step [0318/0318], LR: 0.000088, Loss: 0.1424
Epoch: 146, Dataset: test, Dice: 0.8378, IoU: 0.7446
Epoch: 146, Dataset: val, Dice: 0.8461, IoU: 0.7481
2026-09-19 13:08:44.965182 Epoch [147/200], Step [0100/0318], LR: 0.000086, Loss: 0.1418
2026-09-19 13:09:11.808363 Epoch [147/200], Step [0200/0318], LR: 0.000086, Loss: 0.1331
2026-09-19 13:09:38.769468 Epoch [147/200], Step [0300/0318], LR: 0.000086, Loss: 0.1446
2026-09-19 13:09:43.469239 Epoch [147/200], Step [0318/0318], LR: 0.000086, Loss: 0.1397
Epoch: 147, Dataset: test, Dice: 0.8169, IoU: 0.7150
Epoch: 147, Dataset: val, Dice: 0.8244, IoU: 0.7260
2026-09-19 13:10:14.344792 Epoch [148/200], Step [0100/0318], LR: 0.000083, Loss: 0.1363
2026-09-19 13:10:39.969066 Epoch [148/200], Step [0200/0318], LR: 0.000083, Loss: 0.1418
2026-09-19 13:11:05.415482 Epoch [148/200], Step [0300/0318], LR: 0.000083, Loss: 0.1469
2026-09-19 13:11:09.874041 Epoch [148/200], Step [0318/0318], LR: 0.000083, Loss: 0.1501
Epoch: 148, Dataset: test, Dice: 0.8235, IoU: 0.7236
Epoch: 148, Dataset: val, Dice: 0.8118, IoU: 0.7060
2026-09-19 13:11:39.114098 Epoch [149/200], Step [0100/0318], LR: 0.000080, Loss: 0.1386
2026-09-19 13:12:04.548979 Epoch [149/200], Step [0200/0318], LR: 0.000080, Loss: 0.1438
2026-09-19 13:12:29.641887 Epoch [149/200], Step [0300/0318], LR: 0.000080, Loss: 0.1397
2026-09-19 13:12:33.953204 Epoch [149/200], Step [0318/0318], LR: 0.000080, Loss: 0.1425
Epoch: 149, Dataset: test, Dice: 0.8248, IoU: 0.7259
Epoch: 149, Dataset: val, Dice: 0.8385, IoU: 0.7377
2026-09-19 13:13:03.274085 Epoch [150/200], Step [0100/0318], LR: 0.000077, Loss: 0.1377
2026-09-19 13:13:28.925938 Epoch [150/200], Step [0200/0318], LR: 0.000077, Loss: 0.1447
2026-09-19 13:13:53.597821 Epoch [150/200], Step [0300/0318], LR: 0.000077, Loss: 0.1392
2026-09-19 13:13:58.761946 Epoch [150/200], Step [0318/0318], LR: 0.000077, Loss: 0.1412
Epoch: 150, Dataset: test, Dice: 0.8247, IoU: 0.7227
Epoch: 150, Dataset: val, Dice: 0.8081, IoU: 0.7005
2026-09-19 13:14:27.340891 Epoch [151/200], Step [0100/0318], LR: 0.000074, Loss: 0.1450
2026-09-19 13:14:52.211483 Epoch [151/200], Step [0200/0318], LR: 0.000074, Loss: 0.1378
2026-09-19 13:15:17.072864 Epoch [151/200], Step [0300/0318], LR: 0.000074, Loss: 0.1400
2026-09-19 13:15:21.385684 Epoch [151/200], Step [0318/0318], LR: 0.000074, Loss: 0.1366
Epoch: 151, Dataset: test, Dice: 0.6386, IoU: 0.5187
Epoch: 151, Dataset: val, Dice: 0.7530, IoU: 0.6536
2026-09-19 13:15:50.240197 Epoch [152/200], Step [0100/0318], LR: 0.000071, Loss: 0.1375
2026-09-19 13:16:15.572229 Epoch [152/200], Step [0200/0318], LR: 0.000071, Loss: 0.1397
2026-09-19 13:16:39.947388 Epoch [152/200], Step [0300/0318], LR: 0.000071, Loss: 0.1406
2026-09-19 13:16:44.147732 Epoch [152/200], Step [0318/0318], LR: 0.000071, Loss: 0.1445
Epoch: 152, Dataset: test, Dice: 0.8244, IoU: 0.7298
Epoch: 152, Dataset: val, Dice: 0.8465, IoU: 0.7486
2026-09-19 13:17:14.386851 Epoch [153/200], Step [0100/0318], LR: 0.000069, Loss: 0.1391
2026-09-19 13:17:38.420657 Epoch [153/200], Step [0200/0318], LR: 0.000069, Loss: 0.1397
2026-09-19 13:18:01.620670 Epoch [153/200], Step [0300/0318], LR: 0.000069, Loss: 0.1412
2026-09-19 13:18:05.656696 Epoch [153/200], Step [0318/0318], LR: 0.000069, Loss: 0.1420
Epoch: 153, Dataset: test, Dice: 0.8186, IoU: 0.7186
Epoch: 153, Dataset: val, Dice: 0.8142, IoU: 0.7072
2026-09-19 13:18:32.493792 Epoch [154/200], Step [0100/0318], LR: 0.000066, Loss: 0.1411
2026-09-19 13:18:55.937676 Epoch [154/200], Step [0200/0318], LR: 0.000066, Loss: 0.1401
2026-09-19 13:19:19.290708 Epoch [154/200], Step [0300/0318], LR: 0.000066, Loss: 0.1413
2026-09-19 13:19:23.120567 Epoch [154/200], Step [0318/0318], LR: 0.000066, Loss: 0.1385
Epoch: 154, Dataset: test, Dice: 0.8343, IoU: 0.7430
Epoch: 154, Dataset: val, Dice: 0.8417, IoU: 0.7415
2026-09-19 13:19:50.977515 Epoch [155/200], Step [0100/0318], LR: 0.000063, Loss: 0.1392
2026-09-19 13:20:14.207018 Epoch [155/200], Step [0200/0318], LR: 0.000063, Loss: 0.1385
2026-09-19 13:20:37.872995 Epoch [155/200], Step [0300/0318], LR: 0.000063, Loss: 0.1393
2026-09-19 13:20:42.727691 Epoch [155/200], Step [0318/0318], LR: 0.000063, Loss: 0.1418
Epoch: 155, Dataset: test, Dice: 0.8197, IoU: 0.7168
Epoch: 155, Dataset: val, Dice: 0.8104, IoU: 0.7030
2026-09-19 13:21:10.598928 Epoch [156/200], Step [0100/0318], LR: 0.000061, Loss: 0.1395
2026-09-19 13:21:35.089947 Epoch [156/200], Step [0200/0318], LR: 0.000061, Loss: 0.1389
2026-09-19 13:22:00.519525 Epoch [156/200], Step [0300/0318], LR: 0.000061, Loss: 0.1401
2026-09-19 13:22:05.178234 Epoch [156/200], Step [0318/0318], LR: 0.000061, Loss: 0.1426
Epoch: 156, Dataset: test, Dice: 0.8174, IoU: 0.7138
Epoch: 156, Dataset: val, Dice: 0.8155, IoU: 0.7091
2026-09-19 13:22:34.206406 Epoch [157/200], Step [0100/0318], LR: 0.000058, Loss: 0.1368
2026-09-19 13:22:58.496424 Epoch [157/200], Step [0200/0318], LR: 0.000058, Loss: 0.1404
2026-09-19 13:23:22.303268 Epoch [157/200], Step [0300/0318], LR: 0.000058, Loss: 0.1404
2026-09-19 13:23:26.252293 Epoch [157/200], Step [0318/0318], LR: 0.000058, Loss: 0.1600
Epoch: 157, Dataset: test, Dice: 0.8371, IoU: 0.7462
Epoch: 157, Dataset: val, Dice: 0.8437, IoU: 0.7431
2026-09-19 13:23:54.543420 Epoch [158/200], Step [0100/0318], LR: 0.000056, Loss: 0.1368
2026-09-19 13:24:19.178904 Epoch [158/200], Step [0200/0318], LR: 0.000056, Loss: 0.1401
2026-09-19 13:24:42.710940 Epoch [158/200], Step [0300/0318], LR: 0.000056, Loss: 0.1378
2026-09-19 13:24:46.751142 Epoch [158/200], Step [0318/0318], LR: 0.000056, Loss: 0.1378
Epoch: 158, Dataset: test, Dice: 0.8132, IoU: 0.7091
Epoch: 158, Dataset: val, Dice: 0.8143, IoU: 0.7077
2026-09-19 13:25:15.721065 Epoch [159/200], Step [0100/0318], LR: 0.000053, Loss: 0.1414
2026-09-19 13:25:40.418569 Epoch [159/200], Step [0200/0318], LR: 0.000053, Loss: 0.1361
2026-09-19 13:26:04.957010 Epoch [159/200], Step [0300/0318], LR: 0.000053, Loss: 0.1440
2026-09-19 13:26:09.377484 Epoch [159/200], Step [0318/0318], LR: 0.000053, Loss: 0.1425
Epoch: 159, Dataset: test, Dice: 0.8238, IoU: 0.7277
Epoch: 159, Dataset: val, Dice: 0.8455, IoU: 0.7471
2026-09-19 13:26:37.343847 Epoch [160/200], Step [0100/0318], LR: 0.000051, Loss: 0.1389
2026-09-19 13:27:02.117932 Epoch [160/200], Step [0200/0318], LR: 0.000051, Loss: 0.1379
2026-09-19 13:27:26.140017 Epoch [160/200], Step [0300/0318], LR: 0.000051, Loss: 0.1368
2026-09-19 13:27:30.255163 Epoch [160/200], Step [0318/0318], LR: 0.000051, Loss: 0.1353
Epoch: 160, Dataset: test, Dice: 0.8274, IoU: 0.7347
Epoch: 160, Dataset: val, Dice: 0.8463, IoU: 0.7476
2026-09-19 13:28:00.229411 Epoch [161/200], Step [0100/0318], LR: 0.000049, Loss: 0.1380
2026-09-19 13:28:24.905188 Epoch [161/200], Step [0200/0318], LR: 0.000049, Loss: 0.1431
2026-09-19 13:28:49.781199 Epoch [161/200], Step [0300/0318], LR: 0.000049, Loss: 0.1376
2026-09-19 13:28:54.350713 Epoch [161/200], Step [0318/0318], LR: 0.000049, Loss: 0.1405
Epoch: 161, Dataset: test, Dice: 0.8403, IoU: 0.7503
Epoch: 161, Dataset: val, Dice: 0.8467, IoU: 0.7496
2026-09-19 13:29:23.044832 Epoch [162/200], Step [0100/0318], LR: 0.000046, Loss: 0.1431
2026-09-19 13:29:46.761558 Epoch [162/200], Step [0200/0318], LR: 0.000046, Loss: 0.1378
2026-09-19 13:30:10.139840 Epoch [162/200], Step [0300/0318], LR: 0.000046, Loss: 0.1367
2026-09-19 13:30:14.089245 Epoch [162/200], Step [0318/0318], LR: 0.000046, Loss: 0.1414
Epoch: 162, Dataset: test, Dice: 0.8287, IoU: 0.7377
Epoch: 162, Dataset: val, Dice: 0.8404, IoU: 0.7403
2026-09-19 13:30:41.503946 Epoch [163/200], Step [0100/0318], LR: 0.000044, Loss: 0.1368
2026-09-19 13:31:05.709764 Epoch [163/200], Step [0200/0318], LR: 0.000044, Loss: 0.1377
2026-09-19 13:31:29.881535 Epoch [163/200], Step [0300/0318], LR: 0.000044, Loss: 0.1425
2026-09-19 13:31:33.789457 Epoch [163/200], Step [0318/0318], LR: 0.000044, Loss: 0.1427
Epoch: 163, Dataset: test, Dice: 0.8322, IoU: 0.7421
Epoch: 163, Dataset: val, Dice: 0.8415, IoU: 0.7402
2026-09-19 13:32:02.074991 Epoch [164/200], Step [0100/0318], LR: 0.000042, Loss: 0.1365
2026-09-19 13:32:26.574246 Epoch [164/200], Step [0200/0318], LR: 0.000042, Loss: 0.1414
2026-09-19 13:32:51.263926 Epoch [164/200], Step [0300/0318], LR: 0.000042, Loss: 0.1410
2026-09-19 13:32:55.393376 Epoch [164/200], Step [0318/0318], LR: 0.000042, Loss: 0.1405
Epoch: 164, Dataset: test, Dice: 0.8388, IoU: 0.7505
Epoch: 164, Dataset: val, Dice: 0.8442, IoU: 0.7461
2026-09-19 13:33:24.397277 Epoch [165/200], Step [0100/0318], LR: 0.000040, Loss: 0.1420
2026-09-19 13:33:48.682132 Epoch [165/200], Step [0200/0318], LR: 0.000040, Loss: 0.1342
2026-09-19 13:34:13.334720 Epoch [165/200], Step [0300/0318], LR: 0.000040, Loss: 0.1378
2026-09-19 13:34:17.582466 Epoch [165/200], Step [0318/0318], LR: 0.000040, Loss: 0.1412
Epoch: 165, Dataset: test, Dice: 0.8221, IoU: 0.7194
Epoch: 165, Dataset: val, Dice: 0.8098, IoU: 0.7036
2026-09-19 13:34:46.486703 Epoch [166/200], Step [0100/0318], LR: 0.000038, Loss: 0.1391
2026-09-19 13:35:10.801046 Epoch [166/200], Step [0200/0318], LR: 0.000038, Loss: 0.1380
2026-09-19 13:35:35.273633 Epoch [166/200], Step [0300/0318], LR: 0.000038, Loss: 0.1361
2026-09-19 13:35:39.486000 Epoch [166/200], Step [0318/0318], LR: 0.000038, Loss: 0.1376
Epoch: 166, Dataset: test, Dice: 0.8226, IoU: 0.7207
Epoch: 166, Dataset: val, Dice: 0.8174, IoU: 0.7139
2026-09-19 13:36:08.777158 Epoch [167/200], Step [0100/0318], LR: 0.000036, Loss: 0.1409
2026-09-19 13:36:33.917899 Epoch [167/200], Step [0200/0318], LR: 0.000036, Loss: 0.1373
2026-09-19 13:36:58.773956 Epoch [167/200], Step [0300/0318], LR: 0.000036, Loss: 0.1358
2026-09-19 13:37:03.195673 Epoch [167/200], Step [0318/0318], LR: 0.000036, Loss: 0.1360
Epoch: 167, Dataset: test, Dice: 0.8294, IoU: 0.7327
Epoch: 167, Dataset: val, Dice: 0.8414, IoU: 0.7410
2026-09-19 13:37:32.532084 Epoch [168/200], Step [0100/0318], LR: 0.000034, Loss: 0.1398
2026-09-19 13:37:57.331040 Epoch [168/200], Step [0200/0318], LR: 0.000034, Loss: 0.1375
2026-09-19 13:38:21.569922 Epoch [168/200], Step [0300/0318], LR: 0.000034, Loss: 0.1388
2026-09-19 13:38:25.712682 Epoch [168/200], Step [0318/0318], LR: 0.000034, Loss: 0.1404
Epoch: 168, Dataset: test, Dice: 0.8226, IoU: 0.7190
Epoch: 168, Dataset: val, Dice: 0.8113, IoU: 0.7014
2026-09-19 13:38:54.254498 Epoch [169/200], Step [0100/0318], LR: 0.000032, Loss: 0.1423
2026-09-19 13:39:18.546109 Epoch [169/200], Step [0200/0318], LR: 0.000032, Loss: 0.1419
2026-09-19 13:39:43.161955 Epoch [169/200], Step [0300/0318], LR: 0.000032, Loss: 0.1332
2026-09-19 13:39:47.438530 Epoch [169/200], Step [0318/0318], LR: 0.000032, Loss: 0.1344
Epoch: 169, Dataset: test, Dice: 0.8356, IoU: 0.7420
Epoch: 169, Dataset: val, Dice: 0.8446, IoU: 0.7467
2026-09-19 13:40:15.347193 Epoch [170/200], Step [0100/0318], LR: 0.000030, Loss: 0.1363
2026-09-19 13:40:39.423625 Epoch [170/200], Step [0200/0318], LR: 0.000030, Loss: 0.1376
2026-09-19 13:41:03.609748 Epoch [170/200], Step [0300/0318], LR: 0.000030, Loss: 0.1410
2026-09-19 13:41:07.903213 Epoch [170/200], Step [0318/0318], LR: 0.000030, Loss: 0.1420
Epoch: 170, Dataset: test, Dice: 0.8393, IoU: 0.7524
Epoch: 170, Dataset: val, Dice: 0.8444, IoU: 0.7456
2026-09-19 13:41:37.593935 Epoch [171/200], Step [0100/0318], LR: 0.000028, Loss: 0.1363
2026-09-19 13:42:02.960485 Epoch [171/200], Step [0200/0318], LR: 0.000028, Loss: 0.1379
2026-09-19 13:42:28.633099 Epoch [171/200], Step [0300/0318], LR: 0.000028, Loss: 0.1337
2026-09-19 13:42:33.015575 Epoch [171/200], Step [0318/0318], LR: 0.000028, Loss: 0.1326
Epoch: 171, Dataset: test, Dice: 0.8350, IoU: 0.7464
Epoch: 171, Dataset: val, Dice: 0.8388, IoU: 0.7372
2026-09-19 13:43:03.065478 Epoch [172/200], Step [0100/0318], LR: 0.000026, Loss: 0.1391
2026-09-19 13:43:28.642509 Epoch [172/200], Step [0200/0318], LR: 0.000026, Loss: 0.1388
2026-09-19 13:43:54.906390 Epoch [172/200], Step [0300/0318], LR: 0.000026, Loss: 0.1371
2026-09-19 13:43:59.579710 Epoch [172/200], Step [0318/0318], LR: 0.000026, Loss: 0.1358
Epoch: 172, Dataset: test, Dice: 0.7676, IoU: 0.6523
Epoch: 172, Dataset: val, Dice: 0.8223, IoU: 0.7269
2026-09-19 13:44:29.085005 Epoch [173/200], Step [0100/0318], LR: 0.000025, Loss: 0.1368
2026-09-19 13:44:54.523006 Epoch [173/200], Step [0200/0318], LR: 0.000025, Loss: 0.1370
2026-09-19 13:45:20.013993 Epoch [173/200], Step [0300/0318], LR: 0.000025, Loss: 0.1358
2026-09-19 13:45:24.387304 Epoch [173/200], Step [0318/0318], LR: 0.000025, Loss: 0.1351
Epoch: 173, Dataset: test, Dice: 0.8343, IoU: 0.7403
Epoch: 173, Dataset: val, Dice: 0.8469, IoU: 0.7495
2026-09-19 13:45:54.249013 Epoch [174/200], Step [0100/0318], LR: 0.000023, Loss: 0.1360
2026-09-19 13:46:19.980493 Epoch [174/200], Step [0200/0318], LR: 0.000023, Loss: 0.1344
2026-09-19 13:46:45.676245 Epoch [174/200], Step [0300/0318], LR: 0.000023, Loss: 0.1397
2026-09-19 13:46:50.092643 Epoch [174/200], Step [0318/0318], LR: 0.000023, Loss: 0.1376
Epoch: 174, Dataset: test, Dice: 0.8442, IoU: 0.7567
Epoch: 174, Dataset: val, Dice: 0.8442, IoU: 0.7462
2026-09-19 13:47:21.080499 Epoch [175/200], Step [0100/0318], LR: 0.000022, Loss: 0.1444
2026-09-19 13:47:47.409981 Epoch [175/200], Step [0200/0318], LR: 0.000022, Loss: 0.1326
2026-09-19 13:48:13.279452 Epoch [175/200], Step [0300/0318], LR: 0.000022, Loss: 0.1411
2026-09-19 13:48:17.772037 Epoch [175/200], Step [0318/0318], LR: 0.000022, Loss: 0.1412
Epoch: 175, Dataset: test, Dice: 0.8229, IoU: 0.7193
Epoch: 175, Dataset: val, Dice: 0.8301, IoU: 0.7264
2026-09-19 13:48:47.660682 Epoch [176/200], Step [0100/0318], LR: 0.000020, Loss: 0.1408
2026-09-19 13:49:13.354630 Epoch [176/200], Step [0200/0318], LR: 0.000020, Loss: 0.1403
2026-09-19 13:49:39.519269 Epoch [176/200], Step [0300/0318], LR: 0.000020, Loss: 0.1355
2026-09-19 13:49:43.942757 Epoch [176/200], Step [0318/0318], LR: 0.000020, Loss: 0.1365
Epoch: 176, Dataset: test, Dice: 0.8367, IoU: 0.7468
Epoch: 176, Dataset: val, Dice: 0.8419, IoU: 0.7417
2026-09-19 13:50:13.870715 Epoch [177/200], Step [0100/0318], LR: 0.000019, Loss: 0.1371
2026-09-19 13:50:40.129099 Epoch [177/200], Step [0200/0318], LR: 0.000019, Loss: 0.1339
2026-09-19 13:51:05.909868 Epoch [177/200], Step [0300/0318], LR: 0.000019, Loss: 0.1398
2026-09-19 13:51:10.392280 Epoch [177/200], Step [0318/0318], LR: 0.000019, Loss: 0.1484
Epoch: 177, Dataset: test, Dice: 0.8315, IoU: 0.7347
Epoch: 177, Dataset: val, Dice: 0.8416, IoU: 0.7412
2026-09-19 13:51:40.117189 Epoch [178/200], Step [0100/0318], LR: 0.000017, Loss: 0.1370
2026-09-19 13:52:06.424400 Epoch [178/200], Step [0200/0318], LR: 0.000017, Loss: 0.1368
2026-09-19 13:52:32.399246 Epoch [178/200], Step [0300/0318], LR: 0.000017, Loss: 0.1414
2026-09-19 13:52:36.974878 Epoch [178/200], Step [0318/0318], LR: 0.000017, Loss: 0.1414
Epoch: 178, Dataset: test, Dice: 0.8019, IoU: 0.6918
Epoch: 178, Dataset: val, Dice: 0.8203, IoU: 0.7211
2026-09-19 13:53:07.042364 Epoch [179/200], Step [0100/0318], LR: 0.000016, Loss: 0.1403
2026-09-19 13:53:33.135548 Epoch [179/200], Step [0200/0318], LR: 0.000016, Loss: 0.1374
2026-09-19 13:53:59.426847 Epoch [179/200], Step [0300/0318], LR: 0.000016, Loss: 0.1381
2026-09-19 13:54:04.122590 Epoch [179/200], Step [0318/0318], LR: 0.000016, Loss: 0.1367
Epoch: 179, Dataset: test, Dice: 0.8257, IoU: 0.7304
Epoch: 179, Dataset: val, Dice: 0.8457, IoU: 0.7478
2026-09-19 13:54:34.620020 Epoch [180/200], Step [0100/0318], LR: 0.000014, Loss: 0.1362
2026-09-19 13:55:00.591320 Epoch [180/200], Step [0200/0318], LR: 0.000014, Loss: 0.1369
2026-09-19 13:55:26.518374 Epoch [180/200], Step [0300/0318], LR: 0.000014, Loss: 0.1361
2026-09-19 13:55:30.950498 Epoch [180/200], Step [0318/0318], LR: 0.000014, Loss: 0.1361
Epoch: 180, Dataset: test, Dice: 0.8299, IoU: 0.7346
Epoch: 180, Dataset: val, Dice: 0.8458, IoU: 0.7476
2026-09-19 13:56:01.573565 Epoch [181/200], Step [0100/0318], LR: 0.000013, Loss: 0.1394
2026-09-19 13:56:27.947157 Epoch [181/200], Step [0200/0318], LR: 0.000013, Loss: 0.1369
2026-09-19 13:56:54.410562 Epoch [181/200], Step [0300/0318], LR: 0.000013, Loss: 0.1378
2026-09-19 13:56:59.118412 Epoch [181/200], Step [0318/0318], LR: 0.000013, Loss: 0.1408
Epoch: 181, Dataset: test, Dice: 0.7582, IoU: 0.6435
Epoch: 181, Dataset: val, Dice: 0.8160, IoU: 0.7178
2026-09-19 13:57:29.676900 Epoch [182/200], Step [0100/0318], LR: 0.000012, Loss: 0.1352
2026-09-19 13:57:56.272472 Epoch [182/200], Step [0200/0318], LR: 0.000012, Loss: 0.1298
2026-09-19 13:58:23.181313 Epoch [182/200], Step [0300/0318], LR: 0.000012, Loss: 0.1352
2026-09-19 13:58:27.821666 Epoch [182/200], Step [0318/0318], LR: 0.000012, Loss: 0.1443
Epoch: 182, Dataset: test, Dice: 0.8399, IoU: 0.7520
Epoch: 182, Dataset: val, Dice: 0.8451, IoU: 0.7468
2026-09-19 13:58:57.561247 Epoch [183/200], Step [0100/0318], LR: 0.000011, Loss: 0.1357
2026-09-19 13:59:24.874881 Epoch [183/200], Step [0200/0318], LR: 0.000011, Loss: 0.1388
2026-09-19 13:59:50.948637 Epoch [183/200], Step [0300/0318], LR: 0.000011, Loss: 0.1351
2026-09-19 13:59:55.588960 Epoch [183/200], Step [0318/0318], LR: 0.000011, Loss: 0.1328
Epoch: 183, Dataset: test, Dice: 0.8285, IoU: 0.7331
Epoch: 183, Dataset: val, Dice: 0.8467, IoU: 0.7490
2026-09-19 14:00:25.518801 Epoch [184/200], Step [0100/0318], LR: 0.000010, Loss: 0.1392
2026-09-19 14:00:51.575557 Epoch [184/200], Step [0200/0318], LR: 0.000010, Loss: 0.1363
2026-09-19 14:01:17.595367 Epoch [184/200], Step [0300/0318], LR: 0.000010, Loss: 0.1365
2026-09-19 14:01:22.035095 Epoch [184/200], Step [0318/0318], LR: 0.000010, Loss: 0.1361
Epoch: 184, Dataset: test, Dice: 0.8306, IoU: 0.7388
Epoch: 184, Dataset: val, Dice: 0.8473, IoU: 0.7497
2026-09-19 14:01:51.366838 Epoch [185/200], Step [0100/0318], LR: 0.000009, Loss: 0.1402
2026-09-19 14:02:16.697772 Epoch [185/200], Step [0200/0318], LR: 0.000009, Loss: 0.1410
2026-09-19 14:02:42.626436 Epoch [185/200], Step [0300/0318], LR: 0.000009, Loss: 0.1405
2026-09-19 14:02:47.020067 Epoch [185/200], Step [0318/0318], LR: 0.000009, Loss: 0.1398
Epoch: 185, Dataset: test, Dice: 0.8338, IoU: 0.7435
Epoch: 185, Dataset: val, Dice: 0.8455, IoU: 0.7467
2026-09-19 14:03:16.950688 Epoch [186/200], Step [0100/0318], LR: 0.000008, Loss: 0.1370
2026-09-19 14:03:41.999262 Epoch [186/200], Step [0200/0318], LR: 0.000008, Loss: 0.1395
2026-09-19 14:04:06.875624 Epoch [186/200], Step [0300/0318], LR: 0.000008, Loss: 0.1386
2026-09-19 14:04:11.143514 Epoch [186/200], Step [0318/0318], LR: 0.000008, Loss: 0.1327
Epoch: 186, Dataset: test, Dice: 0.8327, IoU: 0.7380
Epoch: 186, Dataset: val, Dice: 0.8482, IoU: 0.7517
2026-09-19 14:04:39.871479 Epoch [187/200], Step [0100/0318], LR: 0.000007, Loss: 0.1389
2026-09-19 14:05:04.419554 Epoch [187/200], Step [0200/0318], LR: 0.000007, Loss: 0.1366
2026-09-19 14:05:28.626689 Epoch [187/200], Step [0300/0318], LR: 0.000007, Loss: 0.1317
2026-09-19 14:05:32.728769 Epoch [187/200], Step [0318/0318], LR: 0.000007, Loss: 0.1354
Epoch: 187, Dataset: test, Dice: 0.8205, IoU: 0.7223
Epoch: 187, Dataset: val, Dice: 0.8486, IoU: 0.7511
2026-09-19 14:06:01.564957 Epoch [188/200], Step [0100/0318], LR: 0.000006, Loss: 0.1411
2026-09-19 14:06:25.767339 Epoch [188/200], Step [0200/0318], LR: 0.000006, Loss: 0.1362
2026-09-19 14:06:50.227957 Epoch [188/200], Step [0300/0318], LR: 0.000006, Loss: 0.1355
2026-09-19 14:06:54.948798 Epoch [188/200], Step [0318/0318], LR: 0.000006, Loss: 0.1341
Epoch: 188, Dataset: test, Dice: 0.8376, IoU: 0.7513
Epoch: 188, Dataset: val, Dice: 0.8440, IoU: 0.7455
2026-09-19 14:07:23.982660 Epoch [189/200], Step [0100/0318], LR: 0.000005, Loss: 0.1308
2026-09-19 14:07:50.213954 Epoch [189/200], Step [0200/0318], LR: 0.000005, Loss: 0.1337
2026-09-19 14:08:16.210500 Epoch [189/200], Step [0300/0318], LR: 0.000005, Loss: 0.1391
2026-09-19 14:08:20.663344 Epoch [189/200], Step [0318/0318], LR: 0.000005, Loss: 0.1384
Epoch: 189, Dataset: test, Dice: 0.8346, IoU: 0.7446
Epoch: 189, Dataset: val, Dice: 0.8455, IoU: 0.7468
2026-09-19 14:08:49.550677 Epoch [190/200], Step [0100/0318], LR: 0.000005, Loss: 0.1420
2026-09-19 14:09:15.603699 Epoch [190/200], Step [0200/0318], LR: 0.000005, Loss: 0.1352
2026-09-19 14:09:39.867011 Epoch [190/200], Step [0300/0318], LR: 0.000005, Loss: 0.1377
2026-09-19 14:09:44.150695 Epoch [190/200], Step [0318/0318], LR: 0.000005, Loss: 0.1363
Epoch: 190, Dataset: test, Dice: 0.8139, IoU: 0.7085
Epoch: 190, Dataset: val, Dice: 0.8050, IoU: 0.6959
2026-09-19 14:10:13.119658 Epoch [191/200], Step [0100/0318], LR: 0.000004, Loss: 0.1378
2026-09-19 14:10:37.106587 Epoch [191/200], Step [0200/0318], LR: 0.000004, Loss: 0.1342
2026-09-19 14:11:02.436901 Epoch [191/200], Step [0300/0318], LR: 0.000004, Loss: 0.1340
2026-09-19 14:11:06.832355 Epoch [191/200], Step [0318/0318], LR: 0.000004, Loss: 0.1359
Epoch: 191, Dataset: test, Dice: 0.8295, IoU: 0.7313
Epoch: 191, Dataset: val, Dice: 0.8160, IoU: 0.7101
2026-09-19 14:11:35.494049 Epoch [192/200], Step [0100/0318], LR: 0.000003, Loss: 0.1355
2026-09-19 14:11:59.419785 Epoch [192/200], Step [0200/0318], LR: 0.000003, Loss: 0.1337
2026-09-19 14:12:24.224841 Epoch [192/200], Step [0300/0318], LR: 0.000003, Loss: 0.1381
2026-09-19 14:12:28.359526 Epoch [192/200], Step [0318/0318], LR: 0.000003, Loss: 0.1365
Epoch: 192, Dataset: test, Dice: 0.8291, IoU: 0.7338
Epoch: 192, Dataset: val, Dice: 0.8468, IoU: 0.7494
2026-09-19 14:12:57.165355 Epoch [193/200], Step [0100/0318], LR: 0.000003, Loss: 0.1364
2026-09-19 14:13:22.693336 Epoch [193/200], Step [0200/0318], LR: 0.000003, Loss: 0.1324
2026-09-19 14:13:47.170019 Epoch [193/200], Step [0300/0318], LR: 0.000003, Loss: 0.1404
2026-09-19 14:13:51.711317 Epoch [193/200], Step [0318/0318], LR: 0.000003, Loss: 0.1382
Epoch: 193, Dataset: test, Dice: 0.8364, IoU: 0.7491
Epoch: 193, Dataset: val, Dice: 0.8429, IoU: 0.7441
2026-09-19 14:14:21.914514 Epoch [194/200], Step [0100/0318], LR: 0.000003, Loss: 0.1367
2026-09-19 14:14:46.438720 Epoch [194/200], Step [0200/0318], LR: 0.000003, Loss: 0.1302
2026-09-19 14:15:11.108681 Epoch [194/200], Step [0300/0318], LR: 0.000003, Loss: 0.1393
2026-09-19 14:15:15.258971 Epoch [194/200], Step [0318/0318], LR: 0.000003, Loss: 0.1391
Epoch: 194, Dataset: test, Dice: 0.8326, IoU: 0.7432
Epoch: 194, Dataset: val, Dice: 0.8442, IoU: 0.7446
2026-09-19 14:15:44.464485 Epoch [195/200], Step [0100/0318], LR: 0.000002, Loss: 0.1334
2026-09-19 14:16:09.787835 Epoch [195/200], Step [0200/0318], LR: 0.000002, Loss: 0.1368
2026-09-19 14:16:35.662697 Epoch [195/200], Step [0300/0318], LR: 0.000002, Loss: 0.1388
2026-09-19 14:16:40.219536 Epoch [195/200], Step [0318/0318], LR: 0.000002, Loss: 0.1385
Epoch: 195, Dataset: test, Dice: 0.8301, IoU: 0.7292
Epoch: 195, Dataset: val, Dice: 0.8298, IoU: 0.7262
2026-09-19 14:17:08.318787 Epoch [196/200], Step [0100/0318], LR: 0.000002, Loss: 0.1353
2026-09-19 14:17:33.079984 Epoch [196/200], Step [0200/0318], LR: 0.000002, Loss: 0.1339
2026-09-19 14:17:58.808580 Epoch [196/200], Step [0300/0318], LR: 0.000002, Loss: 0.1334
2026-09-19 14:18:03.767584 Epoch [196/200], Step [0318/0318], LR: 0.000002, Loss: 0.1345
Epoch: 196, Dataset: test, Dice: 0.8415, IoU: 0.7504
Epoch: 196, Dataset: val, Dice: 0.8470, IoU: 0.7507
2026-09-19 14:18:32.676651 Epoch [197/200], Step [0100/0318], LR: 0.000001, Loss: 0.1380
2026-09-19 14:18:57.336192 Epoch [197/200], Step [0200/0318], LR: 0.000001, Loss: 0.1369
2026-09-19 14:19:22.908276 Epoch [197/200], Step [0300/0318], LR: 0.000001, Loss: 0.1384
2026-09-19 14:19:27.967087 Epoch [197/200], Step [0318/0318], LR: 0.000001, Loss: 0.1386
Epoch: 197, Dataset: test, Dice: 0.8248, IoU: 0.7247
Epoch: 197, Dataset: val, Dice: 0.8210, IoU: 0.7159
2026-09-19 14:19:56.047485 Epoch [198/200], Step [0100/0318], LR: 0.000001, Loss: 0.1349
2026-09-19 14:20:20.505825 Epoch [198/200], Step [0200/0318], LR: 0.000001, Loss: 0.1398
2026-09-19 14:20:44.096071 Epoch [198/200], Step [0300/0318], LR: 0.000001, Loss: 0.1374
2026-09-19 14:20:48.354815 Epoch [198/200], Step [0318/0318], LR: 0.000001, Loss: 0.1382
Epoch: 198, Dataset: test, Dice: 0.8382, IoU: 0.7508
Epoch: 198, Dataset: val, Dice: 0.8481, IoU: 0.7515
2026-09-19 14:21:16.206948 Epoch [199/200], Step [0100/0318], LR: 0.000001, Loss: 0.1364
2026-09-19 14:21:39.975507 Epoch [199/200], Step [0200/0318], LR: 0.000001, Loss: 0.1380
2026-09-19 14:22:03.311007 Epoch [199/200], Step [0300/0318], LR: 0.000001, Loss: 0.1338
2026-09-19 14:22:07.376217 Epoch [199/200], Step [0318/0318], LR: 0.000001, Loss: 0.1343
Epoch: 199, Dataset: test, Dice: 0.8280, IoU: 0.7305
Epoch: 199, Dataset: val, Dice: 0.8445, IoU: 0.7458
2026-09-19 14:22:35.860296 Epoch [200/200], Step [0100/0318], LR: 0.000001, Loss: 0.1440
2026-09-19 14:23:01.534265 Epoch [200/200], Step [0200/0318], LR: 0.000001, Loss: 0.1356
2026-09-19 14:23:25.902266 Epoch [200/200], Step [0300/0318], LR: 0.000001, Loss: 0.1365
2026-09-19 14:23:30.105828 Epoch [200/200], Step [0318/0318], LR: 0.000001, Loss: 0.1398
Epoch: 200, Dataset: test, Dice: 0.8293, IoU: 0.7337
Epoch: 200, Dataset: val, Dice: 0.8422, IoU: 0.7423

========================================
FINAL RESULTS: BraTS2020_MK_UNet_bs8_lr0.0005_e200_augTrue_run4_t094430
Best Val Dice: 0.8642
Test Dice at Best Val: 0.8050
Total Train Time: 16065.69s
========================================
Network: MK_UNet | Channels: [16, 32, 64, 96, 160]
[INFO] Register count_convNd() for <class 'torch.nn.modules.conv.Conv2d'>.
[INFO] Register count_normalization() for <class 'torch.nn.modules.batchnorm.BatchNorm2d'>.
[INFO] Register zero_ops() for <class 'torch.nn.modules.activation.ReLU6'>.
[INFO] Register zero_ops() for <class 'torch.nn.modules.container.Sequential'>.
[INFO] Register zero_ops() for <class 'torch.nn.modules.activation.ReLU'>.
[INFO] Register count_adap_avgpool() for <class 'torch.nn.modules.pooling.AdaptiveAvgPool2d'>.
[INFO] Register zero_ops() for <class 'torch.nn.modules.pooling.AdaptiveMaxPool2d'>.
flops 0.327543024
params 0.315566
Total params: 0.32M
2026-09-19 14:23:59.343781 Epoch [001/200], Step [0100/0318], LR: 0.000500, Loss: 0.4807
2026-09-19 14:24:23.753758 Epoch [001/200], Step [0200/0318], LR: 0.000500, Loss: 0.4463
2026-09-19 14:24:47.958730 Epoch [001/200], Step [0300/0318], LR: 0.000500, Loss: 0.4260
2026-09-19 14:24:52.067425 Epoch [001/200], Step [0318/0318], LR: 0.000500, Loss: 0.4058
Epoch: 1, Dataset: test, Dice: 0.6804, IoU: 0.5498
Epoch: 1, Dataset: val, Dice: 0.7337, IoU: 0.6085
### Best Model Saved (Dice improved from 0.0000 to 0.7337) ###
2026-09-19 14:25:20.542433 Epoch [002/200], Step [0100/0318], LR: 0.000500, Loss: 0.4082
2026-09-19 14:25:44.514746 Epoch [002/200], Step [0200/0318], LR: 0.000500, Loss: 0.3930
2026-09-19 14:26:08.869931 Epoch [002/200], Step [0300/0318], LR: 0.000500, Loss: 0.3890
2026-09-19 14:26:13.219291 Epoch [002/200], Step [0318/0318], LR: 0.000500, Loss: 0.3990
Epoch: 2, Dataset: test, Dice: 0.7517, IoU: 0.6417
Epoch: 2, Dataset: val, Dice: 0.8158, IoU: 0.7124
### Best Model Saved (Dice improved from 0.7337 to 0.8158) ###
2026-09-19 14:26:41.796632 Epoch [003/200], Step [0100/0318], LR: 0.000500, Loss: 0.3816
2026-09-19 14:27:07.289178 Epoch [003/200], Step [0200/0318], LR: 0.000500, Loss: 0.3920
2026-09-19 14:27:33.217425 Epoch [003/200], Step [0300/0318], LR: 0.000500, Loss: 0.3552
2026-09-19 14:27:37.617597 Epoch [003/200], Step [0318/0318], LR: 0.000500, Loss: 0.3583
Epoch: 3, Dataset: test, Dice: 0.7133, IoU: 0.5939
Epoch: 3, Dataset: val, Dice: 0.8150, IoU: 0.7178
2026-09-19 14:28:06.078990 Epoch [004/200], Step [0100/0318], LR: 0.000500, Loss: 0.3818
2026-09-19 14:28:31.770371 Epoch [004/200], Step [0200/0318], LR: 0.000500, Loss: 0.3770
2026-09-19 14:28:58.275218 Epoch [004/200], Step [0300/0318], LR: 0.000500, Loss: 0.3739
2026-09-19 14:29:02.599356 Epoch [004/200], Step [0318/0318], LR: 0.000500, Loss: 0.3668
Epoch: 4, Dataset: test, Dice: 0.7617, IoU: 0.6485
Epoch: 4, Dataset: val, Dice: 0.8230, IoU: 0.7264
### Best Model Saved (Dice improved from 0.8158 to 0.8230) ###
2026-09-19 14:29:32.212118 Epoch [005/200], Step [0100/0318], LR: 0.000500, Loss: 0.3490
2026-09-19 14:29:57.415414 Epoch [005/200], Step [0200/0318], LR: 0.000500, Loss: 0.3505
2026-09-19 14:30:22.760930 Epoch [005/200], Step [0300/0318], LR: 0.000500, Loss: 0.3548
2026-09-19 14:30:27.152025 Epoch [005/200], Step [0318/0318], LR: 0.000500, Loss: 0.3328
Epoch: 5, Dataset: test, Dice: 0.7628, IoU: 0.6498
Epoch: 5, Dataset: val, Dice: 0.8066, IoU: 0.7029
2026-09-19 14:30:56.277300 Epoch [006/200], Step [0100/0318], LR: 0.000499, Loss: 0.3359
2026-09-19 14:31:21.903602 Epoch [006/200], Step [0200/0318], LR: 0.000499, Loss: 0.3495
2026-09-19 14:31:47.588865 Epoch [006/200], Step [0300/0318], LR: 0.000499, Loss: 0.3505
2026-09-19 14:31:52.039198 Epoch [006/200], Step [0318/0318], LR: 0.000499, Loss: 0.3383
Epoch: 6, Dataset: test, Dice: 0.7861, IoU: 0.6762
Epoch: 6, Dataset: val, Dice: 0.8150, IoU: 0.7108
2026-09-19 14:32:21.589897 Epoch [007/200], Step [0100/0318], LR: 0.000499, Loss: 0.3546
2026-09-19 14:32:46.948443 Epoch [007/200], Step [0200/0318], LR: 0.000499, Loss: 0.3344
2026-09-19 14:33:12.195569 Epoch [007/200], Step [0300/0318], LR: 0.000499, Loss: 0.3235
2026-09-19 14:33:16.525579 Epoch [007/200], Step [0318/0318], LR: 0.000499, Loss: 0.3396
Epoch: 7, Dataset: test, Dice: 0.7611, IoU: 0.6531
Epoch: 7, Dataset: val, Dice: 0.8215, IoU: 0.7296
2026-09-19 14:33:45.618468 Epoch [008/200], Step [0100/0318], LR: 0.000498, Loss: 0.3250
2026-09-19 14:34:10.890832 Epoch [008/200], Step [0200/0318], LR: 0.000498, Loss: 0.3117
2026-09-19 14:34:36.535733 Epoch [008/200], Step [0300/0318], LR: 0.000498, Loss: 0.3194
2026-09-19 14:34:41.301408 Epoch [008/200], Step [0318/0318], LR: 0.000498, Loss: 0.3194
Epoch: 8, Dataset: test, Dice: 0.8288, IoU: 0.7345
Epoch: 8, Dataset: val, Dice: 0.8091, IoU: 0.7019
2026-09-19 14:35:11.217414 Epoch [009/200], Step [0100/0318], LR: 0.000498, Loss: 0.3172
2026-09-19 14:35:37.161959 Epoch [009/200], Step [0200/0318], LR: 0.000498, Loss: 0.3211
2026-09-19 14:36:02.959915 Epoch [009/200], Step [0300/0318], LR: 0.000498, Loss: 0.3057
2026-09-19 14:36:07.494139 Epoch [009/200], Step [0318/0318], LR: 0.000498, Loss: 0.3188
Epoch: 9, Dataset: test, Dice: 0.8243, IoU: 0.7364
Epoch: 9, Dataset: val, Dice: 0.8263, IoU: 0.7321
### Best Model Saved (Dice improved from 0.8230 to 0.8263) ###
2026-09-19 14:36:37.675609 Epoch [010/200], Step [0100/0318], LR: 0.000498, Loss: 0.3043
2026-09-19 14:37:03.344656 Epoch [010/200], Step [0200/0318], LR: 0.000498, Loss: 0.3062
2026-09-19 14:37:29.008844 Epoch [010/200], Step [0300/0318], LR: 0.000498, Loss: 0.3035
2026-09-19 14:37:33.592535 Epoch [010/200], Step [0318/0318], LR: 0.000498, Loss: 0.3294
Epoch: 10, Dataset: test, Dice: 0.3874, IoU: 0.2757
Epoch: 10, Dataset: val, Dice: 0.4994, IoU: 0.3853
2026-09-19 14:38:03.603849 Epoch [011/200], Step [0100/0318], LR: 0.000497, Loss: 0.3034
2026-09-19 14:38:30.490817 Epoch [011/200], Step [0200/0318], LR: 0.000497, Loss: 0.3121
2026-09-19 14:38:56.845787 Epoch [011/200], Step [0300/0318], LR: 0.000497, Loss: 0.2964
2026-09-19 14:39:01.397131 Epoch [011/200], Step [0318/0318], LR: 0.000497, Loss: 0.3082
Epoch: 11, Dataset: test, Dice: 0.8306, IoU: 0.7390
Epoch: 11, Dataset: val, Dice: 0.8326, IoU: 0.7386
### Best Model Saved (Dice improved from 0.8263 to 0.8326) ###
2026-09-19 14:39:32.184617 Epoch [012/200], Step [0100/0318], LR: 0.000496, Loss: 0.3024
2026-09-19 14:39:59.236380 Epoch [012/200], Step [0200/0318], LR: 0.000496, Loss: 0.3002
2026-09-19 14:40:27.370342 Epoch [012/200], Step [0300/0318], LR: 0.000496, Loss: 0.2905
2026-09-19 14:40:32.216118 Epoch [012/200], Step [0318/0318], LR: 0.000496, Loss: 0.2973
Epoch: 12, Dataset: test, Dice: 0.7978, IoU: 0.6974
Epoch: 12, Dataset: val, Dice: 0.8111, IoU: 0.7039
2026-09-19 14:41:04.553475 Epoch [013/200], Step [0100/0318], LR: 0.000496, Loss: 0.2984
2026-09-19 14:41:32.288412 Epoch [013/200], Step [0200/0318], LR: 0.000496, Loss: 0.2919
2026-09-19 14:42:00.024760 Epoch [013/200], Step [0300/0318], LR: 0.000496, Loss: 0.3070
2026-09-19 14:42:04.877434 Epoch [013/200], Step [0318/0318], LR: 0.000496, Loss: 0.2852
Epoch: 13, Dataset: test, Dice: 0.4421, IoU: 0.3261
Epoch: 13, Dataset: val, Dice: 0.5422, IoU: 0.4245
2026-09-19 14:42:36.187696 Epoch [014/200], Step [0100/0318], LR: 0.000495, Loss: 0.2769
2026-09-19 14:43:04.063650 Epoch [014/200], Step [0200/0318], LR: 0.000495, Loss: 0.2868
2026-09-19 14:43:31.739683 Epoch [014/200], Step [0300/0318], LR: 0.000495, Loss: 0.2815
2026-09-19 14:43:36.620338 Epoch [014/200], Step [0318/0318], LR: 0.000495, Loss: 0.2811
Epoch: 14, Dataset: test, Dice: 0.8283, IoU: 0.7354
Epoch: 14, Dataset: val, Dice: 0.8368, IoU: 0.7462
### Best Model Saved (Dice improved from 0.8326 to 0.8368) ###
2026-09-19 14:44:08.373552 Epoch [015/200], Step [0100/0318], LR: 0.000494, Loss: 0.2712
2026-09-19 14:44:35.259112 Epoch [015/200], Step [0200/0318], LR: 0.000494, Loss: 0.2844
2026-09-19 14:45:01.627935 Epoch [015/200], Step [0300/0318], LR: 0.000494, Loss: 0.2900
2026-09-19 14:45:06.148847 Epoch [015/200], Step [0318/0318], LR: 0.000494, Loss: 0.2673
Epoch: 15, Dataset: test, Dice: 0.8067, IoU: 0.7072
Epoch: 15, Dataset: val, Dice: 0.8533, IoU: 0.7592
### Best Model Saved (Dice improved from 0.8368 to 0.8533) ###
2026-09-19 14:45:36.108981 Epoch [016/200], Step [0100/0318], LR: 0.000493, Loss: 0.2682
2026-09-19 14:46:01.413345 Epoch [016/200], Step [0200/0318], LR: 0.000493, Loss: 0.2696
2026-09-19 14:46:27.527256 Epoch [016/200], Step [0300/0318], LR: 0.000493, Loss: 0.2747
2026-09-19 14:46:32.129901 Epoch [016/200], Step [0318/0318], LR: 0.000493, Loss: 0.2749
Epoch: 16, Dataset: test, Dice: 0.8302, IoU: 0.7369
Epoch: 16, Dataset: val, Dice: 0.8347, IoU: 0.7350
2026-09-19 14:47:01.779353 Epoch [017/200], Step [0100/0318], LR: 0.000492, Loss: 0.2411
2026-09-19 14:47:27.675962 Epoch [017/200], Step [0200/0318], LR: 0.000492, Loss: 0.2966
2026-09-19 14:47:53.968977 Epoch [017/200], Step [0300/0318], LR: 0.000492, Loss: 0.2785
2026-09-19 14:47:58.444916 Epoch [017/200], Step [0318/0318], LR: 0.000492, Loss: 0.2570
Epoch: 17, Dataset: test, Dice: 0.8204, IoU: 0.7180
Epoch: 17, Dataset: val, Dice: 0.8502, IoU: 0.7571
2026-09-19 14:48:28.197748 Epoch [018/200], Step [0100/0318], LR: 0.000491, Loss: 0.2748
2026-09-19 14:48:53.272046 Epoch [018/200], Step [0200/0318], LR: 0.000491, Loss: 0.2543
2026-09-19 14:49:18.170698 Epoch [018/200], Step [0300/0318], LR: 0.000491, Loss: 0.2629
2026-09-19 14:49:22.390745 Epoch [018/200], Step [0318/0318], LR: 0.000491, Loss: 0.2602
Epoch: 18, Dataset: test, Dice: 0.8038, IoU: 0.7071
Epoch: 18, Dataset: val, Dice: 0.7812, IoU: 0.6644
2026-09-19 14:49:51.220757 Epoch [019/200], Step [0100/0318], LR: 0.000490, Loss: 0.2536
2026-09-19 14:50:16.217550 Epoch [019/200], Step [0200/0318], LR: 0.000490, Loss: 0.2668
2026-09-19 14:50:42.322171 Epoch [019/200], Step [0300/0318], LR: 0.000490, Loss: 0.2588
2026-09-19 14:50:46.732670 Epoch [019/200], Step [0318/0318], LR: 0.000490, Loss: 0.2658
Epoch: 19, Dataset: test, Dice: 0.8318, IoU: 0.7378
Epoch: 19, Dataset: val, Dice: 0.8597, IoU: 0.7713
### Best Model Saved (Dice improved from 0.8533 to 0.8597) ###
2026-09-19 14:51:15.379008 Epoch [020/200], Step [0100/0318], LR: 0.000489, Loss: 0.2500
2026-09-19 14:51:39.892966 Epoch [020/200], Step [0200/0318], LR: 0.000489, Loss: 0.2431
2026-09-19 14:52:03.986240 Epoch [020/200], Step [0300/0318], LR: 0.000489, Loss: 0.2540
2026-09-19 14:52:08.253919 Epoch [020/200], Step [0318/0318], LR: 0.000489, Loss: 0.2525
Epoch: 20, Dataset: test, Dice: 0.8145, IoU: 0.7206
Epoch: 20, Dataset: val, Dice: 0.8243, IoU: 0.7201
2026-09-19 14:52:36.333357 Epoch [021/200], Step [0100/0318], LR: 0.000488, Loss: 0.2423
2026-09-19 14:53:00.067078 Epoch [021/200], Step [0200/0318], LR: 0.000488, Loss: 0.2586
2026-09-19 14:53:24.067937 Epoch [021/200], Step [0300/0318], LR: 0.000488, Loss: 0.2515
2026-09-19 14:53:28.206522 Epoch [021/200], Step [0318/0318], LR: 0.000488, Loss: 0.2554
Epoch: 21, Dataset: test, Dice: 0.8150, IoU: 0.7176
Epoch: 21, Dataset: val, Dice: 0.8456, IoU: 0.7551
2026-09-19 14:53:56.543260 Epoch [022/200], Step [0100/0318], LR: 0.000487, Loss: 0.2397
2026-09-19 14:54:20.901081 Epoch [022/200], Step [0200/0318], LR: 0.000487, Loss: 0.2397
2026-09-19 14:54:45.098216 Epoch [022/200], Step [0300/0318], LR: 0.000487, Loss: 0.2418
2026-09-19 14:54:49.434076 Epoch [022/200], Step [0318/0318], LR: 0.000487, Loss: 0.2481
Epoch: 22, Dataset: test, Dice: 0.4609, IoU: 0.3566
Epoch: 22, Dataset: val, Dice: 0.5309, IoU: 0.4221
2026-09-19 14:55:17.708854 Epoch [023/200], Step [0100/0318], LR: 0.000485, Loss: 0.2384
2026-09-19 14:55:41.894609 Epoch [023/200], Step [0200/0318], LR: 0.000485, Loss: 0.2440
2026-09-19 14:56:07.546506 Epoch [023/200], Step [0300/0318], LR: 0.000485, Loss: 0.2422
2026-09-19 14:56:11.899140 Epoch [023/200], Step [0318/0318], LR: 0.000485, Loss: 0.2461
Epoch: 23, Dataset: test, Dice: 0.8334, IoU: 0.7372
Epoch: 23, Dataset: val, Dice: 0.8470, IoU: 0.7516
2026-09-19 14:56:41.074532 Epoch [024/200], Step [0100/0318], LR: 0.000484, Loss: 0.2416
2026-09-19 14:57:05.754257 Epoch [024/200], Step [0200/0318], LR: 0.000484, Loss: 0.2425
2026-09-19 14:57:30.348920 Epoch [024/200], Step [0300/0318], LR: 0.000484, Loss: 0.2465
2026-09-19 14:57:34.609746 Epoch [024/200], Step [0318/0318], LR: 0.000484, Loss: 0.2461
Epoch: 24, Dataset: test, Dice: 0.8161, IoU: 0.7147
Epoch: 24, Dataset: val, Dice: 0.8536, IoU: 0.7674
2026-09-19 14:58:02.939847 Epoch [025/200], Step [0100/0318], LR: 0.000482, Loss: 0.2486
2026-09-19 14:58:27.389919 Epoch [025/200], Step [0200/0318], LR: 0.000482, Loss: 0.2331
2026-09-19 14:58:52.171860 Epoch [025/200], Step [0300/0318], LR: 0.000482, Loss: 0.2265
2026-09-19 14:58:56.508422 Epoch [025/200], Step [0318/0318], LR: 0.000482, Loss: 0.2412
Epoch: 25, Dataset: test, Dice: 0.8236, IoU: 0.7332
Epoch: 25, Dataset: val, Dice: 0.8216, IoU: 0.7185
2026-09-19 14:59:25.946448 Epoch [026/200], Step [0100/0318], LR: 0.000481, Loss: 0.2421
2026-09-19 14:59:51.116253 Epoch [026/200], Step [0200/0318], LR: 0.000481, Loss: 0.2232
2026-09-19 15:00:16.011639 Epoch [026/200], Step [0300/0318], LR: 0.000481, Loss: 0.2382
2026-09-19 15:00:20.166010 Epoch [026/200], Step [0318/0318], LR: 0.000481, Loss: 0.2344
Epoch: 26, Dataset: test, Dice: 0.8328, IoU: 0.7353
Epoch: 26, Dataset: val, Dice: 0.8374, IoU: 0.7392
2026-09-19 15:00:48.547346 Epoch [027/200], Step [0100/0318], LR: 0.000479, Loss: 0.2368
2026-09-19 15:01:12.818627 Epoch [027/200], Step [0200/0318], LR: 0.000479, Loss: 0.2277
2026-09-19 15:01:36.159370 Epoch [027/200], Step [0300/0318], LR: 0.000479, Loss: 0.2346
2026-09-19 15:01:40.177760 Epoch [027/200], Step [0318/0318], LR: 0.000479, Loss: 0.2256
Epoch: 27, Dataset: test, Dice: 0.8133, IoU: 0.7153
Epoch: 27, Dataset: val, Dice: 0.8382, IoU: 0.7443
2026-09-19 15:02:07.700303 Epoch [028/200], Step [0100/0318], LR: 0.000478, Loss: 0.2306
2026-09-19 15:02:31.426749 Epoch [028/200], Step [0200/0318], LR: 0.000478, Loss: 0.2329
2026-09-19 15:02:55.669952 Epoch [028/200], Step [0300/0318], LR: 0.000478, Loss: 0.2160
2026-09-19 15:02:59.795818 Epoch [028/200], Step [0318/0318], LR: 0.000478, Loss: 0.2130
Epoch: 28, Dataset: test, Dice: 0.8284, IoU: 0.7338
Epoch: 28, Dataset: val, Dice: 0.8424, IoU: 0.7484
2026-09-19 15:03:27.833899 Epoch [029/200], Step [0100/0318], LR: 0.000476, Loss: 0.2176
2026-09-19 15:03:51.980443 Epoch [029/200], Step [0200/0318], LR: 0.000476, Loss: 0.2227
2026-09-19 15:04:15.573943 Epoch [029/200], Step [0300/0318], LR: 0.000476, Loss: 0.2254
2026-09-19 15:04:19.755577 Epoch [029/200], Step [0318/0318], LR: 0.000476, Loss: 0.2324
Epoch: 29, Dataset: test, Dice: 0.8186, IoU: 0.7192
Epoch: 29, Dataset: val, Dice: 0.8520, IoU: 0.7593
2026-09-19 15:04:48.688405 Epoch [030/200], Step [0100/0318], LR: 0.000475, Loss: 0.2227
2026-09-19 15:05:13.341189 Epoch [030/200], Step [0200/0318], LR: 0.000475, Loss: 0.2209
2026-09-19 15:05:37.300411 Epoch [030/200], Step [0300/0318], LR: 0.000475, Loss: 0.2329
2026-09-19 15:05:41.369233 Epoch [030/200], Step [0318/0318], LR: 0.000475, Loss: 0.2220
Epoch: 30, Dataset: test, Dice: 0.8317, IoU: 0.7417
Epoch: 30, Dataset: val, Dice: 0.8447, IoU: 0.7454
2026-09-19 15:06:10.629623 Epoch [031/200], Step [0100/0318], LR: 0.000473, Loss: 0.2242
2026-09-19 15:06:36.481015 Epoch [031/200], Step [0200/0318], LR: 0.000473, Loss: 0.2052
2026-09-19 15:07:00.815713 Epoch [031/200], Step [0300/0318], LR: 0.000473, Loss: 0.2288
2026-09-19 15:07:04.827587 Epoch [031/200], Step [0318/0318], LR: 0.000473, Loss: 0.2366
Epoch: 31, Dataset: test, Dice: 0.8319, IoU: 0.7449
Epoch: 31, Dataset: val, Dice: 0.8089, IoU: 0.6984
2026-09-19 15:07:34.168726 Epoch [032/200], Step [0100/0318], LR: 0.000471, Loss: 0.2261
2026-09-19 15:07:59.282937 Epoch [032/200], Step [0200/0318], LR: 0.000471, Loss: 0.2259
2026-09-19 15:08:23.606916 Epoch [032/200], Step [0300/0318], LR: 0.000471, Loss: 0.2068
2026-09-19 15:08:27.629957 Epoch [032/200], Step [0318/0318], LR: 0.000471, Loss: 0.2098
Epoch: 32, Dataset: test, Dice: 0.8482, IoU: 0.7606
Epoch: 32, Dataset: val, Dice: 0.8514, IoU: 0.7615
2026-09-19 15:08:56.642923 Epoch [033/200], Step [0100/0318], LR: 0.000469, Loss: 0.2071
2026-09-19 15:09:22.673734 Epoch [033/200], Step [0200/0318], LR: 0.000469, Loss: 0.2145
2026-09-19 15:09:49.131289 Epoch [033/200], Step [0300/0318], LR: 0.000469, Loss: 0.2298
2026-09-19 15:09:53.429123 Epoch [033/200], Step [0318/0318], LR: 0.000469, Loss: 0.2283
Epoch: 33, Dataset: test, Dice: 0.8198, IoU: 0.7199
Epoch: 33, Dataset: val, Dice: 0.8377, IoU: 0.7403
2026-09-19 15:10:21.800654 Epoch [034/200], Step [0100/0318], LR: 0.000467, Loss: 0.2183
2026-09-19 15:10:46.324021 Epoch [034/200], Step [0200/0318], LR: 0.000467, Loss: 0.2179
2026-09-19 15:11:12.142351 Epoch [034/200], Step [0300/0318], LR: 0.000467, Loss: 0.2095
2026-09-19 15:11:16.299646 Epoch [034/200], Step [0318/0318], LR: 0.000467, Loss: 0.2083
Epoch: 34, Dataset: test, Dice: 0.8296, IoU: 0.7319
Epoch: 34, Dataset: val, Dice: 0.8307, IoU: 0.7327
2026-09-19 15:11:44.291732 Epoch [035/200], Step [0100/0318], LR: 0.000465, Loss: 0.2258
2026-09-19 15:12:09.532209 Epoch [035/200], Step [0200/0318], LR: 0.000465, Loss: 0.2097
2026-09-19 15:12:34.021690 Epoch [035/200], Step [0300/0318], LR: 0.000465, Loss: 0.2098
2026-09-19 15:12:38.280644 Epoch [035/200], Step [0318/0318], LR: 0.000465, Loss: 0.2162
Epoch: 35, Dataset: test, Dice: 0.8333, IoU: 0.7400
Epoch: 35, Dataset: val, Dice: 0.8355, IoU: 0.7338
2026-09-19 15:13:06.328977 Epoch [036/200], Step [0100/0318], LR: 0.000463, Loss: 0.2105
2026-09-19 15:13:30.375160 Epoch [036/200], Step [0200/0318], LR: 0.000463, Loss: 0.2072
2026-09-19 15:13:56.324421 Epoch [036/200], Step [0300/0318], LR: 0.000463, Loss: 0.2072
2026-09-19 15:14:00.429844 Epoch [036/200], Step [0318/0318], LR: 0.000463, Loss: 0.2054
Epoch: 36, Dataset: test, Dice: 0.8363, IoU: 0.7502
Epoch: 36, Dataset: val, Dice: 0.8383, IoU: 0.7380
2026-09-19 15:14:30.299671 Epoch [037/200], Step [0100/0318], LR: 0.000461, Loss: 0.2025
2026-09-19 15:14:54.598989 Epoch [037/200], Step [0200/0318], LR: 0.000461, Loss: 0.2206
2026-09-19 15:15:18.630508 Epoch [037/200], Step [0300/0318], LR: 0.000461, Loss: 0.2128
2026-09-19 15:15:22.577710 Epoch [037/200], Step [0318/0318], LR: 0.000461, Loss: 0.2057
Epoch: 37, Dataset: test, Dice: 0.8459, IoU: 0.7543
Epoch: 37, Dataset: val, Dice: 0.8155, IoU: 0.7109
2026-09-19 15:15:51.797787 Epoch [038/200], Step [0100/0318], LR: 0.000459, Loss: 0.2050
2026-09-19 15:16:16.472846 Epoch [038/200], Step [0200/0318], LR: 0.000459, Loss: 0.2163
2026-09-19 15:16:41.491917 Epoch [038/200], Step [0300/0318], LR: 0.000459, Loss: 0.2097
2026-09-19 15:16:45.820530 Epoch [038/200], Step [0318/0318], LR: 0.000459, Loss: 0.2059
Epoch: 38, Dataset: test, Dice: 0.8290, IoU: 0.7335
Epoch: 38, Dataset: val, Dice: 0.8130, IoU: 0.7095
2026-09-19 15:17:14.862994 Epoch [039/200], Step [0100/0318], LR: 0.000457, Loss: 0.2056
2026-09-19 15:17:40.242508 Epoch [039/200], Step [0200/0318], LR: 0.000457, Loss: 0.2084
2026-09-19 15:18:05.982382 Epoch [039/200], Step [0300/0318], LR: 0.000457, Loss: 0.2095
2026-09-19 15:18:10.552884 Epoch [039/200], Step [0318/0318], LR: 0.000457, Loss: 0.2025
Epoch: 39, Dataset: test, Dice: 0.8468, IoU: 0.7608
Epoch: 39, Dataset: val, Dice: 0.8216, IoU: 0.7240
2026-09-19 15:18:41.122176 Epoch [040/200], Step [0100/0318], LR: 0.000455, Loss: 0.2077
2026-09-19 15:19:07.434885 Epoch [040/200], Step [0200/0318], LR: 0.000455, Loss: 0.2184
2026-09-19 15:19:33.676477 Epoch [040/200], Step [0300/0318], LR: 0.000455, Loss: 0.2057
2026-09-19 15:19:38.358433 Epoch [040/200], Step [0318/0318], LR: 0.000455, Loss: 0.1986
Epoch: 40, Dataset: test, Dice: 0.8251, IoU: 0.7335
Epoch: 40, Dataset: val, Dice: 0.8209, IoU: 0.7267
2026-09-19 15:20:09.533952 Epoch [041/200], Step [0100/0318], LR: 0.000452, Loss: 0.2056
2026-09-19 15:20:36.287129 Epoch [041/200], Step [0200/0318], LR: 0.000452, Loss: 0.2037
2026-09-19 15:21:03.162034 Epoch [041/200], Step [0300/0318], LR: 0.000452, Loss: 0.2097
2026-09-19 15:21:07.673819 Epoch [041/200], Step [0318/0318], LR: 0.000452, Loss: 0.2052
Epoch: 41, Dataset: test, Dice: 0.8411, IoU: 0.7502
Epoch: 41, Dataset: val, Dice: 0.8479, IoU: 0.7513
2026-09-19 15:21:38.302298 Epoch [042/200], Step [0100/0318], LR: 0.000450, Loss: 0.2008
2026-09-19 15:22:04.177119 Epoch [042/200], Step [0200/0318], LR: 0.000450, Loss: 0.1972
2026-09-19 15:22:29.977387 Epoch [042/200], Step [0300/0318], LR: 0.000450, Loss: 0.2050
2026-09-19 15:22:34.530031 Epoch [042/200], Step [0318/0318], LR: 0.000450, Loss: 0.2056
Epoch: 42, Dataset: test, Dice: 0.2318, IoU: 0.1409
Epoch: 42, Dataset: val, Dice: 0.3561, IoU: 0.2448
2026-09-19 15:23:04.533712 Epoch [043/200], Step [0100/0318], LR: 0.000448, Loss: 0.2027
2026-09-19 15:23:30.570294 Epoch [043/200], Step [0200/0318], LR: 0.000448, Loss: 0.2041
2026-09-19 15:23:56.274174 Epoch [043/200], Step [0300/0318], LR: 0.000448, Loss: 0.2007
2026-09-19 15:24:00.868772 Epoch [043/200], Step [0318/0318], LR: 0.000448, Loss: 0.2006
Epoch: 43, Dataset: test, Dice: 0.8257, IoU: 0.7267
Epoch: 43, Dataset: val, Dice: 0.8431, IoU: 0.7478
2026-09-19 15:24:30.863450 Epoch [044/200], Step [0100/0318], LR: 0.000445, Loss: 0.2014
2026-09-19 15:24:56.893354 Epoch [044/200], Step [0200/0318], LR: 0.000445, Loss: 0.2002
2026-09-19 15:25:22.756422 Epoch [044/200], Step [0300/0318], LR: 0.000445, Loss: 0.2034
2026-09-19 15:25:27.406900 Epoch [044/200], Step [0318/0318], LR: 0.000445, Loss: 0.2046
Epoch: 44, Dataset: test, Dice: 0.8128, IoU: 0.7208
Epoch: 44, Dataset: val, Dice: 0.8146, IoU: 0.7083
2026-09-19 15:25:57.924690 Epoch [045/200], Step [0100/0318], LR: 0.000443, Loss: 0.2000
2026-09-19 15:26:24.959809 Epoch [045/200], Step [0200/0318], LR: 0.000443, Loss: 0.2042
2026-09-19 15:26:51.392725 Epoch [045/200], Step [0300/0318], LR: 0.000443, Loss: 0.2003
2026-09-19 15:26:55.968711 Epoch [045/200], Step [0318/0318], LR: 0.000443, Loss: 0.1945
Epoch: 45, Dataset: test, Dice: 0.8249, IoU: 0.7308
Epoch: 45, Dataset: val, Dice: 0.8333, IoU: 0.7402
2026-09-19 15:27:26.312446 Epoch [046/200], Step [0100/0318], LR: 0.000440, Loss: 0.1988
2026-09-19 15:27:52.626287 Epoch [046/200], Step [0200/0318], LR: 0.000440, Loss: 0.2009
2026-09-19 15:28:19.005969 Epoch [046/200], Step [0300/0318], LR: 0.000440, Loss: 0.1834
2026-09-19 15:28:23.842957 Epoch [046/200], Step [0318/0318], LR: 0.000440, Loss: 0.1973
Epoch: 46, Dataset: test, Dice: 0.6718, IoU: 0.5699
Epoch: 46, Dataset: val, Dice: 0.7291, IoU: 0.6194
2026-09-19 15:28:55.081196 Epoch [047/200], Step [0100/0318], LR: 0.000438, Loss: 0.1926
2026-09-19 15:29:21.406753 Epoch [047/200], Step [0200/0318], LR: 0.000438, Loss: 0.1956
2026-09-19 15:29:47.793215 Epoch [047/200], Step [0300/0318], LR: 0.000438, Loss: 0.2149
2026-09-19 15:29:52.323930 Epoch [047/200], Step [0318/0318], LR: 0.000438, Loss: 0.2084
Epoch: 47, Dataset: test, Dice: 0.8108, IoU: 0.7169
Epoch: 47, Dataset: val, Dice: 0.8102, IoU: 0.7116
2026-09-19 15:30:22.611394 Epoch [048/200], Step [0100/0318], LR: 0.000435, Loss: 0.1906
2026-09-19 15:30:47.654721 Epoch [048/200], Step [0200/0318], LR: 0.000435, Loss: 0.2054
2026-09-19 15:31:12.741395 Epoch [048/200], Step [0300/0318], LR: 0.000435, Loss: 0.1837
2026-09-19 15:31:17.110297 Epoch [048/200], Step [0318/0318], LR: 0.000435, Loss: 0.1884
Epoch: 48, Dataset: test, Dice: 0.7877, IoU: 0.6866
Epoch: 48, Dataset: val, Dice: 0.7773, IoU: 0.6586
2026-09-19 15:31:46.550586 Epoch [049/200], Step [0100/0318], LR: 0.000432, Loss: 0.1892
2026-09-19 15:32:12.157748 Epoch [049/200], Step [0200/0318], LR: 0.000432, Loss: 0.1956
2026-09-19 15:32:37.457270 Epoch [049/200], Step [0300/0318], LR: 0.000432, Loss: 0.1898
2026-09-19 15:32:41.787426 Epoch [049/200], Step [0318/0318], LR: 0.000432, Loss: 0.1908
Epoch: 49, Dataset: test, Dice: 0.7985, IoU: 0.6972
Epoch: 49, Dataset: val, Dice: 0.8377, IoU: 0.7448
2026-09-19 15:33:10.853497 Epoch [050/200], Step [0100/0318], LR: 0.000430, Loss: 0.2003
2026-09-19 15:33:36.789999 Epoch [050/200], Step [0200/0318], LR: 0.000430, Loss: 0.2037
2026-09-19 15:34:02.262699 Epoch [050/200], Step [0300/0318], LR: 0.000430, Loss: 0.1916
2026-09-19 15:34:06.653093 Epoch [050/200], Step [0318/0318], LR: 0.000430, Loss: 0.2002
Epoch: 50, Dataset: test, Dice: 0.7967, IoU: 0.6969
Epoch: 50, Dataset: val, Dice: 0.7889, IoU: 0.6831
2026-09-19 15:34:36.054900 Epoch [051/200], Step [0100/0318], LR: 0.000427, Loss: 0.1926
2026-09-19 15:35:01.513855 Epoch [051/200], Step [0200/0318], LR: 0.000427, Loss: 0.1947
2026-09-19 15:35:27.893497 Epoch [051/200], Step [0300/0318], LR: 0.000427, Loss: 0.1861
2026-09-19 15:35:32.401668 Epoch [051/200], Step [0318/0318], LR: 0.000427, Loss: 0.1855
Epoch: 51, Dataset: test, Dice: 0.8407, IoU: 0.7485
Epoch: 51, Dataset: val, Dice: 0.8436, IoU: 0.7479
2026-09-19 15:36:03.976652 Epoch [052/200], Step [0100/0318], LR: 0.000424, Loss: 0.1947
2026-09-19 15:36:28.692548 Epoch [052/200], Step [0200/0318], LR: 0.000424, Loss: 0.1918
2026-09-19 15:36:53.394696 Epoch [052/200], Step [0300/0318], LR: 0.000424, Loss: 0.1899
2026-09-19 15:36:57.593780 Epoch [052/200], Step [0318/0318], LR: 0.000424, Loss: 0.1873
Epoch: 52, Dataset: test, Dice: 0.8354, IoU: 0.7435
Epoch: 52, Dataset: val, Dice: 0.8321, IoU: 0.7342
2026-09-19 15:37:25.982802 Epoch [053/200], Step [0100/0318], LR: 0.000421, Loss: 0.1917
2026-09-19 15:37:50.639127 Epoch [053/200], Step [0200/0318], LR: 0.000421, Loss: 0.1874
2026-09-19 15:38:15.508540 Epoch [053/200], Step [0300/0318], LR: 0.000421, Loss: 0.1890
2026-09-19 15:38:19.740530 Epoch [053/200], Step [0318/0318], LR: 0.000421, Loss: 0.1836
Epoch: 53, Dataset: test, Dice: 0.8063, IoU: 0.7058
Epoch: 53, Dataset: val, Dice: 0.8244, IoU: 0.7225
2026-09-19 15:38:48.372359 Epoch [054/200], Step [0100/0318], LR: 0.000418, Loss: 0.1895
2026-09-19 15:39:13.510940 Epoch [054/200], Step [0200/0318], LR: 0.000418, Loss: 0.1809
2026-09-19 15:39:38.040400 Epoch [054/200], Step [0300/0318], LR: 0.000418, Loss: 0.1873
2026-09-19 15:39:42.374548 Epoch [054/200], Step [0318/0318], LR: 0.000418, Loss: 0.2020
Epoch: 54, Dataset: test, Dice: 0.8062, IoU: 0.7092
Epoch: 54, Dataset: val, Dice: 0.7970, IoU: 0.6878
2026-09-19 15:40:11.027143 Epoch [055/200], Step [0100/0318], LR: 0.000415, Loss: 0.1780
2026-09-19 15:40:35.810891 Epoch [055/200], Step [0200/0318], LR: 0.000415, Loss: 0.1900
2026-09-19 15:41:00.001053 Epoch [055/200], Step [0300/0318], LR: 0.000415, Loss: 0.1930
2026-09-19 15:41:04.121056 Epoch [055/200], Step [0318/0318], LR: 0.000415, Loss: 0.1884
Epoch: 55, Dataset: test, Dice: 0.7888, IoU: 0.6835
Epoch: 55, Dataset: val, Dice: 0.7938, IoU: 0.6866
2026-09-19 15:41:32.741568 Epoch [056/200], Step [0100/0318], LR: 0.000413, Loss: 0.1791
2026-09-19 15:41:56.282404 Epoch [056/200], Step [0200/0318], LR: 0.000413, Loss: 0.1833
2026-09-19 15:42:20.741436 Epoch [056/200], Step [0300/0318], LR: 0.000413, Loss: 0.1782
2026-09-19 15:42:24.860474 Epoch [056/200], Step [0318/0318], LR: 0.000413, Loss: 0.1816
Epoch: 56, Dataset: test, Dice: 0.8277, IoU: 0.7413
Epoch: 56, Dataset: val, Dice: 0.8226, IoU: 0.7169
2026-09-19 15:42:53.267477 Epoch [057/200], Step [0100/0318], LR: 0.000410, Loss: 0.1929
2026-09-19 15:43:17.711005 Epoch [057/200], Step [0200/0318], LR: 0.000410, Loss: 0.1823
2026-09-19 15:43:41.755088 Epoch [057/200], Step [0300/0318], LR: 0.000410, Loss: 0.1884
2026-09-19 15:43:46.031371 Epoch [057/200], Step [0318/0318], LR: 0.000410, Loss: 0.1877
Epoch: 57, Dataset: test, Dice: 0.8305, IoU: 0.7393
Epoch: 57, Dataset: val, Dice: 0.8155, IoU: 0.7060
2026-09-19 15:44:13.839806 Epoch [058/200], Step [0100/0318], LR: 0.000406, Loss: 0.1826
2026-09-19 15:44:37.748798 Epoch [058/200], Step [0200/0318], LR: 0.000406, Loss: 0.1859
2026-09-19 15:45:01.981589 Epoch [058/200], Step [0300/0318], LR: 0.000406, Loss: 0.1839
2026-09-19 15:45:06.057053 Epoch [058/200], Step [0318/0318], LR: 0.000406, Loss: 0.1870
Epoch: 58, Dataset: test, Dice: 0.8300, IoU: 0.7379
Epoch: 58, Dataset: val, Dice: 0.8316, IoU: 0.7368
2026-09-19 15:45:34.187570 Epoch [059/200], Step [0100/0318], LR: 0.000403, Loss: 0.1850
2026-09-19 15:45:57.886678 Epoch [059/200], Step [0200/0318], LR: 0.000403, Loss: 0.1788
2026-09-19 15:46:21.572175 Epoch [059/200], Step [0300/0318], LR: 0.000403, Loss: 0.1847
2026-09-19 15:46:25.848712 Epoch [059/200], Step [0318/0318], LR: 0.000403, Loss: 0.1808
Epoch: 59, Dataset: test, Dice: 0.8169, IoU: 0.7224
Epoch: 59, Dataset: val, Dice: 0.8095, IoU: 0.7068
2026-09-19 15:46:54.074261 Epoch [060/200], Step [0100/0318], LR: 0.000400, Loss: 0.1697
2026-09-19 15:47:18.516406 Epoch [060/200], Step [0200/0318], LR: 0.000400, Loss: 0.1852
2026-09-19 15:47:42.745806 Epoch [060/200], Step [0300/0318], LR: 0.000400, Loss: 0.1848
2026-09-19 15:47:46.763236 Epoch [060/200], Step [0318/0318], LR: 0.000400, Loss: 0.1831
Epoch: 60, Dataset: test, Dice: 0.6642, IoU: 0.5595
Epoch: 60, Dataset: val, Dice: 0.7164, IoU: 0.6105
2026-09-19 15:48:14.773562 Epoch [061/200], Step [0100/0318], LR: 0.000397, Loss: 0.1834
2026-09-19 15:48:38.101576 Epoch [061/200], Step [0200/0318], LR: 0.000397, Loss: 0.1796
2026-09-19 15:49:01.472932 Epoch [061/200], Step [0300/0318], LR: 0.000397, Loss: 0.1809
2026-09-19 15:49:05.507166 Epoch [061/200], Step [0318/0318], LR: 0.000397, Loss: 0.1741
Epoch: 61, Dataset: test, Dice: 0.8270, IoU: 0.7322
Epoch: 61, Dataset: val, Dice: 0.8236, IoU: 0.7171
2026-09-19 15:49:32.897506 Epoch [062/200], Step [0100/0318], LR: 0.000394, Loss: 0.1751
2026-09-19 15:49:56.584901 Epoch [062/200], Step [0200/0318], LR: 0.000394, Loss: 0.1756
2026-09-19 15:50:19.828175 Epoch [062/200], Step [0300/0318], LR: 0.000394, Loss: 0.1815
2026-09-19 15:50:24.142599 Epoch [062/200], Step [0318/0318], LR: 0.000394, Loss: 0.1858
Epoch: 62, Dataset: test, Dice: 0.6928, IoU: 0.5886
Epoch: 62, Dataset: val, Dice: 0.7480, IoU: 0.6408
2026-09-19 15:50:51.757809 Epoch [063/200], Step [0100/0318], LR: 0.000391, Loss: 0.1751
2026-09-19 15:51:15.581395 Epoch [063/200], Step [0200/0318], LR: 0.000391, Loss: 0.1875
2026-09-19 15:51:39.252668 Epoch [063/200], Step [0300/0318], LR: 0.000391, Loss: 0.1729
2026-09-19 15:51:43.355879 Epoch [063/200], Step [0318/0318], LR: 0.000391, Loss: 0.1741
Epoch: 63, Dataset: test, Dice: 0.8244, IoU: 0.7309
Epoch: 63, Dataset: val, Dice: 0.8127, IoU: 0.7073
2026-09-19 15:52:11.697786 Epoch [064/200], Step [0100/0318], LR: 0.000387, Loss: 0.1796
2026-09-19 15:52:35.458437 Epoch [064/200], Step [0200/0318], LR: 0.000387, Loss: 0.1811
2026-09-19 15:53:00.316838 Epoch [064/200], Step [0300/0318], LR: 0.000387, Loss: 0.1775
2026-09-19 15:53:04.734296 Epoch [064/200], Step [0318/0318], LR: 0.000387, Loss: 0.1812
Epoch: 64, Dataset: test, Dice: 0.7418, IoU: 0.6215
Epoch: 64, Dataset: val, Dice: 0.7257, IoU: 0.5917
2026-09-19 15:53:33.983185 Epoch [065/200], Step [0100/0318], LR: 0.000384, Loss: 0.1776
2026-09-19 15:53:58.638099 Epoch [065/200], Step [0200/0318], LR: 0.000384, Loss: 0.1781
2026-09-19 15:54:23.452229 Epoch [065/200], Step [0300/0318], LR: 0.000384, Loss: 0.1830
2026-09-19 15:54:27.670836 Epoch [065/200], Step [0318/0318], LR: 0.000384, Loss: 0.1833
Epoch: 65, Dataset: test, Dice: 0.8102, IoU: 0.7141
Epoch: 65, Dataset: val, Dice: 0.8092, IoU: 0.7035
2026-09-19 15:54:56.113642 Epoch [066/200], Step [0100/0318], LR: 0.000381, Loss: 0.1738
2026-09-19 15:55:20.096017 Epoch [066/200], Step [0200/0318], LR: 0.000381, Loss: 0.1735
2026-09-19 15:55:43.920231 Epoch [066/200], Step [0300/0318], LR: 0.000381, Loss: 0.1770
2026-09-19 15:55:48.114173 Epoch [066/200], Step [0318/0318], LR: 0.000381, Loss: 0.1755
Epoch: 66, Dataset: test, Dice: 0.8245, IoU: 0.7249
Epoch: 66, Dataset: val, Dice: 0.8397, IoU: 0.7400
2026-09-19 15:56:16.076148 Epoch [067/200], Step [0100/0318], LR: 0.000378, Loss: 0.1776
2026-09-19 15:56:41.390615 Epoch [067/200], Step [0200/0318], LR: 0.000378, Loss: 0.1746
2026-09-19 15:57:05.123649 Epoch [067/200], Step [0300/0318], LR: 0.000378, Loss: 0.1769
2026-09-19 15:57:09.195806 Epoch [067/200], Step [0318/0318], LR: 0.000378, Loss: 0.1792
Epoch: 67, Dataset: test, Dice: 0.8404, IoU: 0.7513
Epoch: 67, Dataset: val, Dice: 0.8436, IoU: 0.7476
2026-09-19 15:57:36.695779 Epoch [068/200], Step [0100/0318], LR: 0.000374, Loss: 0.1729
2026-09-19 15:57:59.966680 Epoch [068/200], Step [0200/0318], LR: 0.000374, Loss: 0.1738
2026-09-19 15:58:23.478475 Epoch [068/200], Step [0300/0318], LR: 0.000374, Loss: 0.1800
2026-09-19 15:58:27.446659 Epoch [068/200], Step [0318/0318], LR: 0.000374, Loss: 0.1887
Epoch: 68, Dataset: test, Dice: 0.6041, IoU: 0.4710
Epoch: 68, Dataset: val, Dice: 0.6426, IoU: 0.5048
2026-09-19 15:58:54.879768 Epoch [069/200], Step [0100/0318], LR: 0.000371, Loss: 0.1739
2026-09-19 15:59:18.820139 Epoch [069/200], Step [0200/0318], LR: 0.000371, Loss: 0.1785
2026-09-19 15:59:43.164921 Epoch [069/200], Step [0300/0318], LR: 0.000371, Loss: 0.1825
2026-09-19 15:59:47.284561 Epoch [069/200], Step [0318/0318], LR: 0.000371, Loss: 0.1824
Epoch: 69, Dataset: test, Dice: 0.8124, IoU: 0.7173
Epoch: 69, Dataset: val, Dice: 0.8152, IoU: 0.7137
2026-09-19 16:00:14.550359 Epoch [070/200], Step [0100/0318], LR: 0.000367, Loss: 0.1730
2026-09-19 16:00:38.211872 Epoch [070/200], Step [0200/0318], LR: 0.000367, Loss: 0.1731
2026-09-19 16:01:01.910555 Epoch [070/200], Step [0300/0318], LR: 0.000367, Loss: 0.1741
2026-09-19 16:01:05.984100 Epoch [070/200], Step [0318/0318], LR: 0.000367, Loss: 0.1732
Epoch: 70, Dataset: test, Dice: 0.8252, IoU: 0.7268
Epoch: 70, Dataset: val, Dice: 0.8512, IoU: 0.7580
2026-09-19 16:01:33.360222 Epoch [071/200], Step [0100/0318], LR: 0.000364, Loss: 0.1732
2026-09-19 16:01:56.881374 Epoch [071/200], Step [0200/0318], LR: 0.000364, Loss: 0.1766
2026-09-19 16:02:19.879462 Epoch [071/200], Step [0300/0318], LR: 0.000364, Loss: 0.1680
2026-09-19 16:02:23.612878 Epoch [071/200], Step [0318/0318], LR: 0.000364, Loss: 0.1699
Epoch: 71, Dataset: test, Dice: 0.8386, IoU: 0.7510
Epoch: 71, Dataset: val, Dice: 0.8302, IoU: 0.7278
2026-09-19 16:02:51.157180 Epoch [072/200], Step [0100/0318], LR: 0.000360, Loss: 0.1687
2026-09-19 16:03:14.120458 Epoch [072/200], Step [0200/0318], LR: 0.000360, Loss: 0.1707
2026-09-19 16:03:37.529454 Epoch [072/200], Step [0300/0318], LR: 0.000360, Loss: 0.1814
2026-09-19 16:03:41.643646 Epoch [072/200], Step [0318/0318], LR: 0.000360, Loss: 0.1738
Epoch: 72, Dataset: test, Dice: 0.8113, IoU: 0.7094
Epoch: 72, Dataset: val, Dice: 0.8257, IoU: 0.7210
2026-09-19 16:04:09.176657 Epoch [073/200], Step [0100/0318], LR: 0.000357, Loss: 0.1708
2026-09-19 16:04:32.958490 Epoch [073/200], Step [0200/0318], LR: 0.000357, Loss: 0.1710
2026-09-19 16:04:56.386779 Epoch [073/200], Step [0300/0318], LR: 0.000357, Loss: 0.1726
2026-09-19 16:05:00.524588 Epoch [073/200], Step [0318/0318], LR: 0.000357, Loss: 0.1755
Epoch: 73, Dataset: test, Dice: 0.5580, IoU: 0.4295
Epoch: 73, Dataset: val, Dice: 0.5946, IoU: 0.4540
2026-09-19 16:05:29.279174 Epoch [074/200], Step [0100/0318], LR: 0.000353, Loss: 0.1760
2026-09-19 16:05:53.066070 Epoch [074/200], Step [0200/0318], LR: 0.000353, Loss: 0.1707
2026-09-19 16:06:17.176854 Epoch [074/200], Step [0300/0318], LR: 0.000353, Loss: 0.1702
2026-09-19 16:06:21.329547 Epoch [074/200], Step [0318/0318], LR: 0.000353, Loss: 0.1653
Epoch: 74, Dataset: test, Dice: 0.2249, IoU: 0.1348
Epoch: 74, Dataset: val, Dice: 0.3606, IoU: 0.2429
2026-09-19 16:06:49.669976 Epoch [075/200], Step [0100/0318], LR: 0.000350, Loss: 0.1730
2026-09-19 16:07:13.844337 Epoch [075/200], Step [0200/0318], LR: 0.000350, Loss: 0.1683
2026-09-19 16:07:37.959891 Epoch [075/200], Step [0300/0318], LR: 0.000350, Loss: 0.1748
2026-09-19 16:07:42.042394 Epoch [075/200], Step [0318/0318], LR: 0.000350, Loss: 0.1696
Epoch: 75, Dataset: test, Dice: 0.7205, IoU: 0.6114
Epoch: 75, Dataset: val, Dice: 0.7683, IoU: 0.6633
2026-09-19 16:08:11.783233 Epoch [076/200], Step [0100/0318], LR: 0.000346, Loss: 0.1705
2026-09-19 16:08:35.580665 Epoch [076/200], Step [0200/0318], LR: 0.000346, Loss: 0.1648
2026-09-19 16:08:59.153884 Epoch [076/200], Step [0300/0318], LR: 0.000346, Loss: 0.1738
2026-09-19 16:09:03.301674 Epoch [076/200], Step [0318/0318], LR: 0.000346, Loss: 0.1750
Epoch: 76, Dataset: test, Dice: 0.7998, IoU: 0.6992
Epoch: 76, Dataset: val, Dice: 0.7937, IoU: 0.6864
2026-09-19 16:09:30.695911 Epoch [077/200], Step [0100/0318], LR: 0.000342, Loss: 0.1795
2026-09-19 16:09:54.980626 Epoch [077/200], Step [0200/0318], LR: 0.000342, Loss: 0.1666
2026-09-19 16:10:19.646349 Epoch [077/200], Step [0300/0318], LR: 0.000342, Loss: 0.1688
2026-09-19 16:10:23.740459 Epoch [077/200], Step [0318/0318], LR: 0.000342, Loss: 0.1655
Epoch: 77, Dataset: test, Dice: 0.8269, IoU: 0.7319
Epoch: 77, Dataset: val, Dice: 0.8426, IoU: 0.7424
2026-09-19 16:10:51.967042 Epoch [078/200], Step [0100/0318], LR: 0.000339, Loss: 0.1743
2026-09-19 16:11:16.029448 Epoch [078/200], Step [0200/0318], LR: 0.000339, Loss: 0.1641
2026-09-19 16:11:40.341282 Epoch [078/200], Step [0300/0318], LR: 0.000339, Loss: 0.1758
2026-09-19 16:11:44.772747 Epoch [078/200], Step [0318/0318], LR: 0.000339, Loss: 0.1726
Epoch: 78, Dataset: test, Dice: 0.8145, IoU: 0.7215
Epoch: 78, Dataset: val, Dice: 0.8143, IoU: 0.7162
2026-09-19 16:12:13.679703 Epoch [079/200], Step [0100/0318], LR: 0.000335, Loss: 0.1646
2026-09-19 16:12:38.736616 Epoch [079/200], Step [0200/0318], LR: 0.000335, Loss: 0.1646
2026-09-19 16:13:04.804692 Epoch [079/200], Step [0300/0318], LR: 0.000335, Loss: 0.1666
2026-09-19 16:13:09.110339 Epoch [079/200], Step [0318/0318], LR: 0.000335, Loss: 0.1712
Epoch: 79, Dataset: test, Dice: 0.7704, IoU: 0.6661
Epoch: 79, Dataset: val, Dice: 0.7884, IoU: 0.6847
2026-09-19 16:13:38.711530 Epoch [080/200], Step [0100/0318], LR: 0.000331, Loss: 0.1660
2026-09-19 16:14:03.983587 Epoch [080/200], Step [0200/0318], LR: 0.000331, Loss: 0.1661
2026-09-19 16:14:28.844772 Epoch [080/200], Step [0300/0318], LR: 0.000331, Loss: 0.1672
2026-09-19 16:14:33.212664 Epoch [080/200], Step [0318/0318], LR: 0.000331, Loss: 0.1727
Epoch: 80, Dataset: test, Dice: 0.8469, IoU: 0.7610
Epoch: 80, Dataset: val, Dice: 0.8394, IoU: 0.7401
2026-09-19 16:15:02.959418 Epoch [081/200], Step [0100/0318], LR: 0.000328, Loss: 0.1732
2026-09-19 16:15:29.711285 Epoch [081/200], Step [0200/0318], LR: 0.000328, Loss: 0.1630
2026-09-19 16:15:55.787422 Epoch [081/200], Step [0300/0318], LR: 0.000328, Loss: 0.1707
2026-09-19 16:16:00.549532 Epoch [081/200], Step [0318/0318], LR: 0.000328, Loss: 0.1673
Epoch: 81, Dataset: test, Dice: 0.8494, IoU: 0.7594
Epoch: 81, Dataset: val, Dice: 0.8392, IoU: 0.7397
2026-09-19 16:16:29.721777 Epoch [082/200], Step [0100/0318], LR: 0.000324, Loss: 0.1643
2026-09-19 16:16:54.538449 Epoch [082/200], Step [0200/0318], LR: 0.000324, Loss: 0.1662
2026-09-19 16:17:19.504490 Epoch [082/200], Step [0300/0318], LR: 0.000324, Loss: 0.1606
2026-09-19 16:17:23.928794 Epoch [082/200], Step [0318/0318], LR: 0.000324, Loss: 0.1621
Epoch: 82, Dataset: test, Dice: 0.8117, IoU: 0.7183
Epoch: 82, Dataset: val, Dice: 0.8006, IoU: 0.6896
2026-09-19 16:17:53.942734 Epoch [083/200], Step [0100/0318], LR: 0.000320, Loss: 0.1715
2026-09-19 16:18:18.478881 Epoch [083/200], Step [0200/0318], LR: 0.000320, Loss: 0.1657
2026-09-19 16:18:42.655504 Epoch [083/200], Step [0300/0318], LR: 0.000320, Loss: 0.1697
2026-09-19 16:18:46.998341 Epoch [083/200], Step [0318/0318], LR: 0.000320, Loss: 0.1692
Epoch: 83, Dataset: test, Dice: 0.8190, IoU: 0.7245
Epoch: 83, Dataset: val, Dice: 0.8241, IoU: 0.7152
2026-09-19 16:19:15.154089 Epoch [084/200], Step [0100/0318], LR: 0.000316, Loss: 0.1659
2026-09-19 16:19:40.474515 Epoch [084/200], Step [0200/0318], LR: 0.000316, Loss: 0.1662
2026-09-19 16:20:06.290132 Epoch [084/200], Step [0300/0318], LR: 0.000316, Loss: 0.1631
2026-09-19 16:20:10.798044 Epoch [084/200], Step [0318/0318], LR: 0.000316, Loss: 0.1616
Epoch: 84, Dataset: test, Dice: 0.8468, IoU: 0.7583
Epoch: 84, Dataset: val, Dice: 0.8424, IoU: 0.7427
2026-09-19 16:20:41.401140 Epoch [085/200], Step [0100/0318], LR: 0.000313, Loss: 0.1669
2026-09-19 16:21:07.370841 Epoch [085/200], Step [0200/0318], LR: 0.000313, Loss: 0.1712
2026-09-19 16:21:32.571216 Epoch [085/200], Step [0300/0318], LR: 0.000313, Loss: 0.1607
2026-09-19 16:21:36.942053 Epoch [085/200], Step [0318/0318], LR: 0.000313, Loss: 0.1675
Epoch: 85, Dataset: test, Dice: 0.8385, IoU: 0.7485
Epoch: 85, Dataset: val, Dice: 0.8481, IoU: 0.7519
2026-09-19 16:22:06.907337 Epoch [086/200], Step [0100/0318], LR: 0.000309, Loss: 0.1709
2026-09-19 16:22:32.491193 Epoch [086/200], Step [0200/0318], LR: 0.000309, Loss: 0.1560
2026-09-19 16:22:57.519081 Epoch [086/200], Step [0300/0318], LR: 0.000309, Loss: 0.1732
2026-09-19 16:23:01.739578 Epoch [086/200], Step [0318/0318], LR: 0.000309, Loss: 0.1754
Epoch: 86, Dataset: test, Dice: 0.8406, IoU: 0.7511
Epoch: 86, Dataset: val, Dice: 0.8398, IoU: 0.7446
2026-09-19 16:23:28.970553 Epoch [087/200], Step [0100/0318], LR: 0.000305, Loss: 0.1599
2026-09-19 16:23:54.667473 Epoch [087/200], Step [0200/0318], LR: 0.000305, Loss: 0.1670
2026-09-19 16:24:18.959071 Epoch [087/200], Step [0300/0318], LR: 0.000305, Loss: 0.1711
2026-09-19 16:24:22.936699 Epoch [087/200], Step [0318/0318], LR: 0.000305, Loss: 0.1736
Epoch: 87, Dataset: test, Dice: 0.8302, IoU: 0.7374
Epoch: 87, Dataset: val, Dice: 0.8511, IoU: 0.7606
2026-09-19 16:24:50.011875 Epoch [088/200], Step [0100/0318], LR: 0.000301, Loss: 0.1659
2026-09-19 16:25:13.034478 Epoch [088/200], Step [0200/0318], LR: 0.000301, Loss: 0.1564
2026-09-19 16:25:35.926379 Epoch [088/200], Step [0300/0318], LR: 0.000301, Loss: 0.1636
2026-09-19 16:25:39.843264 Epoch [088/200], Step [0318/0318], LR: 0.000301, Loss: 0.1665
Epoch: 88, Dataset: test, Dice: 0.6836, IoU: 0.5748
Epoch: 88, Dataset: val, Dice: 0.7297, IoU: 0.6204
2026-09-19 16:26:07.274699 Epoch [089/200], Step [0100/0318], LR: 0.000297, Loss: 0.1640
2026-09-19 16:26:32.062872 Epoch [089/200], Step [0200/0318], LR: 0.000297, Loss: 0.1699
2026-09-19 16:26:55.298098 Epoch [089/200], Step [0300/0318], LR: 0.000297, Loss: 0.1601
2026-09-19 16:26:59.162493 Epoch [089/200], Step [0318/0318], LR: 0.000297, Loss: 0.1597
Epoch: 89, Dataset: test, Dice: 0.1677, IoU: 0.0959
Epoch: 89, Dataset: val, Dice: 0.2534, IoU: 0.1532
2026-09-19 16:27:27.355712 Epoch [090/200], Step [0100/0318], LR: 0.000293, Loss: 0.1629
2026-09-19 16:27:51.239465 Epoch [090/200], Step [0200/0318], LR: 0.000293, Loss: 0.1617
2026-09-19 16:28:14.180851 Epoch [090/200], Step [0300/0318], LR: 0.000293, Loss: 0.1644
2026-09-19 16:28:18.177645 Epoch [090/200], Step [0318/0318], LR: 0.000293, Loss: 0.1670
Epoch: 90, Dataset: test, Dice: 0.7097, IoU: 0.6039
Epoch: 90, Dataset: val, Dice: 0.7251, IoU: 0.6145
2026-09-19 16:28:44.462868 Epoch [091/200], Step [0100/0318], LR: 0.000290, Loss: 0.1561
2026-09-19 16:29:07.027239 Epoch [091/200], Step [0200/0318], LR: 0.000290, Loss: 0.1636
2026-09-19 16:29:29.742013 Epoch [091/200], Step [0300/0318], LR: 0.000290, Loss: 0.1629
2026-09-19 16:29:33.622874 Epoch [091/200], Step [0318/0318], LR: 0.000290, Loss: 0.1602
Epoch: 91, Dataset: test, Dice: 0.6395, IoU: 0.5024
Epoch: 91, Dataset: val, Dice: 0.6069, IoU: 0.4641
2026-09-19 16:30:00.476622 Epoch [092/200], Step [0100/0318], LR: 0.000286, Loss: 0.1630
2026-09-19 16:30:23.531318 Epoch [092/200], Step [0200/0318], LR: 0.000286, Loss: 0.1771
2026-09-19 16:30:46.555825 Epoch [092/200], Step [0300/0318], LR: 0.000286, Loss: 0.1564
2026-09-19 16:30:50.489941 Epoch [092/200], Step [0318/0318], LR: 0.000286, Loss: 0.1571
Epoch: 92, Dataset: test, Dice: 0.6396, IoU: 0.5012
Epoch: 92, Dataset: val, Dice: 0.7188, IoU: 0.5849
2026-09-19 16:31:17.945601 Epoch [093/200], Step [0100/0318], LR: 0.000282, Loss: 0.1621
2026-09-19 16:31:41.893327 Epoch [093/200], Step [0200/0318], LR: 0.000282, Loss: 0.1641
2026-09-19 16:32:04.336588 Epoch [093/200], Step [0300/0318], LR: 0.000282, Loss: 0.1670
2026-09-19 16:32:08.135617 Epoch [093/200], Step [0318/0318], LR: 0.000282, Loss: 0.1626
Epoch: 93, Dataset: test, Dice: 0.8125, IoU: 0.7111
Epoch: 93, Dataset: val, Dice: 0.7720, IoU: 0.6495
2026-09-19 16:32:34.926734 Epoch [094/200], Step [0100/0318], LR: 0.000278, Loss: 0.1621
2026-09-19 16:32:58.797531 Epoch [094/200], Step [0200/0318], LR: 0.000278, Loss: 0.1578
2026-09-19 16:33:23.734687 Epoch [094/200], Step [0300/0318], LR: 0.000278, Loss: 0.1646
2026-09-19 16:33:27.861060 Epoch [094/200], Step [0318/0318], LR: 0.000278, Loss: 0.1625
Epoch: 94, Dataset: test, Dice: 0.8376, IoU: 0.7466
Epoch: 94, Dataset: val, Dice: 0.8405, IoU: 0.7406
2026-09-19 16:33:56.004592 Epoch [095/200], Step [0100/0318], LR: 0.000274, Loss: 0.1528
2026-09-19 16:34:21.125835 Epoch [095/200], Step [0200/0318], LR: 0.000274, Loss: 0.1670
2026-09-19 16:34:46.177950 Epoch [095/200], Step [0300/0318], LR: 0.000274, Loss: 0.1654
2026-09-19 16:34:50.551559 Epoch [095/200], Step [0318/0318], LR: 0.000274, Loss: 0.1645
Epoch: 95, Dataset: test, Dice: 0.8181, IoU: 0.7207
Epoch: 95, Dataset: val, Dice: 0.7994, IoU: 0.6901
2026-09-19 16:35:17.705225 Epoch [096/200], Step [0100/0318], LR: 0.000270, Loss: 0.1529
2026-09-19 16:35:40.103486 Epoch [096/200], Step [0200/0318], LR: 0.000270, Loss: 0.1648
2026-09-19 16:36:03.262086 Epoch [096/200], Step [0300/0318], LR: 0.000270, Loss: 0.1658
2026-09-19 16:36:07.237577 Epoch [096/200], Step [0318/0318], LR: 0.000270, Loss: 0.1620
Epoch: 96, Dataset: test, Dice: 0.7459, IoU: 0.6252
Epoch: 96, Dataset: val, Dice: 0.7255, IoU: 0.5948
2026-09-19 16:36:36.067602 Epoch [097/200], Step [0100/0318], LR: 0.000266, Loss: 0.1653
2026-09-19 16:36:59.848591 Epoch [097/200], Step [0200/0318], LR: 0.000266, Loss: 0.1592
2026-09-19 16:37:24.115129 Epoch [097/200], Step [0300/0318], LR: 0.000266, Loss: 0.1652
2026-09-19 16:37:27.984508 Epoch [097/200], Step [0318/0318], LR: 0.000266, Loss: 0.1540
Epoch: 97, Dataset: test, Dice: 0.7153, IoU: 0.5896
Epoch: 97, Dataset: val, Dice: 0.7181, IoU: 0.5836
2026-09-19 16:37:55.104786 Epoch [098/200], Step [0100/0318], LR: 0.000262, Loss: 0.1556
2026-09-19 16:38:18.299001 Epoch [098/200], Step [0200/0318], LR: 0.000262, Loss: 0.1551
2026-09-19 16:38:41.173076 Epoch [098/200], Step [0300/0318], LR: 0.000262, Loss: 0.1537
2026-09-19 16:38:44.921916 Epoch [098/200], Step [0318/0318], LR: 0.000262, Loss: 0.1585
Epoch: 98, Dataset: test, Dice: 0.5493, IoU: 0.4122
Epoch: 98, Dataset: val, Dice: 0.5860, IoU: 0.4455
2026-09-19 16:39:13.452297 Epoch [099/200], Step [0100/0318], LR: 0.000258, Loss: 0.1546
2026-09-19 16:39:36.947719 Epoch [099/200], Step [0200/0318], LR: 0.000258, Loss: 0.1589
2026-09-19 16:39:59.976534 Epoch [099/200], Step [0300/0318], LR: 0.000258, Loss: 0.1573
2026-09-19 16:40:03.879124 Epoch [099/200], Step [0318/0318], LR: 0.000258, Loss: 0.1622
Epoch: 99, Dataset: test, Dice: 0.8253, IoU: 0.7265
Epoch: 99, Dataset: val, Dice: 0.8414, IoU: 0.7440
2026-09-19 16:40:30.732358 Epoch [100/200], Step [0100/0318], LR: 0.000254, Loss: 0.1608
2026-09-19 16:40:53.951444 Epoch [100/200], Step [0200/0318], LR: 0.000254, Loss: 0.1623
2026-09-19 16:41:17.986095 Epoch [100/200], Step [0300/0318], LR: 0.000254, Loss: 0.1560
2026-09-19 16:41:22.452213 Epoch [100/200], Step [0318/0318], LR: 0.000254, Loss: 0.1618
Epoch: 100, Dataset: test, Dice: 0.8149, IoU: 0.7174
Epoch: 100, Dataset: val, Dice: 0.8164, IoU: 0.7070
2026-09-19 16:41:50.676393 Epoch [101/200], Step [0100/0318], LR: 0.000250, Loss: 0.1604
2026-09-19 16:42:15.400379 Epoch [101/200], Step [0200/0318], LR: 0.000250, Loss: 0.1616
2026-09-19 16:42:39.978700 Epoch [101/200], Step [0300/0318], LR: 0.000250, Loss: 0.1551
2026-09-19 16:42:44.052805 Epoch [101/200], Step [0318/0318], LR: 0.000250, Loss: 0.1527
Epoch: 101, Dataset: test, Dice: 0.5695, IoU: 0.4662
Epoch: 101, Dataset: val, Dice: 0.6303, IoU: 0.5174
2026-09-19 16:43:11.654325 Epoch [102/200], Step [0100/0318], LR: 0.000247, Loss: 0.1593
2026-09-19 16:43:35.307600 Epoch [102/200], Step [0200/0318], LR: 0.000247, Loss: 0.1528
2026-09-19 16:43:58.456009 Epoch [102/200], Step [0300/0318], LR: 0.000247, Loss: 0.1584
2026-09-19 16:44:02.697667 Epoch [102/200], Step [0318/0318], LR: 0.000247, Loss: 0.1546
Epoch: 102, Dataset: test, Dice: 0.8333, IoU: 0.7432
Epoch: 102, Dataset: val, Dice: 0.8495, IoU: 0.7545
2026-09-19 16:44:30.090229 Epoch [103/200], Step [0100/0318], LR: 0.000243, Loss: 0.1548
2026-09-19 16:44:53.337089 Epoch [103/200], Step [0200/0318], LR: 0.000243, Loss: 0.1594
2026-09-19 16:45:16.853295 Epoch [103/200], Step [0300/0318], LR: 0.000243, Loss: 0.1554
2026-09-19 16:45:20.898019 Epoch [103/200], Step [0318/0318], LR: 0.000243, Loss: 0.1483
Epoch: 103, Dataset: test, Dice: 0.7932, IoU: 0.6887
Epoch: 103, Dataset: val, Dice: 0.7842, IoU: 0.6654
2026-09-19 16:45:48.744570 Epoch [104/200], Step [0100/0318], LR: 0.000239, Loss: 0.1512
2026-09-19 16:46:12.457315 Epoch [104/200], Step [0200/0318], LR: 0.000239, Loss: 0.1658
2026-09-19 16:46:36.595004 Epoch [104/200], Step [0300/0318], LR: 0.000239, Loss: 0.1582
2026-09-19 16:46:40.678313 Epoch [104/200], Step [0318/0318], LR: 0.000239, Loss: 0.1600
Epoch: 104, Dataset: test, Dice: 0.8117, IoU: 0.7159
Epoch: 104, Dataset: val, Dice: 0.8006, IoU: 0.6864
2026-09-19 16:47:08.836351 Epoch [105/200], Step [0100/0318], LR: 0.000235, Loss: 0.1575
2026-09-19 16:47:32.632213 Epoch [105/200], Step [0200/0318], LR: 0.000235, Loss: 0.1533
2026-09-19 16:47:56.258327 Epoch [105/200], Step [0300/0318], LR: 0.000235, Loss: 0.1540
2026-09-19 16:48:00.604792 Epoch [105/200], Step [0318/0318], LR: 0.000235, Loss: 0.1570
Epoch: 105, Dataset: test, Dice: 0.6284, IoU: 0.4926
Epoch: 105, Dataset: val, Dice: 0.6335, IoU: 0.4909
2026-09-19 16:48:28.143565 Epoch [106/200], Step [0100/0318], LR: 0.000231, Loss: 0.1573
2026-09-19 16:48:51.767616 Epoch [106/200], Step [0200/0318], LR: 0.000231, Loss: 0.1573
2026-09-19 16:49:15.600667 Epoch [106/200], Step [0300/0318], LR: 0.000231, Loss: 0.1554
2026-09-19 16:49:19.767343 Epoch [106/200], Step [0318/0318], LR: 0.000231, Loss: 0.1633
Epoch: 106, Dataset: test, Dice: 0.6027, IoU: 0.4652
Epoch: 106, Dataset: val, Dice: 0.5798, IoU: 0.4396
2026-09-19 16:49:47.270927 Epoch [107/200], Step [0100/0318], LR: 0.000227, Loss: 0.1565
2026-09-19 16:50:11.656779 Epoch [107/200], Step [0200/0318], LR: 0.000227, Loss: 0.1563
2026-09-19 16:50:35.836088 Epoch [107/200], Step [0300/0318], LR: 0.000227, Loss: 0.1531
2026-09-19 16:50:39.842094 Epoch [107/200], Step [0318/0318], LR: 0.000227, Loss: 0.1528
Epoch: 107, Dataset: test, Dice: 0.7910, IoU: 0.6893
Epoch: 107, Dataset: val, Dice: 0.7860, IoU: 0.6789
2026-09-19 16:51:07.493892 Epoch [108/200], Step [0100/0318], LR: 0.000223, Loss: 0.1511
2026-09-19 16:51:32.477615 Epoch [108/200], Step [0200/0318], LR: 0.000223, Loss: 0.1582
2026-09-19 16:51:56.185371 Epoch [108/200], Step [0300/0318], LR: 0.000223, Loss: 0.1484
2026-09-19 16:52:00.093744 Epoch [108/200], Step [0318/0318], LR: 0.000223, Loss: 0.1513
Epoch: 108, Dataset: test, Dice: 0.8417, IoU: 0.7517
Epoch: 108, Dataset: val, Dice: 0.8310, IoU: 0.7273
2026-09-19 16:52:28.171162 Epoch [109/200], Step [0100/0318], LR: 0.000219, Loss: 0.1605
2026-09-19 16:52:52.073169 Epoch [109/200], Step [0200/0318], LR: 0.000219, Loss: 0.1533
2026-09-19 16:53:16.049159 Epoch [109/200], Step [0300/0318], LR: 0.000219, Loss: 0.1521
2026-09-19 16:53:20.130470 Epoch [109/200], Step [0318/0318], LR: 0.000219, Loss: 0.1512
Epoch: 109, Dataset: test, Dice: 0.8396, IoU: 0.7516
Epoch: 109, Dataset: val, Dice: 0.8342, IoU: 0.7313
2026-09-19 16:53:47.836096 Epoch [110/200], Step [0100/0318], LR: 0.000215, Loss: 0.1548
2026-09-19 16:54:10.923513 Epoch [110/200], Step [0200/0318], LR: 0.000215, Loss: 0.1461
2026-09-19 16:54:34.033070 Epoch [110/200], Step [0300/0318], LR: 0.000215, Loss: 0.1602
2026-09-19 16:54:38.000450 Epoch [110/200], Step [0318/0318], LR: 0.000215, Loss: 0.1527
Epoch: 110, Dataset: test, Dice: 0.8271, IoU: 0.7311
Epoch: 110, Dataset: val, Dice: 0.8421, IoU: 0.7439
2026-09-19 16:55:04.898524 Epoch [111/200], Step [0100/0318], LR: 0.000211, Loss: 0.1563
2026-09-19 16:55:28.097329 Epoch [111/200], Step [0200/0318], LR: 0.000211, Loss: 0.1466
2026-09-19 16:55:51.697359 Epoch [111/200], Step [0300/0318], LR: 0.000211, Loss: 0.1536
2026-09-19 16:55:55.923691 Epoch [111/200], Step [0318/0318], LR: 0.000211, Loss: 0.1601
Epoch: 111, Dataset: test, Dice: 0.8318, IoU: 0.7433
Epoch: 111, Dataset: val, Dice: 0.8396, IoU: 0.7391
2026-09-19 16:56:23.971170 Epoch [112/200], Step [0100/0318], LR: 0.000208, Loss: 0.1563
2026-09-19 16:56:48.012142 Epoch [112/200], Step [0200/0318], LR: 0.000208, Loss: 0.1533
2026-09-19 16:57:11.655643 Epoch [112/200], Step [0300/0318], LR: 0.000208, Loss: 0.1525
2026-09-19 16:57:15.607393 Epoch [112/200], Step [0318/0318], LR: 0.000208, Loss: 0.1549
Epoch: 112, Dataset: test, Dice: 0.6963, IoU: 0.5692
Epoch: 112, Dataset: val, Dice: 0.6883, IoU: 0.5525
2026-09-19 16:57:43.539889 Epoch [113/200], Step [0100/0318], LR: 0.000204, Loss: 0.1536
2026-09-19 16:58:07.199015 Epoch [113/200], Step [0200/0318], LR: 0.000204, Loss: 0.1539
2026-09-19 16:58:30.638108 Epoch [113/200], Step [0300/0318], LR: 0.000204, Loss: 0.1586
2026-09-19 16:58:34.618560 Epoch [113/200], Step [0318/0318], LR: 0.000204, Loss: 0.1576
Epoch: 113, Dataset: test, Dice: 0.7534, IoU: 0.6426
Epoch: 113, Dataset: val, Dice: 0.7879, IoU: 0.6821
2026-09-19 16:59:01.732598 Epoch [114/200], Step [0100/0318], LR: 0.000200, Loss: 0.1496
2026-09-19 16:59:25.419551 Epoch [114/200], Step [0200/0318], LR: 0.000200, Loss: 0.1532
2026-09-19 16:59:48.293476 Epoch [114/200], Step [0300/0318], LR: 0.000200, Loss: 0.1481
2026-09-19 16:59:52.174075 Epoch [114/200], Step [0318/0318], LR: 0.000200, Loss: 0.1522
Epoch: 114, Dataset: test, Dice: 0.6421, IoU: 0.5383
Epoch: 114, Dataset: val, Dice: 0.7462, IoU: 0.6435
2026-09-19 17:00:19.425730 Epoch [115/200], Step [0100/0318], LR: 0.000196, Loss: 0.1497
2026-09-19 17:00:42.965623 Epoch [115/200], Step [0200/0318], LR: 0.000196, Loss: 0.1509
2026-09-19 17:01:06.421983 Epoch [115/200], Step [0300/0318], LR: 0.000196, Loss: 0.1509
2026-09-19 17:01:10.963414 Epoch [115/200], Step [0318/0318], LR: 0.000196, Loss: 0.1497
Epoch: 115, Dataset: test, Dice: 0.8301, IoU: 0.7306
Epoch: 115, Dataset: val, Dice: 0.8467, IoU: 0.7489
2026-09-19 17:01:38.591660 Epoch [116/200], Step [0100/0318], LR: 0.000192, Loss: 0.1470
2026-09-19 17:02:02.443111 Epoch [116/200], Step [0200/0318], LR: 0.000192, Loss: 0.1551
2026-09-19 17:02:26.557278 Epoch [116/200], Step [0300/0318], LR: 0.000192, Loss: 0.1522
2026-09-19 17:02:30.682706 Epoch [116/200], Step [0318/0318], LR: 0.000192, Loss: 0.1567
Epoch: 116, Dataset: test, Dice: 0.6934, IoU: 0.5800
Epoch: 116, Dataset: val, Dice: 0.7514, IoU: 0.6457
2026-09-19 17:02:58.100650 Epoch [117/200], Step [0100/0318], LR: 0.000188, Loss: 0.1463
2026-09-19 17:03:22.213483 Epoch [117/200], Step [0200/0318], LR: 0.000188, Loss: 0.1575
2026-09-19 17:03:46.216561 Epoch [117/200], Step [0300/0318], LR: 0.000188, Loss: 0.1509
2026-09-19 17:03:50.176605 Epoch [117/200], Step [0318/0318], LR: 0.000188, Loss: 0.1513
Epoch: 117, Dataset: test, Dice: 0.7204, IoU: 0.6084
Epoch: 117, Dataset: val, Dice: 0.7573, IoU: 0.6471
2026-09-19 17:04:18.249278 Epoch [118/200], Step [0100/0318], LR: 0.000185, Loss: 0.1490
2026-09-19 17:04:43.864722 Epoch [118/200], Step [0200/0318], LR: 0.000185, Loss: 0.1542
2026-09-19 17:05:07.555857 Epoch [118/200], Step [0300/0318], LR: 0.000185, Loss: 0.1584
2026-09-19 17:05:11.861141 Epoch [118/200], Step [0318/0318], LR: 0.000185, Loss: 0.1594
Epoch: 118, Dataset: test, Dice: 0.5803, IoU: 0.4395
Epoch: 118, Dataset: val, Dice: 0.6122, IoU: 0.4684
2026-09-19 17:05:40.097307 Epoch [119/200], Step [0100/0318], LR: 0.000181, Loss: 0.1489
2026-09-19 17:06:04.304391 Epoch [119/200], Step [0200/0318], LR: 0.000181, Loss: 0.1507
2026-09-19 17:06:27.801634 Epoch [119/200], Step [0300/0318], LR: 0.000181, Loss: 0.1508
2026-09-19 17:06:32.009827 Epoch [119/200], Step [0318/0318], LR: 0.000181, Loss: 0.1503
Epoch: 119, Dataset: test, Dice: 0.8384, IoU: 0.7463
Epoch: 119, Dataset: val, Dice: 0.8424, IoU: 0.7424
2026-09-19 17:06:59.773789 Epoch [120/200], Step [0100/0318], LR: 0.000177, Loss: 0.1518
2026-09-19 17:07:24.189689 Epoch [120/200], Step [0200/0318], LR: 0.000177, Loss: 0.1479
2026-09-19 17:07:48.217790 Epoch [120/200], Step [0300/0318], LR: 0.000177, Loss: 0.1511
2026-09-19 17:07:52.534987 Epoch [120/200], Step [0318/0318], LR: 0.000177, Loss: 0.1490
Epoch: 120, Dataset: test, Dice: 0.8218, IoU: 0.7270
Epoch: 120, Dataset: val, Dice: 0.8095, IoU: 0.7049
2026-09-19 17:08:20.030950 Epoch [121/200], Step [0100/0318], LR: 0.000173, Loss: 0.1543
2026-09-19 17:08:43.371337 Epoch [121/200], Step [0200/0318], LR: 0.000173, Loss: 0.1458
2026-09-19 17:09:06.885199 Epoch [121/200], Step [0300/0318], LR: 0.000173, Loss: 0.1486
2026-09-19 17:09:11.068021 Epoch [121/200], Step [0318/0318], LR: 0.000173, Loss: 0.1525
Epoch: 121, Dataset: test, Dice: 0.8110, IoU: 0.7133
Epoch: 121, Dataset: val, Dice: 0.8181, IoU: 0.7168
2026-09-19 17:09:38.741231 Epoch [122/200], Step [0100/0318], LR: 0.000170, Loss: 0.1456
2026-09-19 17:10:02.211611 Epoch [122/200], Step [0200/0318], LR: 0.000170, Loss: 0.1497
2026-09-19 17:10:25.791319 Epoch [122/200], Step [0300/0318], LR: 0.000170, Loss: 0.1583
2026-09-19 17:10:29.833860 Epoch [122/200], Step [0318/0318], LR: 0.000170, Loss: 0.1519
Epoch: 122, Dataset: test, Dice: 0.8392, IoU: 0.7482
Epoch: 122, Dataset: val, Dice: 0.8531, IoU: 0.7610
2026-09-19 17:10:57.320080 Epoch [123/200], Step [0100/0318], LR: 0.000166, Loss: 0.1539
2026-09-19 17:11:20.851242 Epoch [123/200], Step [0200/0318], LR: 0.000166, Loss: 0.1482
2026-09-19 17:11:44.922191 Epoch [123/200], Step [0300/0318], LR: 0.000166, Loss: 0.1453
2026-09-19 17:11:48.990523 Epoch [123/200], Step [0318/0318], LR: 0.000166, Loss: 0.1467
Epoch: 123, Dataset: test, Dice: 0.8298, IoU: 0.7357
Epoch: 123, Dataset: val, Dice: 0.8430, IoU: 0.7455
2026-09-19 17:12:16.716389 Epoch [124/200], Step [0100/0318], LR: 0.000162, Loss: 0.1500
2026-09-19 17:12:40.632527 Epoch [124/200], Step [0200/0318], LR: 0.000162, Loss: 0.1527
2026-09-19 17:13:04.160196 Epoch [124/200], Step [0300/0318], LR: 0.000162, Loss: 0.1492
2026-09-19 17:13:07.986816 Epoch [124/200], Step [0318/0318], LR: 0.000162, Loss: 0.1498
Epoch: 124, Dataset: test, Dice: 0.8490, IoU: 0.7616
Epoch: 124, Dataset: val, Dice: 0.8434, IoU: 0.7439
2026-09-19 17:13:36.856758 Epoch [125/200], Step [0100/0318], LR: 0.000159, Loss: 0.1485
2026-09-19 17:14:00.411560 Epoch [125/200], Step [0200/0318], LR: 0.000159, Loss: 0.1504
2026-09-19 17:14:24.657361 Epoch [125/200], Step [0300/0318], LR: 0.000159, Loss: 0.1506
2026-09-19 17:14:28.484744 Epoch [125/200], Step [0318/0318], LR: 0.000159, Loss: 0.1507
Epoch: 125, Dataset: test, Dice: 0.8396, IoU: 0.7461
Epoch: 125, Dataset: val, Dice: 0.8481, IoU: 0.7504
2026-09-19 17:14:56.046399 Epoch [126/200], Step [0100/0318], LR: 0.000155, Loss: 0.1516
2026-09-19 17:15:19.992768 Epoch [126/200], Step [0200/0318], LR: 0.000155, Loss: 0.1441
2026-09-19 17:15:43.844566 Epoch [126/200], Step [0300/0318], LR: 0.000155, Loss: 0.1482
2026-09-19 17:15:47.910101 Epoch [126/200], Step [0318/0318], LR: 0.000155, Loss: 0.1515
Epoch: 126, Dataset: test, Dice: 0.8441, IoU: 0.7538
Epoch: 126, Dataset: val, Dice: 0.8255, IoU: 0.7208
2026-09-19 17:16:16.276110 Epoch [127/200], Step [0100/0318], LR: 0.000151, Loss: 0.1522
2026-09-19 17:16:41.234097 Epoch [127/200], Step [0200/0318], LR: 0.000151, Loss: 0.1450
2026-09-19 17:17:05.211916 Epoch [127/200], Step [0300/0318], LR: 0.000151, Loss: 0.1523
2026-09-19 17:17:09.233446 Epoch [127/200], Step [0318/0318], LR: 0.000151, Loss: 0.1475
Epoch: 127, Dataset: test, Dice: 0.8343, IoU: 0.7429
Epoch: 127, Dataset: val, Dice: 0.8017, IoU: 0.6935
2026-09-19 17:17:36.918190 Epoch [128/200], Step [0100/0318], LR: 0.000148, Loss: 0.1480
2026-09-19 17:18:00.190937 Epoch [128/200], Step [0200/0318], LR: 0.000148, Loss: 0.1512
2026-09-19 17:18:23.873195 Epoch [128/200], Step [0300/0318], LR: 0.000148, Loss: 0.1464
2026-09-19 17:18:27.927063 Epoch [128/200], Step [0318/0318], LR: 0.000148, Loss: 0.1435
Epoch: 128, Dataset: test, Dice: 0.8174, IoU: 0.7197
Epoch: 128, Dataset: val, Dice: 0.7968, IoU: 0.6883
2026-09-19 17:18:55.394094 Epoch [129/200], Step [0100/0318], LR: 0.000144, Loss: 0.1422
2026-09-19 17:19:18.565217 Epoch [129/200], Step [0200/0318], LR: 0.000144, Loss: 0.1487
2026-09-19 17:19:41.626351 Epoch [129/200], Step [0300/0318], LR: 0.000144, Loss: 0.1502
2026-09-19 17:19:45.608913 Epoch [129/200], Step [0318/0318], LR: 0.000144, Loss: 0.1535
Epoch: 129, Dataset: test, Dice: 0.7826, IoU: 0.6795
Epoch: 129, Dataset: val, Dice: 0.7765, IoU: 0.6676
2026-09-19 17:20:13.173099 Epoch [130/200], Step [0100/0318], LR: 0.000141, Loss: 0.1431
2026-09-19 17:20:36.491376 Epoch [130/200], Step [0200/0318], LR: 0.000141, Loss: 0.1452
2026-09-19 17:20:59.955932 Epoch [130/200], Step [0300/0318], LR: 0.000141, Loss: 0.1502
2026-09-19 17:21:03.902412 Epoch [130/200], Step [0318/0318], LR: 0.000141, Loss: 0.1477
Epoch: 130, Dataset: test, Dice: 0.7788, IoU: 0.6727
Epoch: 130, Dataset: val, Dice: 0.7729, IoU: 0.6591
2026-09-19 17:21:31.193274 Epoch [131/200], Step [0100/0318], LR: 0.000137, Loss: 0.1543
2026-09-19 17:21:54.632328 Epoch [131/200], Step [0200/0318], LR: 0.000137, Loss: 0.1485
2026-09-19 17:22:17.825325 Epoch [131/200], Step [0300/0318], LR: 0.000137, Loss: 0.1430
2026-09-19 17:22:21.876111 Epoch [131/200], Step [0318/0318], LR: 0.000137, Loss: 0.1514
Epoch: 131, Dataset: test, Dice: 0.8259, IoU: 0.7329
Epoch: 131, Dataset: val, Dice: 0.8129, IoU: 0.7028
2026-09-19 17:22:49.266126 Epoch [132/200], Step [0100/0318], LR: 0.000134, Loss: 0.1481
2026-09-19 17:23:12.611534 Epoch [132/200], Step [0200/0318], LR: 0.000134, Loss: 0.1518
2026-09-19 17:23:35.615938 Epoch [132/200], Step [0300/0318], LR: 0.000134, Loss: 0.1411
2026-09-19 17:23:39.656338 Epoch [132/200], Step [0318/0318], LR: 0.000134, Loss: 0.1433
Epoch: 132, Dataset: test, Dice: 0.8453, IoU: 0.7544
Epoch: 132, Dataset: val, Dice: 0.8482, IoU: 0.7527
2026-09-19 17:24:07.412309 Epoch [133/200], Step [0100/0318], LR: 0.000130, Loss: 0.1467
2026-09-19 17:24:31.720483 Epoch [133/200], Step [0200/0318], LR: 0.000130, Loss: 0.1436
2026-09-19 17:24:56.143341 Epoch [133/200], Step [0300/0318], LR: 0.000130, Loss: 0.1500
2026-09-19 17:25:00.254233 Epoch [133/200], Step [0318/0318], LR: 0.000130, Loss: 0.1475
Epoch: 133, Dataset: test, Dice: 0.8323, IoU: 0.7362
Epoch: 133, Dataset: val, Dice: 0.8483, IoU: 0.7523
2026-09-19 17:25:27.916321 Epoch [134/200], Step [0100/0318], LR: 0.000127, Loss: 0.1488
2026-09-19 17:25:51.890794 Epoch [134/200], Step [0200/0318], LR: 0.000127, Loss: 0.1435
2026-09-19 17:26:15.751738 Epoch [134/200], Step [0300/0318], LR: 0.000127, Loss: 0.1519
2026-09-19 17:26:19.765758 Epoch [134/200], Step [0318/0318], LR: 0.000127, Loss: 0.1546
Epoch: 134, Dataset: test, Dice: 0.4326, IoU: 0.3187
Epoch: 134, Dataset: val, Dice: 0.5607, IoU: 0.4394
2026-09-19 17:26:47.914596 Epoch [135/200], Step [0100/0318], LR: 0.000123, Loss: 0.1489
2026-09-19 17:27:11.778430 Epoch [135/200], Step [0200/0318], LR: 0.000123, Loss: 0.1423
2026-09-19 17:27:36.335800 Epoch [135/200], Step [0300/0318], LR: 0.000123, Loss: 0.1440
2026-09-19 17:27:40.406598 Epoch [135/200], Step [0318/0318], LR: 0.000123, Loss: 0.1408
Epoch: 135, Dataset: test, Dice: 0.8478, IoU: 0.7581
Epoch: 135, Dataset: val, Dice: 0.8534, IoU: 0.7576
2026-09-19 17:28:09.816988 Epoch [136/200], Step [0100/0318], LR: 0.000120, Loss: 0.1490
2026-09-19 17:28:34.302105 Epoch [136/200], Step [0200/0318], LR: 0.000120, Loss: 0.1450
2026-09-19 17:28:57.549311 Epoch [136/200], Step [0300/0318], LR: 0.000120, Loss: 0.1480
2026-09-19 17:29:01.541839 Epoch [136/200], Step [0318/0318], LR: 0.000120, Loss: 0.1484
Epoch: 136, Dataset: test, Dice: 0.5807, IoU: 0.4413
Epoch: 136, Dataset: val, Dice: 0.5534, IoU: 0.4125
2026-09-19 17:29:29.588334 Epoch [137/200], Step [0100/0318], LR: 0.000117, Loss: 0.1457
2026-09-19 17:29:53.830457 Epoch [137/200], Step [0200/0318], LR: 0.000117, Loss: 0.1459
2026-09-19 17:30:17.509351 Epoch [137/200], Step [0300/0318], LR: 0.000117, Loss: 0.1465
2026-09-19 17:30:21.582502 Epoch [137/200], Step [0318/0318], LR: 0.000117, Loss: 0.1446
Epoch: 137, Dataset: test, Dice: 0.8381, IoU: 0.7439
Epoch: 137, Dataset: val, Dice: 0.8413, IoU: 0.7427
2026-09-19 17:30:50.010335 Epoch [138/200], Step [0100/0318], LR: 0.000114, Loss: 0.1433
2026-09-19 17:31:13.861788 Epoch [138/200], Step [0200/0318], LR: 0.000114, Loss: 0.1403
2026-09-19 17:31:37.582417 Epoch [138/200], Step [0300/0318], LR: 0.000114, Loss: 0.1410
2026-09-19 17:31:41.679676 Epoch [138/200], Step [0318/0318], LR: 0.000114, Loss: 0.1410
Epoch: 138, Dataset: test, Dice: 0.8311, IoU: 0.7357
Epoch: 138, Dataset: val, Dice: 0.8481, IoU: 0.7543
2026-09-19 17:32:08.867072 Epoch [139/200], Step [0100/0318], LR: 0.000110, Loss: 0.1525
2026-09-19 17:32:32.889528 Epoch [139/200], Step [0200/0318], LR: 0.000110, Loss: 0.1470
2026-09-19 17:32:56.684271 Epoch [139/200], Step [0300/0318], LR: 0.000110, Loss: 0.1427
2026-09-19 17:33:00.578290 Epoch [139/200], Step [0318/0318], LR: 0.000110, Loss: 0.1423
Epoch: 139, Dataset: test, Dice: 0.8363, IoU: 0.7451
Epoch: 139, Dataset: val, Dice: 0.8508, IoU: 0.7552
2026-09-19 17:33:28.097579 Epoch [140/200], Step [0100/0318], LR: 0.000107, Loss: 0.1432
2026-09-19 17:33:52.068561 Epoch [140/200], Step [0200/0318], LR: 0.000107, Loss: 0.1439
2026-09-19 17:34:15.535157 Epoch [140/200], Step [0300/0318], LR: 0.000107, Loss: 0.1446
2026-09-19 17:34:19.647368 Epoch [140/200], Step [0318/0318], LR: 0.000107, Loss: 0.1479
Epoch: 140, Dataset: test, Dice: 0.8253, IoU: 0.7345
Epoch: 140, Dataset: val, Dice: 0.8149, IoU: 0.7143
2026-09-19 17:34:47.682838 Epoch [141/200], Step [0100/0318], LR: 0.000104, Loss: 0.1404
2026-09-19 17:35:11.788225 Epoch [141/200], Step [0200/0318], LR: 0.000104, Loss: 0.1431
2026-09-19 17:35:35.758492 Epoch [141/200], Step [0300/0318], LR: 0.000104, Loss: 0.1458
2026-09-19 17:35:39.799413 Epoch [141/200], Step [0318/0318], LR: 0.000104, Loss: 0.1442
Epoch: 141, Dataset: test, Dice: 0.8509, IoU: 0.7636
Epoch: 141, Dataset: val, Dice: 0.8476, IoU: 0.7506
2026-09-19 17:36:07.600824 Epoch [142/200], Step [0100/0318], LR: 0.000101, Loss: 0.1415
2026-09-19 17:36:31.164614 Epoch [142/200], Step [0200/0318], LR: 0.000101, Loss: 0.1436
2026-09-19 17:36:54.304632 Epoch [142/200], Step [0300/0318], LR: 0.000101, Loss: 0.1453
2026-09-19 17:36:58.312660 Epoch [142/200], Step [0318/0318], LR: 0.000101, Loss: 0.1397
Epoch: 142, Dataset: test, Dice: 0.8100, IoU: 0.7105
Epoch: 142, Dataset: val, Dice: 0.7887, IoU: 0.6799
2026-09-19 17:37:25.848576 Epoch [143/200], Step [0100/0318], LR: 0.000098, Loss: 0.1469
2026-09-19 17:37:49.689217 Epoch [143/200], Step [0200/0318], LR: 0.000098, Loss: 0.1434
2026-09-19 17:38:12.976680 Epoch [143/200], Step [0300/0318], LR: 0.000098, Loss: 0.1445
2026-09-19 17:38:17.079691 Epoch [143/200], Step [0318/0318], LR: 0.000098, Loss: 0.1399
Epoch: 143, Dataset: test, Dice: 0.8360, IoU: 0.7417
Epoch: 143, Dataset: val, Dice: 0.8436, IoU: 0.7448
2026-09-19 17:38:45.570800 Epoch [144/200], Step [0100/0318], LR: 0.000095, Loss: 0.1417
2026-09-19 17:39:10.311168 Epoch [144/200], Step [0200/0318], LR: 0.000095, Loss: 0.1483
2026-09-19 17:39:34.318724 Epoch [144/200], Step [0300/0318], LR: 0.000095, Loss: 0.1374
2026-09-19 17:39:38.408900 Epoch [144/200], Step [0318/0318], LR: 0.000095, Loss: 0.1430
Epoch: 144, Dataset: test, Dice: 0.8438, IoU: 0.7551
Epoch: 144, Dataset: val, Dice: 0.8424, IoU: 0.7436
2026-09-19 17:40:05.628424 Epoch [145/200], Step [0100/0318], LR: 0.000091, Loss: 0.1483
2026-09-19 17:40:28.985131 Epoch [145/200], Step [0200/0318], LR: 0.000091, Loss: 0.1438
2026-09-19 17:40:51.888973 Epoch [145/200], Step [0300/0318], LR: 0.000091, Loss: 0.1388
2026-09-19 17:40:56.003202 Epoch [145/200], Step [0318/0318], LR: 0.000091, Loss: 0.1352
Epoch: 145, Dataset: test, Dice: 0.8295, IoU: 0.7335
Epoch: 145, Dataset: val, Dice: 0.8439, IoU: 0.7458
2026-09-19 17:41:23.883866 Epoch [146/200], Step [0100/0318], LR: 0.000088, Loss: 0.1436
2026-09-19 17:41:47.730882 Epoch [146/200], Step [0200/0318], LR: 0.000088, Loss: 0.1452
2026-09-19 17:42:11.059524 Epoch [146/200], Step [0300/0318], LR: 0.000088, Loss: 0.1450
2026-09-19 17:42:14.990091 Epoch [146/200], Step [0318/0318], LR: 0.000088, Loss: 0.1452
Epoch: 146, Dataset: test, Dice: 0.8231, IoU: 0.7312
Epoch: 146, Dataset: val, Dice: 0.8404, IoU: 0.7396
2026-09-19 17:42:42.907773 Epoch [147/200], Step [0100/0318], LR: 0.000086, Loss: 0.1379
2026-09-19 17:43:06.581857 Epoch [147/200], Step [0200/0318], LR: 0.000086, Loss: 0.1394
2026-09-19 17:43:30.661666 Epoch [147/200], Step [0300/0318], LR: 0.000086, Loss: 0.1420
2026-09-19 17:43:34.772522 Epoch [147/200], Step [0318/0318], LR: 0.000086, Loss: 0.1447
Epoch: 147, Dataset: test, Dice: 0.8211, IoU: 0.7264
Epoch: 147, Dataset: val, Dice: 0.8011, IoU: 0.6980
2026-09-19 17:44:02.776929 Epoch [148/200], Step [0100/0318], LR: 0.000083, Loss: 0.1455
2026-09-19 17:44:26.469770 Epoch [148/200], Step [0200/0318], LR: 0.000083, Loss: 0.1437
2026-09-19 17:44:50.002493 Epoch [148/200], Step [0300/0318], LR: 0.000083, Loss: 0.1462
2026-09-19 17:44:54.099828 Epoch [148/200], Step [0318/0318], LR: 0.000083, Loss: 0.1494
Epoch: 148, Dataset: test, Dice: 0.7891, IoU: 0.6851
Epoch: 148, Dataset: val, Dice: 0.7695, IoU: 0.6575
2026-09-19 17:45:22.204271 Epoch [149/200], Step [0100/0318], LR: 0.000080, Loss: 0.1390
2026-09-19 17:45:45.400066 Epoch [149/200], Step [0200/0318], LR: 0.000080, Loss: 0.1440
2026-09-19 17:46:09.328166 Epoch [149/200], Step [0300/0318], LR: 0.000080, Loss: 0.1418
2026-09-19 17:46:13.685470 Epoch [149/200], Step [0318/0318], LR: 0.000080, Loss: 0.1538
Epoch: 149, Dataset: test, Dice: 0.8443, IoU: 0.7534
Epoch: 149, Dataset: val, Dice: 0.8439, IoU: 0.7459
2026-09-19 17:46:41.606268 Epoch [150/200], Step [0100/0318], LR: 0.000077, Loss: 0.1445
2026-09-19 17:47:06.040361 Epoch [150/200], Step [0200/0318], LR: 0.000077, Loss: 0.1434
2026-09-19 17:47:29.629810 Epoch [150/200], Step [0300/0318], LR: 0.000077, Loss: 0.1377
2026-09-19 17:47:33.667875 Epoch [150/200], Step [0318/0318], LR: 0.000077, Loss: 0.1393
Epoch: 150, Dataset: test, Dice: 0.8046, IoU: 0.7042
Epoch: 150, Dataset: val, Dice: 0.7848, IoU: 0.6763
2026-09-19 17:48:01.651178 Epoch [151/200], Step [0100/0318], LR: 0.000074, Loss: 0.1400
2026-09-19 17:48:26.151397 Epoch [151/200], Step [0200/0318], LR: 0.000074, Loss: 0.1436
2026-09-19 17:48:50.277270 Epoch [151/200], Step [0300/0318], LR: 0.000074, Loss: 0.1410
2026-09-19 17:48:54.539394 Epoch [151/200], Step [0318/0318], LR: 0.000074, Loss: 0.1402
Epoch: 151, Dataset: test, Dice: 0.8517, IoU: 0.7648
Epoch: 151, Dataset: val, Dice: 0.8487, IoU: 0.7523
2026-09-19 17:49:22.928993 Epoch [152/200], Step [0100/0318], LR: 0.000071, Loss: 0.1442
2026-09-19 17:49:46.503908 Epoch [152/200], Step [0200/0318], LR: 0.000071, Loss: 0.1413
2026-09-19 17:50:10.290550 Epoch [152/200], Step [0300/0318], LR: 0.000071, Loss: 0.1462
2026-09-19 17:50:14.157105 Epoch [152/200], Step [0318/0318], LR: 0.000071, Loss: 0.1430
Epoch: 152, Dataset: test, Dice: 0.8149, IoU: 0.7179
Epoch: 152, Dataset: val, Dice: 0.8022, IoU: 0.6972
2026-09-19 17:50:41.638610 Epoch [153/200], Step [0100/0318], LR: 0.000069, Loss: 0.1410
2026-09-19 17:51:05.256726 Epoch [153/200], Step [0200/0318], LR: 0.000069, Loss: 0.1420
2026-09-19 17:51:28.848947 Epoch [153/200], Step [0300/0318], LR: 0.000069, Loss: 0.1416
2026-09-19 17:51:32.888660 Epoch [153/200], Step [0318/0318], LR: 0.000069, Loss: 0.1463
Epoch: 153, Dataset: test, Dice: 0.8491, IoU: 0.7613
Epoch: 153, Dataset: val, Dice: 0.8491, IoU: 0.7529
2026-09-19 17:52:01.024251 Epoch [154/200], Step [0100/0318], LR: 0.000066, Loss: 0.1430
2026-09-19 17:52:24.922033 Epoch [154/200], Step [0200/0318], LR: 0.000066, Loss: 0.1425
2026-09-19 17:52:48.942541 Epoch [154/200], Step [0300/0318], LR: 0.000066, Loss: 0.1429
2026-09-19 17:52:53.039391 Epoch [154/200], Step [0318/0318], LR: 0.000066, Loss: 0.1414
Epoch: 154, Dataset: test, Dice: 0.8366, IoU: 0.7455
Epoch: 154, Dataset: val, Dice: 0.8076, IoU: 0.7006
2026-09-19 17:53:20.426662 Epoch [155/200], Step [0100/0318], LR: 0.000063, Loss: 0.1382
2026-09-19 17:53:44.270080 Epoch [155/200], Step [0200/0318], LR: 0.000063, Loss: 0.1428
2026-09-19 17:54:08.299945 Epoch [155/200], Step [0300/0318], LR: 0.000063, Loss: 0.1416
2026-09-19 17:54:12.904392 Epoch [155/200], Step [0318/0318], LR: 0.000063, Loss: 0.1396
Epoch: 155, Dataset: test, Dice: 0.8299, IoU: 0.7368
Epoch: 155, Dataset: val, Dice: 0.8025, IoU: 0.6962
2026-09-19 17:54:40.483843 Epoch [156/200], Step [0100/0318], LR: 0.000061, Loss: 0.1393
2026-09-19 17:55:04.047783 Epoch [156/200], Step [0200/0318], LR: 0.000061, Loss: 0.1435
2026-09-19 17:55:27.727103 Epoch [156/200], Step [0300/0318], LR: 0.000061, Loss: 0.1446
2026-09-19 17:55:31.738403 Epoch [156/200], Step [0318/0318], LR: 0.000061, Loss: 0.1381
Epoch: 156, Dataset: test, Dice: 0.8473, IoU: 0.7585
Epoch: 156, Dataset: val, Dice: 0.8520, IoU: 0.7569
2026-09-19 17:55:59.198369 Epoch [157/200], Step [0100/0318], LR: 0.000058, Loss: 0.1402
2026-09-19 17:56:22.888502 Epoch [157/200], Step [0200/0318], LR: 0.000058, Loss: 0.1407
2026-09-19 17:56:45.982934 Epoch [157/200], Step [0300/0318], LR: 0.000058, Loss: 0.1426
2026-09-19 17:56:50.134795 Epoch [157/200], Step [0318/0318], LR: 0.000058, Loss: 0.1406
Epoch: 157, Dataset: test, Dice: 0.7805, IoU: 0.6739
Epoch: 157, Dataset: val, Dice: 0.7782, IoU: 0.6679
2026-09-19 17:57:17.720982 Epoch [158/200], Step [0100/0318], LR: 0.000056, Loss: 0.1396
2026-09-19 17:57:41.004724 Epoch [158/200], Step [0200/0318], LR: 0.000056, Loss: 0.1401
2026-09-19 17:58:03.976109 Epoch [158/200], Step [0300/0318], LR: 0.000056, Loss: 0.1392
2026-09-19 17:58:07.991686 Epoch [158/200], Step [0318/0318], LR: 0.000056, Loss: 0.1436
Epoch: 158, Dataset: test, Dice: 0.8428, IoU: 0.7531
Epoch: 158, Dataset: val, Dice: 0.8430, IoU: 0.7434
2026-09-19 17:58:36.054219 Epoch [159/200], Step [0100/0318], LR: 0.000053, Loss: 0.1398
2026-09-19 17:59:00.512043 Epoch [159/200], Step [0200/0318], LR: 0.000053, Loss: 0.1420
2026-09-19 17:59:24.933022 Epoch [159/200], Step [0300/0318], LR: 0.000053, Loss: 0.1410
2026-09-19 17:59:29.079080 Epoch [159/200], Step [0318/0318], LR: 0.000053, Loss: 0.1378
Epoch: 159, Dataset: test, Dice: 0.8252, IoU: 0.7289
Epoch: 159, Dataset: val, Dice: 0.8044, IoU: 0.7012
2026-09-19 17:59:56.272921 Epoch [160/200], Step [0100/0318], LR: 0.000051, Loss: 0.1433
2026-09-19 18:00:20.396662 Epoch [160/200], Step [0200/0318], LR: 0.000051, Loss: 0.1431
2026-09-19 18:00:43.688868 Epoch [160/200], Step [0300/0318], LR: 0.000051, Loss: 0.1403
2026-09-19 18:00:48.430541 Epoch [160/200], Step [0318/0318], LR: 0.000051, Loss: 0.1393
Epoch: 160, Dataset: test, Dice: 0.8481, IoU: 0.7600
Epoch: 160, Dataset: val, Dice: 0.8477, IoU: 0.7513
2026-09-19 18:01:16.070944 Epoch [161/200], Step [0100/0318], LR: 0.000049, Loss: 0.1436
2026-09-19 18:01:38.768595 Epoch [161/200], Step [0200/0318], LR: 0.000049, Loss: 0.1426
2026-09-19 18:02:01.790190 Epoch [161/200], Step [0300/0318], LR: 0.000049, Loss: 0.1396
2026-09-19 18:02:05.715067 Epoch [161/200], Step [0318/0318], LR: 0.000049, Loss: 0.1419
Epoch: 161, Dataset: test, Dice: 0.8225, IoU: 0.7289
Epoch: 161, Dataset: val, Dice: 0.8132, IoU: 0.7115
2026-09-19 18:02:32.724134 Epoch [162/200], Step [0100/0318], LR: 0.000046, Loss: 0.1375
2026-09-19 18:02:58.700015 Epoch [162/200], Step [0200/0318], LR: 0.000046, Loss: 0.1410
2026-09-19 18:03:23.331528 Epoch [162/200], Step [0300/0318], LR: 0.000046, Loss: 0.1411
2026-09-19 18:03:27.893847 Epoch [162/200], Step [0318/0318], LR: 0.000046, Loss: 0.1376
Epoch: 162, Dataset: test, Dice: 0.8128, IoU: 0.7156
Epoch: 162, Dataset: val, Dice: 0.7884, IoU: 0.6804
2026-09-19 18:03:55.107367 Epoch [163/200], Step [0100/0318], LR: 0.000044, Loss: 0.1374
2026-09-19 18:04:18.035408 Epoch [163/200], Step [0200/0318], LR: 0.000044, Loss: 0.1368
2026-09-19 18:04:41.097488 Epoch [163/200], Step [0300/0318], LR: 0.000044, Loss: 0.1426
2026-09-19 18:04:45.903965 Epoch [163/200], Step [0318/0318], LR: 0.000044, Loss: 0.1400
Epoch: 163, Dataset: test, Dice: 0.8050, IoU: 0.7047
Epoch: 163, Dataset: val, Dice: 0.7823, IoU: 0.6717
2026-09-19 18:05:13.115062 Epoch [164/200], Step [0100/0318], LR: 0.000042, Loss: 0.1406
2026-09-19 18:05:36.277499 Epoch [164/200], Step [0200/0318], LR: 0.000042, Loss: 0.1378
2026-09-19 18:05:59.703739 Epoch [164/200], Step [0300/0318], LR: 0.000042, Loss: 0.1371
2026-09-19 18:06:03.723808 Epoch [164/200], Step [0318/0318], LR: 0.000042, Loss: 0.1377
Epoch: 164, Dataset: test, Dice: 0.8386, IoU: 0.7456
Epoch: 164, Dataset: val, Dice: 0.8444, IoU: 0.7457
2026-09-19 18:06:31.807558 Epoch [165/200], Step [0100/0318], LR: 0.000040, Loss: 0.1379
2026-09-19 18:06:57.544232 Epoch [165/200], Step [0200/0318], LR: 0.000040, Loss: 0.1415
2026-09-19 18:07:22.186478 Epoch [165/200], Step [0300/0318], LR: 0.000040, Loss: 0.1464
2026-09-19 18:07:26.590836 Epoch [165/200], Step [0318/0318], LR: 0.000040, Loss: 0.1450
Epoch: 165, Dataset: test, Dice: 0.8390, IoU: 0.7462
Epoch: 165, Dataset: val, Dice: 0.8414, IoU: 0.7423
2026-09-19 18:07:53.537828 Epoch [166/200], Step [0100/0318], LR: 0.000038, Loss: 0.1361
2026-09-19 18:08:19.325106 Epoch [166/200], Step [0200/0318], LR: 0.000038, Loss: 0.1438
2026-09-19 18:08:42.811756 Epoch [166/200], Step [0300/0318], LR: 0.000038, Loss: 0.1392
2026-09-19 18:08:46.798476 Epoch [166/200], Step [0318/0318], LR: 0.000038, Loss: 0.1411
Epoch: 166, Dataset: test, Dice: 0.8035, IoU: 0.7036
Epoch: 166, Dataset: val, Dice: 0.7813, IoU: 0.6702
2026-09-19 18:09:13.708945 Epoch [167/200], Step [0100/0318], LR: 0.000036, Loss: 0.1363
2026-09-19 18:09:36.446705 Epoch [167/200], Step [0200/0318], LR: 0.000036, Loss: 0.1390
2026-09-19 18:09:59.562684 Epoch [167/200], Step [0300/0318], LR: 0.000036, Loss: 0.1407
2026-09-19 18:10:03.605918 Epoch [167/200], Step [0318/0318], LR: 0.000036, Loss: 0.1494
Epoch: 167, Dataset: test, Dice: 0.7821, IoU: 0.6751
Epoch: 167, Dataset: val, Dice: 0.7719, IoU: 0.6614
2026-09-19 18:10:30.783870 Epoch [168/200], Step [0100/0318], LR: 0.000034, Loss: 0.1383
2026-09-19 18:10:54.027566 Epoch [168/200], Step [0200/0318], LR: 0.000034, Loss: 0.1424
2026-09-19 18:11:17.479748 Epoch [168/200], Step [0300/0318], LR: 0.000034, Loss: 0.1372
2026-09-19 18:11:21.405033 Epoch [168/200], Step [0318/0318], LR: 0.000034, Loss: 0.1389
Epoch: 168, Dataset: test, Dice: 0.7368, IoU: 0.6260
Epoch: 168, Dataset: val, Dice: 0.7613, IoU: 0.6504
2026-09-19 18:11:51.118493 Epoch [169/200], Step [0100/0318], LR: 0.000032, Loss: 0.1387
2026-09-19 18:12:16.786999 Epoch [169/200], Step [0200/0318], LR: 0.000032, Loss: 0.1428
2026-09-19 18:12:42.907424 Epoch [169/200], Step [0300/0318], LR: 0.000032, Loss: 0.1383
2026-09-19 18:12:46.913339 Epoch [169/200], Step [0318/0318], LR: 0.000032, Loss: 0.1436
Epoch: 169, Dataset: test, Dice: 0.8394, IoU: 0.7504
Epoch: 169, Dataset: val, Dice: 0.8426, IoU: 0.7437
2026-09-19 18:13:14.021524 Epoch [170/200], Step [0100/0318], LR: 0.000030, Loss: 0.1427
2026-09-19 18:13:38.138882 Epoch [170/200], Step [0200/0318], LR: 0.000030, Loss: 0.1411
2026-09-19 18:14:03.426509 Epoch [170/200], Step [0300/0318], LR: 0.000030, Loss: 0.1448
2026-09-19 18:14:08.023978 Epoch [170/200], Step [0318/0318], LR: 0.000030, Loss: 0.1461
Epoch: 170, Dataset: test, Dice: 0.8391, IoU: 0.7507
Epoch: 170, Dataset: val, Dice: 0.8315, IoU: 0.7282
2026-09-19 18:14:35.379089 Epoch [171/200], Step [0100/0318], LR: 0.000028, Loss: 0.1396
2026-09-19 18:15:00.689032 Epoch [171/200], Step [0200/0318], LR: 0.000028, Loss: 0.1412
2026-09-19 18:15:24.951898 Epoch [171/200], Step [0300/0318], LR: 0.000028, Loss: 0.1396
2026-09-19 18:15:29.049038 Epoch [171/200], Step [0318/0318], LR: 0.000028, Loss: 0.1391
Epoch: 171, Dataset: test, Dice: 0.8118, IoU: 0.7152
Epoch: 171, Dataset: val, Dice: 0.7974, IoU: 0.6893
2026-09-19 18:15:57.118295 Epoch [172/200], Step [0100/0318], LR: 0.000026, Loss: 0.1430
2026-09-19 18:16:21.406648 Epoch [172/200], Step [0200/0318], LR: 0.000026, Loss: 0.1408
2026-09-19 18:16:44.626521 Epoch [172/200], Step [0300/0318], LR: 0.000026, Loss: 0.1427
2026-09-19 18:16:48.684802 Epoch [172/200], Step [0318/0318], LR: 0.000026, Loss: 0.1393
Epoch: 172, Dataset: test, Dice: 0.8422, IoU: 0.7520
Epoch: 172, Dataset: val, Dice: 0.8416, IoU: 0.7418
2026-09-19 18:17:16.877191 Epoch [173/200], Step [0100/0318], LR: 0.000025, Loss: 0.1418
2026-09-19 18:17:41.274735 Epoch [173/200], Step [0200/0318], LR: 0.000025, Loss: 0.1397
2026-09-19 18:18:04.945086 Epoch [173/200], Step [0300/0318], LR: 0.000025, Loss: 0.1375
2026-09-19 18:18:08.897479 Epoch [173/200], Step [0318/0318], LR: 0.000025, Loss: 0.1377
Epoch: 173, Dataset: test, Dice: 0.8121, IoU: 0.7180
Epoch: 173, Dataset: val, Dice: 0.8002, IoU: 0.6974
2026-09-19 18:18:36.577894 Epoch [174/200], Step [0100/0318], LR: 0.000023, Loss: 0.1368
2026-09-19 18:19:00.006783 Epoch [174/200], Step [0200/0318], LR: 0.000023, Loss: 0.1421
2026-09-19 18:19:23.797642 Epoch [174/200], Step [0300/0318], LR: 0.000023, Loss: 0.1390
2026-09-19 18:19:27.711267 Epoch [174/200], Step [0318/0318], LR: 0.000023, Loss: 0.1434
Epoch: 174, Dataset: test, Dice: 0.8374, IoU: 0.7480
Epoch: 174, Dataset: val, Dice: 0.8149, IoU: 0.7114
2026-09-19 18:19:55.528211 Epoch [175/200], Step [0100/0318], LR: 0.000022, Loss: 0.1397
2026-09-19 18:20:18.524286 Epoch [175/200], Step [0200/0318], LR: 0.000022, Loss: 0.1458
2026-09-19 18:20:41.600660 Epoch [175/200], Step [0300/0318], LR: 0.000022, Loss: 0.1361
2026-09-19 18:20:45.628714 Epoch [175/200], Step [0318/0318], LR: 0.000022, Loss: 0.1369
Epoch: 175, Dataset: test, Dice: 0.8292, IoU: 0.7376
Epoch: 175, Dataset: val, Dice: 0.8106, IoU: 0.7067
2026-09-19 18:21:13.089098 Epoch [176/200], Step [0100/0318], LR: 0.000020, Loss: 0.1447
2026-09-19 18:21:36.623640 Epoch [176/200], Step [0200/0318], LR: 0.000020, Loss: 0.1315
2026-09-19 18:22:00.148844 Epoch [176/200], Step [0300/0318], LR: 0.000020, Loss: 0.1402
2026-09-19 18:22:04.109638 Epoch [176/200], Step [0318/0318], LR: 0.000020, Loss: 0.1403
Epoch: 176, Dataset: test, Dice: 0.8534, IoU: 0.7674
Epoch: 176, Dataset: val, Dice: 0.8379, IoU: 0.7362
2026-09-19 18:22:32.303737 Epoch [177/200], Step [0100/0318], LR: 0.000019, Loss: 0.1372
2026-09-19 18:22:57.689215 Epoch [177/200], Step [0200/0318], LR: 0.000019, Loss: 0.1366
2026-09-19 18:23:22.075021 Epoch [177/200], Step [0300/0318], LR: 0.000019, Loss: 0.1383
2026-09-19 18:23:26.735623 Epoch [177/200], Step [0318/0318], LR: 0.000019, Loss: 0.1414
Epoch: 177, Dataset: test, Dice: 0.8458, IoU: 0.7560
Epoch: 177, Dataset: val, Dice: 0.8262, IoU: 0.7231
2026-09-19 18:23:55.059666 Epoch [178/200], Step [0100/0318], LR: 0.000017, Loss: 0.1377
2026-09-19 18:24:18.495855 Epoch [178/200], Step [0200/0318], LR: 0.000017, Loss: 0.1448
2026-09-19 18:24:41.021059 Epoch [178/200], Step [0300/0318], LR: 0.000017, Loss: 0.1421
2026-09-19 18:24:44.955822 Epoch [178/200], Step [0318/0318], LR: 0.000017, Loss: 0.1398
Epoch: 178, Dataset: test, Dice: 0.8446, IoU: 0.7538
Epoch: 178, Dataset: val, Dice: 0.8440, IoU: 0.7453
2026-09-19 18:25:13.691723 Epoch [179/200], Step [0100/0318], LR: 0.000016, Loss: 0.1384
2026-09-19 18:25:39.272582 Epoch [179/200], Step [0200/0318], LR: 0.000016, Loss: 0.1420
2026-09-19 18:26:03.650871 Epoch [179/200], Step [0300/0318], LR: 0.000016, Loss: 0.1390
2026-09-19 18:26:07.815525 Epoch [179/200], Step [0318/0318], LR: 0.000016, Loss: 0.1416
Epoch: 179, Dataset: test, Dice: 0.8449, IoU: 0.7544
Epoch: 179, Dataset: val, Dice: 0.8448, IoU: 0.7461
2026-09-19 18:26:39.161384 Epoch [180/200], Step [0100/0318], LR: 0.000014, Loss: 0.1371
2026-09-19 18:27:02.904798 Epoch [180/200], Step [0200/0318], LR: 0.000014, Loss: 0.1407
2026-09-19 18:27:26.653031 Epoch [180/200], Step [0300/0318], LR: 0.000014, Loss: 0.1348
2026-09-19 18:27:30.565239 Epoch [180/200], Step [0318/0318], LR: 0.000014, Loss: 0.1374
Epoch: 180, Dataset: test, Dice: 0.8494, IoU: 0.7583
Epoch: 180, Dataset: val, Dice: 0.8489, IoU: 0.7523
2026-09-19 18:27:59.414880 Epoch [181/200], Step [0100/0318], LR: 0.000013, Loss: 0.1364
2026-09-19 18:28:23.496576 Epoch [181/200], Step [0200/0318], LR: 0.000013, Loss: 0.1346
2026-09-19 18:28:50.023166 Epoch [181/200], Step [0300/0318], LR: 0.000013, Loss: 0.1341
2026-09-19 18:28:54.725038 Epoch [181/200], Step [0318/0318], LR: 0.000013, Loss: 0.1360
Epoch: 181, Dataset: test, Dice: 0.8465, IoU: 0.7584
Epoch: 181, Dataset: val, Dice: 0.8450, IoU: 0.7468
2026-09-19 18:29:21.584040 Epoch [182/200], Step [0100/0318], LR: 0.000012, Loss: 0.1397
2026-09-19 18:29:44.394396 Epoch [182/200], Step [0200/0318], LR: 0.000012, Loss: 0.1380
2026-09-19 18:30:07.842451 Epoch [182/200], Step [0300/0318], LR: 0.000012, Loss: 0.1421
2026-09-19 18:30:11.825331 Epoch [182/200], Step [0318/0318], LR: 0.000012, Loss: 0.1436
Epoch: 182, Dataset: test, Dice: 0.8497, IoU: 0.7620
Epoch: 182, Dataset: val, Dice: 0.8478, IoU: 0.7520
2026-09-19 18:30:39.023403 Epoch [183/200], Step [0100/0318], LR: 0.000011, Loss: 0.1368
2026-09-19 18:31:02.471095 Epoch [183/200], Step [0200/0318], LR: 0.000011, Loss: 0.1432
2026-09-19 18:31:26.347907 Epoch [183/200], Step [0300/0318], LR: 0.000011, Loss: 0.1427
2026-09-19 18:31:30.261636 Epoch [183/200], Step [0318/0318], LR: 0.000011, Loss: 0.1440
Epoch: 183, Dataset: test, Dice: 0.8443, IoU: 0.7536
Epoch: 183, Dataset: val, Dice: 0.8464, IoU: 0.7480
2026-09-19 18:31:58.875961 Epoch [184/200], Step [0100/0318], LR: 0.000010, Loss: 0.1451
2026-09-19 18:32:22.584570 Epoch [184/200], Step [0200/0318], LR: 0.000010, Loss: 0.1349
2026-09-19 18:32:47.116931 Epoch [184/200], Step [0300/0318], LR: 0.000010, Loss: 0.1343
2026-09-19 18:32:51.135837 Epoch [184/200], Step [0318/0318], LR: 0.000010, Loss: 0.1394
Epoch: 184, Dataset: test, Dice: 0.8362, IoU: 0.7462
Epoch: 184, Dataset: val, Dice: 0.8153, IoU: 0.7110
2026-09-19 18:33:18.890818 Epoch [185/200], Step [0100/0318], LR: 0.000009, Loss: 0.1374
2026-09-19 18:33:41.596913 Epoch [185/200], Step [0200/0318], LR: 0.000009, Loss: 0.1413
2026-09-19 18:34:04.587045 Epoch [185/200], Step [0300/0318], LR: 0.000009, Loss: 0.1404
2026-09-19 18:34:08.589862 Epoch [185/200], Step [0318/0318], LR: 0.000009, Loss: 0.1373
Epoch: 185, Dataset: test, Dice: 0.8335, IoU: 0.7402
Epoch: 185, Dataset: val, Dice: 0.8464, IoU: 0.7494
2026-09-19 18:34:36.500574 Epoch [186/200], Step [0100/0318], LR: 0.000008, Loss: 0.1354
2026-09-19 18:35:00.577987 Epoch [186/200], Step [0200/0318], LR: 0.000008, Loss: 0.1474
2026-09-19 18:35:24.469451 Epoch [186/200], Step [0300/0318], LR: 0.000008, Loss: 0.1371
2026-09-19 18:35:28.384878 Epoch [186/200], Step [0318/0318], LR: 0.000008, Loss: 0.1412
Epoch: 186, Dataset: test, Dice: 0.8431, IoU: 0.7552
Epoch: 186, Dataset: val, Dice: 0.8410, IoU: 0.7408
2026-09-19 18:35:56.901917 Epoch [187/200], Step [0100/0318], LR: 0.000007, Loss: 0.1364
2026-09-19 18:36:21.992431 Epoch [187/200], Step [0200/0318], LR: 0.000007, Loss: 0.1359
2026-09-19 18:36:46.990036 Epoch [187/200], Step [0300/0318], LR: 0.000007, Loss: 0.1386
2026-09-19 18:36:51.653016 Epoch [187/200], Step [0318/0318], LR: 0.000007, Loss: 0.1394
Epoch: 187, Dataset: test, Dice: 0.8210, IoU: 0.7283
Epoch: 187, Dataset: val, Dice: 0.8019, IoU: 0.6963
2026-09-19 18:37:19.376390 Epoch [188/200], Step [0100/0318], LR: 0.000006, Loss: 0.1400
2026-09-19 18:37:43.788130 Epoch [188/200], Step [0200/0318], LR: 0.000006, Loss: 0.1344
2026-09-19 18:38:07.407058 Epoch [188/200], Step [0300/0318], LR: 0.000006, Loss: 0.1374
2026-09-19 18:38:11.247642 Epoch [188/200], Step [0318/0318], LR: 0.000006, Loss: 0.1355
Epoch: 188, Dataset: test, Dice: 0.8321, IoU: 0.7416
Epoch: 188, Dataset: val, Dice: 0.8052, IoU: 0.6986
2026-09-19 18:38:38.419464 Epoch [189/200], Step [0100/0318], LR: 0.000005, Loss: 0.1344
2026-09-19 18:39:02.164663 Epoch [189/200], Step [0200/0318], LR: 0.000005, Loss: 0.1366
2026-09-19 18:39:25.766385 Epoch [189/200], Step [0300/0318], LR: 0.000005, Loss: 0.1371
2026-09-19 18:39:29.674819 Epoch [189/200], Step [0318/0318], LR: 0.000005, Loss: 0.1380
Epoch: 189, Dataset: test, Dice: 0.8471, IoU: 0.7579
Epoch: 189, Dataset: val, Dice: 0.8502, IoU: 0.7531
2026-09-19 18:39:57.286427 Epoch [190/200], Step [0100/0318], LR: 0.000005, Loss: 0.1422
2026-09-19 18:40:21.315442 Epoch [190/200], Step [0200/0318], LR: 0.000005, Loss: 0.1381
2026-09-19 18:40:45.719091 Epoch [190/200], Step [0300/0318], LR: 0.000005, Loss: 0.1374
2026-09-19 18:40:49.873671 Epoch [190/200], Step [0318/0318], LR: 0.000005, Loss: 0.1412
Epoch: 190, Dataset: test, Dice: 0.8482, IoU: 0.7581
Epoch: 190, Dataset: val, Dice: 0.8413, IoU: 0.7424
2026-09-19 18:41:18.085000 Epoch [191/200], Step [0100/0318], LR: 0.000004, Loss: 0.1362
2026-09-19 18:41:44.027424 Epoch [191/200], Step [0200/0318], LR: 0.000004, Loss: 0.1438
2026-09-19 18:42:08.436724 Epoch [191/200], Step [0300/0318], LR: 0.000004, Loss: 0.1356
2026-09-19 18:42:12.659405 Epoch [191/200], Step [0318/0318], LR: 0.000004, Loss: 0.1430
Epoch: 191, Dataset: test, Dice: 0.7777, IoU: 0.6728
Epoch: 191, Dataset: val, Dice: 0.7628, IoU: 0.6537
2026-09-19 18:42:40.818516 Epoch [192/200], Step [0100/0318], LR: 0.000003, Loss: 0.1371
2026-09-19 18:43:04.276870 Epoch [192/200], Step [0200/0318], LR: 0.000003, Loss: 0.1407
2026-09-19 18:43:28.142065 Epoch [192/200], Step [0300/0318], LR: 0.000003, Loss: 0.1439
2026-09-19 18:43:32.179794 Epoch [192/200], Step [0318/0318], LR: 0.000003, Loss: 0.1460
Epoch: 192, Dataset: test, Dice: 0.8442, IoU: 0.7536
Epoch: 192, Dataset: val, Dice: 0.8491, IoU: 0.7532
2026-09-19 18:43:59.823729 Epoch [193/200], Step [0100/0318], LR: 0.000003, Loss: 0.1409
2026-09-19 18:44:23.220271 Epoch [193/200], Step [0200/0318], LR: 0.000003, Loss: 0.1383
2026-09-19 18:44:46.675066 Epoch [193/200], Step [0300/0318], LR: 0.000003, Loss: 0.1405
2026-09-19 18:44:50.661891 Epoch [193/200], Step [0318/0318], LR: 0.000003, Loss: 0.1369
Epoch: 193, Dataset: test, Dice: 0.8493, IoU: 0.7604
Epoch: 193, Dataset: val, Dice: 0.8434, IoU: 0.7440
2026-09-19 18:45:18.012404 Epoch [194/200], Step [0100/0318], LR: 0.000003, Loss: 0.1395
2026-09-19 18:45:41.598551 Epoch [194/200], Step [0200/0318], LR: 0.000003, Loss: 0.1413
2026-09-19 18:46:05.307174 Epoch [194/200], Step [0300/0318], LR: 0.000003, Loss: 0.1395
2026-09-19 18:46:09.614600 Epoch [194/200], Step [0318/0318], LR: 0.000003, Loss: 0.1392
Epoch: 194, Dataset: test, Dice: 0.8488, IoU: 0.7612
Epoch: 194, Dataset: val, Dice: 0.8493, IoU: 0.7531
2026-09-19 18:46:39.120000 Epoch [195/200], Step [0100/0318], LR: 0.000002, Loss: 0.1375
2026-09-19 18:47:04.384629 Epoch [195/200], Step [0200/0318], LR: 0.000002, Loss: 0.1375
2026-09-19 18:47:29.557419 Epoch [195/200], Step [0300/0318], LR: 0.000002, Loss: 0.1353
2026-09-19 18:47:33.804500 Epoch [195/200], Step [0318/0318], LR: 0.000002, Loss: 0.1343
Epoch: 195, Dataset: test, Dice: 0.8476, IoU: 0.7594
Epoch: 195, Dataset: val, Dice: 0.8472, IoU: 0.7506
2026-09-19 18:48:02.666712 Epoch [196/200], Step [0100/0318], LR: 0.000002, Loss: 0.1330
2026-09-19 18:48:27.710090 Epoch [196/200], Step [0200/0318], LR: 0.000002, Loss: 0.1371
2026-09-19 18:48:52.620949 Epoch [196/200], Step [0300/0318], LR: 0.000002, Loss: 0.1446
2026-09-19 18:48:56.980841 Epoch [196/200], Step [0318/0318], LR: 0.000002, Loss: 0.1456
Epoch: 196, Dataset: test, Dice: 0.7891, IoU: 0.6857
Epoch: 196, Dataset: val, Dice: 0.7822, IoU: 0.6735
2026-09-19 18:49:25.610721 Epoch [197/200], Step [0100/0318], LR: 0.000001, Loss: 0.1440
2026-09-19 18:49:50.372758 Epoch [197/200], Step [0200/0318], LR: 0.000001, Loss: 0.1380
2026-09-19 18:50:14.906343 Epoch [197/200], Step [0300/0318], LR: 0.000001, Loss: 0.1426
2026-09-19 18:50:19.228342 Epoch [197/200], Step [0318/0318], LR: 0.000001, Loss: 0.1406
Epoch: 197, Dataset: test, Dice: 0.7816, IoU: 0.6775
Epoch: 197, Dataset: val, Dice: 0.7712, IoU: 0.6605
2026-09-19 18:50:48.619585 Epoch [198/200], Step [0100/0318], LR: 0.000001, Loss: 0.1396
2026-09-19 18:51:13.834911 Epoch [198/200], Step [0200/0318], LR: 0.000001, Loss: 0.1422
2026-09-19 18:51:39.804152 Epoch [198/200], Step [0300/0318], LR: 0.000001, Loss: 0.1417
2026-09-19 18:51:44.410097 Epoch [198/200], Step [0318/0318], LR: 0.000001, Loss: 0.1415
Epoch: 198, Dataset: test, Dice: 0.8472, IoU: 0.7572
Epoch: 198, Dataset: val, Dice: 0.8498, IoU: 0.7537
2026-09-19 18:52:14.160510 Epoch [199/200], Step [0100/0318], LR: 0.000001, Loss: 0.1428
2026-09-19 18:52:40.127610 Epoch [199/200], Step [0200/0318], LR: 0.000001, Loss: 0.1407
2026-09-19 18:53:05.734049 Epoch [199/200], Step [0300/0318], LR: 0.000001, Loss: 0.1377
2026-09-19 18:53:10.217658 Epoch [199/200], Step [0318/0318], LR: 0.000001, Loss: 0.1339
Epoch: 199, Dataset: test, Dice: 0.8377, IoU: 0.7477
Epoch: 199, Dataset: val, Dice: 0.8143, IoU: 0.7074
2026-09-19 18:53:39.333229 Epoch [200/200], Step [0100/0318], LR: 0.000001, Loss: 0.1394
2026-09-19 18:54:04.524086 Epoch [200/200], Step [0200/0318], LR: 0.000001, Loss: 0.1331
2026-09-19 18:54:30.080299 Epoch [200/200], Step [0300/0318], LR: 0.000001, Loss: 0.1365
2026-09-19 18:54:34.459256 Epoch [200/200], Step [0318/0318], LR: 0.000001, Loss: 0.1366
Epoch: 200, Dataset: test, Dice: 0.8197, IoU: 0.7255
Epoch: 200, Dataset: val, Dice: 0.8049, IoU: 0.6983

========================================
FINAL RESULTS: BraTS2020_MK_UNet_bs8_lr0.0005_e200_augTrue_run5_t142333
Best Val Dice: 0.8597
Test Dice at Best Val: 0.8318
Total Train Time: 15583.72s
========================================
